date,Otherdeed
2017-07-14,0
2017-07-15,0
2017-07-16,0
2017-07-17,131
2017-07-18,173
2017-07-19,273
2017-07-20,236
2017-07-21,486
2017-07-22,136
2017-07-23,31
2017-07-24,178
2017-07-25,193
2017-07-26,257
2017-07-27,320
2017-07-28,254
2017-07-29,154
2017-07-30,146
2017-07-31,70
2017-08-01,0
2017-08-02,0
2017-08-03,0
2017-08-04,35
2017-08-05,171
2017-08-06,236
2017-08-07,117
2017-08-08,141
2017-08-09,13
2017-08-10,225
2017-08-11,88
2017-08-12,184
2017-08-13,152
2017-08-14,180
2017-08-15,135
2017-08-16,85
2017-08-17,92
2017-08-18,26
2017-08-19,110
2017-08-20,235
2017-08-21,107
2017-08-22,78
2017-08-23,93
2017-08-24,141
2017-08-25,122
2017-08-26,267
2017-08-27,167
2017-08-28,79
2017-08-29,95
2017-08-30,104
2017-08-31,76
2017-09-01,300
2017-09-02,170
2017-09-03,147
2017-09-04,113
2017-09-05,224
2017-09-06,35
2017-09-07,129
2017-09-08,195
2017-09-09,84
2017-09-10,119
2017-09-11,201
2017-09-12,121
2017-09-13,255
2017-09-14,60
2017-09-15,222
2017-09-16,157
2017-09-17,357
2017-09-18,380
2017-09-19,283
2017-09-20,113
2017-09-21,184
2017-09-22,93
2017-09-23,175
2017-09-24,180
2017-09-25,186
2017-09-26,92
2017-09-27,37
2017-09-28,476
2017-09-29,268
2017-09-30,254
2017-10-01,169
2017-10-02,96
2017-10-03,117
2017-10-04,92
2017-10-05,185
2017-10-06,245
2017-10-07,207
2017-10-08,162
2017-10-09,45
2017-10-10,278
2017-10-11,201
2017-10-12,221
2017-10-13,260
2017-10-14,392
2017-10-15,152
2017-10-16,120
2017-10-17,153
2017-10-18,68
2017-10-19,257
2017-10-20,325
2017-10-21,103
2017-10-22,293
2017-10-23,154
2017-10-24,48
2017-10-25,192
2017-10-26,162
2017-10-27,245
2017-10-28,148
2017-10-29,145
2017-10-30,185
2017-10-31,63
2017-11-01,303
2017-11-02,355
2017-11-03,25
2017-11-04,34
2017-11-05,187
2017-11-06,272
2017-11-07,88
2017-11-08,103
2017-11-09,263
2017-11-10,60
2017-11-11,217
2017-11-12,215
2017-11-13,189
2017-11-14,103
2017-11-15,45
2017-11-16,152
2017-11-17,165
2017-11-18,106
2017-11-19,93
2017-11-20,153
2017-11-21,334
2017-11-22,225
2017-11-23,128
2017-11-24,202
2017-11-25,72
2017-11-26,194
2017-11-27,63
2017-11-28,108
2017-11-29,203
2017-11-30,277
2017-12-01,130
2017-12-02,281
2017-12-03,376
2017-12-04,340
2017-12-05,157
2017-12-06,133
2017-12-07,186
2017-12-08,0
2018-01-19,283
2018-01-20,87
2018-01-21,220
2018-01-22,79
2018-01-23,0
2018-01-24,0
2018-01-25,0
2018-01-26,0
2018-01-27,0
2018-01-28,0
2018-01-29,100
2018-01-30,95
2018-01-31,171
2018-02-01,341
2018-02-02,346
2018-02-03,411
2018-02-04,138
2018-02-05,192
2018-02-06,0
2018-02-07,0
2018-02-08,0
2018-02-09,0
2018-02-10,0
2018-02-11,0
2018-02-12,24
2018-02-13,265
2018-02-14,290
2018-02-15,238
2018-02-16,162
2018-02-17,128
2018-02-18,140
2018-02-19,184
2018-02-20,129
2018-02-21,106
2018-02-22,257
2018-02-23,75
2018-02-24,192
2018-02-25,402
2018-02-26,137
2018-02-27,197
2018-02-28,392
2018-03-01,290
2018-03-02,73
2018-03-03,110
2018-03-04,203
2018-03-05,70
2018-03-06,200
2018-03-07,50
2018-03-08,191
2018-03-09,285
2018-03-10,0
2018-03-11,81
2018-03-12,208
2018-03-13,21
2018-03-14,269
2018-03-15,71
2018-03-16,261
2018-03-17,46
2018-03-18,22
2018-03-19,145
2018-03-20,117
2018-03-21,185
2018-03-22,134
2018-03-23,185
2018-03-24,219
2018-03-25,338
2018-03-26,145
2018-03-27,185
2018-03-28,124
2018-03-29,265
2018-03-30,55
2018-03-31,151
2018-04-01,264
2018-04-02,205
2018-04-03,85
2018-04-04,97
2018-04-05,130
2018-04-06,81
2018-04-07,74
2018-04-08,114
2018-04-09,129
2018-04-10,36
2018-04-11,93
2018-04-12,164
2018-04-13,94
2018-04-14,399
2018-04-15,154
2018-04-16,143
2018-04-17,64
2018-04-18,370
2018-04-19,152
2018-04-20,192
2018-04-21,233
2018-04-22,125
2018-04-23,87
2018-04-24,173
2018-04-25,121
2018-04-26,168
2018-04-27,209
2018-04-28,211
2018-04-29,233
2018-04-30,125
2018-05-01,93
2018-05-02,71
2018-05-03,50
2018-05-04,170
2018-05-05,130
2018-05-06,112
2018-05-07,146
2018-05-08,223
2018-05-09,356
2018-05-10,295
2018-05-11,288
2018-05-12,183
2018-05-13,258
2018-05-14,0
2018-05-15,0
2018-05-16,0
2018-05-17,0
2018-05-18,0
2018-05-19,0
2018-05-20,0
2018-05-21,121
2018-05-22,161
2018-05-23,191
2018-05-24,251
2018-05-25,24
2018-05-26,0
2018-05-27,413
2018-05-28,152
2018-05-29,172
2018-05-30,155
2018-05-31,140
2018-06-01,101
2018-06-02,207
2018-06-03,28
2018-06-04,50
2018-06-05,108
2018-06-06,337
2018-06-07,170
2018-06-08,157
2018-06-09,161
2018-06-10,152
2018-06-11,147
2018-06-12,142
2018-06-13,247
2018-06-14,206
2018-06-15,187
2018-06-16,241
2018-06-17,73
2018-06-18,272
2018-06-19,166
2018-06-20,198
2018-06-21,470
2018-06-22,284
2018-06-23,66
2018-06-24,266
2018-06-25,107
2018-06-26,199
2018-06-27,182
2018-06-28,141
2018-06-29,203
2018-06-30,92
2018-07-01,163
2018-07-02,199
2018-07-03,105
2018-07-04,262
2018-07-05,84
2018-07-06,196
2018-07-07,56
2018-07-08,125
2018-07-09,121
2018-07-10,269
2018-07-11,115
2018-07-12,270
2018-07-13,153
2018-07-14,256
2018-07-15,83
2018-07-16,25
2018-07-17,96
2018-07-18,142
2018-07-19,100
2018-07-20,123
2018-07-21,185
2018-07-22,134
2018-07-23,164
2018-07-24,108
2018-07-25,106
2018-07-26,172
2018-07-27,340
2018-07-28,65
2018-07-29,158
2018-07-30,263
2018-07-31,139
2018-08-01,263
2018-08-02,195
2018-08-03,235
2018-08-04,98
2018-08-05,221
2018-08-06,144
2018-08-07,161
2018-08-08,184
2018-08-09,153
2018-08-10,277
2018-08-11,160
2018-08-12,359
2018-08-13,113
2018-08-14,235
2018-08-15,91
2018-08-16,94
2018-08-17,107
2018-08-18,323
2018-08-19,480
2018-08-20,43
2018-08-21,85
2018-08-22,122
2018-08-23,186
2018-08-24,240
2018-08-25,142
2018-08-26,219
2018-08-27,186
2018-08-28,193
2018-08-29,126
2018-08-30,105
2018-08-31,303
2018-09-01,375
2018-09-02,208
2018-09-03,165
2018-09-04,224
2018-09-05,165
2018-09-06,83
2018-09-07,289
2018-09-08,200
2018-09-09,113
2018-09-10,337
2018-09-11,120
2018-09-12,257
2018-09-13,122
2018-09-14,469
2018-09-15,161
2018-09-16,237
2018-09-17,114
2018-09-18,126
2018-09-19,167
2018-09-20,71
2018-09-21,236
2018-09-22,343
2018-09-23,136
2018-09-24,160
2018-09-25,302
2018-09-26,199
2018-09-27,155
2018-09-28,178
2018-09-29,202
2018-09-30,243
2018-10-01,161
2018-10-02,203
2018-10-03,113
2018-10-04,72
2018-10-05,218
2018-10-06,268
2018-10-07,299
2018-10-08,76
2018-10-09,230
2018-10-10,373
2018-10-11,89
2018-10-12,0
2018-10-13,0
2018-10-14,0
2018-10-15,0
2018-10-16,0
2018-10-17,0
2018-10-18,185
2018-10-19,309
2018-10-20,247
2018-10-21,224
2018-10-22,0
2018-10-23,0
2018-10-24,0
2018-10-25,0
2018-10-26,0
2018-11-30,32
2018-12-01,169
2018-12-02,72
2018-12-03,200
2018-12-04,230
2018-12-05,206
2018-12-06,211
2018-12-07,233
2018-12-08,158
2018-12-09,145
2018-12-10,249
2018-12-11,100
2018-12-12,374
2018-12-13,198
2018-12-14,288
2018-12-15,105
2018-12-16,154
2018-12-17,148
2018-12-18,215
2018-12-19,123
2018-12-20,68
2018-12-21,86
2018-12-22,61
2018-12-23,60
2018-12-24,165
2018-12-25,64
2018-12-26,293
2018-12-27,20
2018-12-28,0
2018-12-29,0
2018-12-30,0
2018-12-31,230
2019-01-01,0
2019-01-02,0
2019-01-03,0
2019-01-04,209
2019-01-05,198
2019-01-06,191
2019-01-07,230
2019-01-08,299
2019-01-09,205
2019-01-10,155
2019-01-11,323
2019-01-12,138
2019-01-13,283
2019-01-14,154
2019-01-15,312
2019-01-16,276
2019-01-17,431
2019-01-18,360
2019-01-19,125
2019-01-20,191
2019-01-21,121
2019-01-22,228
2019-01-23,162
2019-01-24,199
2019-01-25,253
2019-01-26,102
2019-01-27,79
2019-01-28,56
2019-01-29,323
2019-01-30,74
2019-01-31,104
2019-02-01,138
2019-02-02,221
2019-02-03,265
2019-02-04,111
2019-02-05,203
2019-02-06,28
2019-02-07,90
2019-02-08,132
2019-02-09,0
2019-02-10,0
2019-02-11,0
2019-02-12,0
2019-02-13,0
2019-02-14,0
2019-02-15,224
2019-02-16,105
2019-02-17,159
2019-02-18,187
2019-02-19,448
2019-02-20,114
2019-02-21,147
2019-02-22,251
2019-02-23,60
2019-02-24,227
2019-02-25,114
2019-02-26,120
2019-02-27,66
2019-02-28,206
2019-03-01,142
2019-03-02,0
2019-03-03,0
2019-03-04,0
2019-03-05,0
2019-03-06,0
2019-03-07,0
2019-03-08,246
2019-03-09,383
2019-03-10,209
2019-03-11,109
2019-03-12,229
2019-03-13,389
2019-03-14,250
2019-03-15,280
2019-03-16,143
2019-03-17,100
2019-03-18,158
2019-03-19,183
2019-03-20,42
2019-03-21,234
2019-03-22,0
2019-04-05,124
2019-04-06,125
2019-04-07,91
2019-04-08,125
2019-04-09,45
2019-04-10,187
2019-04-11,121
2019-04-12,162
2019-04-13,248
2019-04-14,265
2019-04-15,345
2019-04-16,127
2019-04-17,182
2019-04-18,290
2019-04-19,109
2019-04-20,135
2019-04-21,96
2019-04-22,261
2019-04-23,115
2019-04-24,153
2019-04-25,152
2019-04-26,79
2019-04-27,267
2019-04-28,128
2019-04-29,210
2019-04-30,322
2019-05-01,136
2019-05-02,130
2019-05-03,202
2019-05-04,162
2019-05-05,286
2019-05-06,131
2019-05-07,218
2019-05-08,352
2019-05-09,192
2019-05-10,165
2019-05-11,165
2019-05-12,18
2019-05-13,206
2019-05-14,120
2019-05-15,119
2019-05-16,197
2019-05-17,89
2019-05-18,173
2019-05-19,330
2019-05-20,132
2019-05-21,99
2019-05-22,175
2019-05-23,71
2019-05-24,261
2019-05-25,117
2019-05-26,128
2019-05-27,267
2019-05-28,183
2019-05-29,228
2019-05-30,267
2019-05-31,144
2019-06-01,0
2019-06-02,0
2019-06-03,0
2019-06-04,0
2019-06-05,0
2019-06-06,0
2019-06-07,184
2019-06-08,71
2019-06-09,240
2019-06-10,120
2019-06-11,50
2019-06-12,189
2019-06-13,151
2019-06-14,217
2019-06-15,144
2019-06-16,295
2019-06-17,47
2019-06-18,249
2019-06-19,153
2019-06-20,263
2019-06-21,0
2019-06-28,142
2019-06-29,0
2019-06-30,235
2019-07-01,232
2019-07-02,172
2019-07-03,93
2019-07-04,0
2019-07-05,124
2019-07-06,43
2019-07-07,112
2019-07-08,110
2019-07-09,148
2019-07-10,153
2019-07-11,95
2019-07-12,0
2019-07-19,55
2019-07-20,128
2019-07-21,137
2019-07-22,55
2019-07-23,127
2019-07-24,89
2019-07-25,102
2019-07-26,432
2019-07-27,112
2019-07-28,66
2019-07-29,207
2019-07-30,118
2019-07-31,441
2019-08-01,150
2019-08-02,234
2019-08-03,190
2019-08-04,51
2019-08-05,143
2019-08-06,208
2019-08-07,274
2019-08-08,167
2019-08-09,213
2019-08-10,127
2019-08-11,201
2019-08-12,148
2019-08-13,108
2019-08-14,194
2019-08-15,284
2019-08-16,92
2019-08-17,153
2019-08-18,199
2019-08-19,199
2019-08-20,85
2019-08-21,117
2019-08-22,158
2019-08-23,0
2019-08-30,137
2019-08-31,193
2019-09-01,180
2019-09-02,53
2019-09-03,77
2019-09-04,115
2019-09-05,75
2019-09-06,151
2019-09-07,96
2019-09-08,158
2019-09-09,93
2019-09-10,128
2019-09-11,180
2019-09-12,118
2019-09-13,379
2019-09-14,218
2019-09-15,209
2019-09-16,282
2019-09-17,176
2019-09-18,320
2019-09-19,339
2019-09-20,232
2019-09-21,126
2019-09-22,232
2019-09-23,25
2019-09-24,0
2019-09-25,0
2019-09-26,0
2019-09-27,208
2019-09-28,188
2019-09-29,140
2019-09-30,233
2019-10-01,162
2019-10-02,249
2019-10-03,247
2019-10-04,192
2019-10-05,205
2019-10-06,134
2019-10-07,248
2019-10-08,105
2019-10-09,31
2019-10-10,90
2019-10-11,110
2019-10-12,288
2019-10-13,46
2019-10-14,119
2019-10-15,126
2019-10-16,193
2019-10-17,33
2019-10-18,227
2019-10-19,178
2019-10-20,148
2019-10-21,136
2019-10-22,188
2019-10-23,318
2019-10-24,182
2019-10-25,191
2019-10-26,40
2019-10-27,152
2019-10-28,50
2019-10-29,44
2019-10-30,113
2019-10-31,170
2019-11-01,225
2019-11-02,162
2019-11-03,131
2019-11-04,103
2019-11-05,160
2019-11-06,301
2019-11-07,108
2019-11-08,221
2019-11-09,233
2019-11-10,70
2019-11-11,407
2019-11-12,172
2019-11-13,50
2019-11-14,228
2019-11-15,334
2019-11-16,108
2019-11-17,329
2019-11-18,100
2019-11-19,0
2019-11-20,0
2019-11-21,0
2019-11-22,0
2019-12-06,130
2019-12-07,115
2019-12-08,170
2019-12-09,197
2019-12-10,115
2019-12-11,321
2019-12-12,179
2019-12-13,211
2019-12-14,560
2019-12-15,379
2019-12-16,107
2019-12-17,0
2019-12-18,113
2019-12-19,152
2019-12-20,119
2019-12-21,228
2019-12-22,0
2019-12-23,47
2019-12-24,139
2019-12-25,334
2019-12-26,62
2019-12-27,309
2019-12-28,212
2019-12-29,307
2019-12-30,295
2019-12-31,173
2020-01-01,152
2020-01-02,240
2020-01-03,100
2020-01-04,0
2020-01-05,0
2020-01-06,0
2020-01-07,0
2020-01-08,0
2020-01-09,0
2020-01-10,0
2020-01-31,0
2020-02-01,0
2020-02-02,0
2020-02-03,0
2020-02-04,0
2020-02-05,139
2020-02-06,300
2020-02-07,128
2020-02-08,158
2020-02-09,196
2020-02-10,244
2020-02-11,188
2020-02-12,207
2020-02-13,115
2020-02-14,299
2020-02-15,0
2020-02-16,0
2020-02-17,49
2020-02-18,0
2020-02-19,0
2020-02-20,0
2020-02-21,251
2020-02-22,149
2020-02-23,290
2020-02-24,103
2020-02-25,118
2020-02-26,280
2020-02-27,270
2020-02-28,153
2020-02-29,172
2020-03-01,214
2020-03-02,249
2020-03-03,125
2020-03-04,174
2020-03-05,354
2020-03-06,169
2020-03-07,78
2020-03-08,0
2020-03-09,262
2020-03-10,203
2020-03-11,215
2020-03-12,219
2020-03-13,182
2020-03-14,172
2020-03-15,139
2020-03-16,72
2020-03-17,151
2020-03-18,102
2020-03-19,112
2020-03-20,20
2020-03-21,0
2020-03-22,0
2020-03-23,0
2020-03-24,0
2020-03-25,255
2020-03-26,225
2020-03-27,206
2020-03-28,289
2020-03-29,188
2020-03-30,143
2020-03-31,306
2020-04-01,87
2020-04-02,221
2020-04-03,198
2020-04-04,340
2020-04-05,159
2020-04-06,173
2020-04-07,224
2020-04-08,180
2020-04-09,116
2020-04-10,204
2020-04-11,0
2020-04-12,0
2020-04-13,0
2020-04-14,0
2020-04-15,0
2020-04-16,0
2020-04-17,0
2020-04-18,0
2020-04-19,0
2020-04-20,100
2020-04-21,0
2020-04-22,0
2020-04-23,0
2020-04-24,0
2020-05-01,0
2020-05-02,113
2020-05-03,0
2020-05-04,29
2020-05-05,35
2020-05-06,123
2020-05-07,150
2020-05-08,43
2020-05-09,131
2020-05-10,171
2020-05-11,217
2020-05-12,209
2020-05-13,326
2020-05-14,238
2020-05-15,90
2020-05-16,86
2020-05-17,182
2020-05-18,100
2020-05-19,316
2020-05-20,140
2020-05-21,111
2020-05-22,172
2020-05-23,39
2020-05-24,242
2020-05-25,135
2020-05-26,147
2020-05-27,119
2020-05-28,193
2020-05-29,298
2020-05-30,174
2020-05-31,151
2020-06-01,213
2020-06-02,207
2020-06-03,163
2020-06-04,213
2020-06-05,418
2020-06-06,260
2020-06-07,56
2020-06-08,169
2020-06-09,78
2020-06-10,119
2020-06-11,106
2020-06-12,149
2020-06-13,0
2020-06-14,0
2020-06-15,0
2020-06-16,0
2020-06-17,0
2020-06-18,0
2020-06-19,0
2020-07-17,111
2020-07-18,299
2020-07-19,87
2020-07-20,170
2020-07-21,0
2020-07-22,0
2020-07-23,0
2020-07-24,86
2020-07-25,186
2020-07-26,160
2020-07-27,121
2020-07-28,182
2020-07-29,188
2020-07-30,73
2020-07-31,64
2020-08-28,164
2020-08-29,156
2020-08-30,150
2020-08-31,390
2020-09-01,108
2020-09-02,458
2020-09-03,141
2020-09-04,137
2020-09-05,138
2020-09-06,158
2020-09-07,105
2020-09-08,72
2020-09-09,94
2020-09-10,105
2020-09-11,0
2020-10-16,191
2020-10-17,0
2020-10-18,0
2020-10-19,0
2020-10-20,0
2020-10-21,0
2020-10-22,0
2020-10-23,0
2020-10-30,198
2020-10-31,148
2020-11-01,178
2020-11-02,242
2020-11-03,156
2020-11-04,193
2020-11-05,85
2020-11-06,300
2020-11-07,202
2020-11-08,80
2020-11-09,230
2020-11-10,178
2020-11-11,66
2020-11-12,193
2020-11-13,314
2020-11-14,218
2020-11-15,96
2020-11-16,91
2020-11-17,0
2020-11-18,0
2020-11-19,0
2020-11-20,0
2020-11-27,95
2020-11-28,106
2020-11-29,186
2020-11-30,94
2020-12-01,150
2020-12-02,173
2020-12-03,181
2020-12-04,104
2020-12-05,132
2020-12-06,94
2020-12-07,78
2020-12-08,150
2020-12-09,130
2020-12-10,181
2020-12-11,94
2020-12-12,144
2020-12-13,181
2020-12-14,97
2020-12-15,133
2020-12-16,194
2020-12-17,96
2020-12-18,81
2020-12-19,195
2020-12-20,132
2020-12-21,56
2020-12-22,77
2020-12-23,148
2020-12-24,93
2020-12-25,156
2020-12-26,115
2020-12-27,212
2020-12-28,189
2020-12-29,273
2020-12-30,196
2020-12-31,202
2021-01-01,274
2021-01-02,103
2021-01-03,131
2021-01-04,74
2021-01-05,123
2021-01-06,98
2021-01-07,43
2021-01-08,41
2021-01-09,45
2021-01-10,89
2021-01-11,45
2021-01-12,130
2021-01-13,262
2021-01-14,126
2021-01-15,243
2021-01-16,204
2021-01-17,318
2021-01-18,209
2021-01-19,94
2021-01-20,116
2021-01-21,79
2021-01-22,109
2021-01-23,233
2021-01-24,218
2021-01-25,297
2021-01-26,89
2021-01-27,263
2021-01-28,128
2021-01-29,0
2021-02-12,229
2021-02-13,290
2021-02-14,93
2021-02-15,57
2021-02-16,180
2021-02-17,43
2021-02-18,119
2021-02-19,175
2021-02-20,256
2021-02-21,200
2021-02-22,164
2021-02-23,119
2021-02-24,117
2021-02-25,211
2021-02-26,117
2021-02-27,147
2021-02-28,219
2021-03-01,210
2021-03-02,427
2021-03-03,246
2021-03-04,130
2021-03-05,81
2021-03-06,58
2021-03-07,336
2021-03-08,162
2021-03-09,194
2021-03-10,273
2021-03-11,170
2021-03-12,167
2021-03-13,0
2021-03-14,0
2021-03-15,88
2021-03-16,37
2021-03-17,200
2021-03-18,198
2021-03-19,0
2021-04-09,0
2021-04-10,0
2021-04-11,0
2021-04-12,23
2021-04-13,123
2021-04-14,262
2021-04-15,181
2021-04-16,0
2021-04-23,130
2021-04-24,204
2021-04-25,267
2021-04-26,65
2021-04-27,56
2021-04-28,265
2021-04-29,43
2021-04-30,107
2021-05-01,121
2021-05-02,132
2021-05-03,216
2021-05-04,318
2021-05-05,314
2021-05-06,77
2021-05-07,201
2021-05-08,189
2021-05-09,88
2021-05-10,91
2021-05-11,203
2021-05-12,378
2021-05-13,71
2021-05-14,49
2021-05-15,255
2021-05-16,75
2021-05-17,81
2021-05-18,165
2021-05-19,52
2021-05-20,69
2021-05-21,320
2021-05-22,0
2021-05-23,324
2021-05-24,185
2021-05-25,300
2021-05-26,190
2021-05-27,114
2021-05-28,426
2021-05-29,389
2021-05-30,413
2021-05-31,188
2021-06-01,122
2021-06-02,144
2021-06-03,174
2021-06-04,171
2021-06-05,153
2021-06-06,281
2021-06-07,200
2021-06-08,216
2021-06-09,230
2021-06-10,244
2021-06-11,225
2021-06-12,114
2021-06-13,380
2021-06-14,193
2021-06-15,242
2021-06-16,185
2021-06-17,127
2021-06-18,216
2021-06-19,260
2021-06-20,308
2021-06-21,97
2021-06-22,286
2021-06-23,223
2021-06-24,179
2021-06-25,229
2021-06-26,29
2021-06-27,322
2021-06-28,95
2021-06-29,257
2021-06-30,308
2021-07-01,248
2021-07-02,155
2021-07-03,328
2021-07-04,81
2021-07-05,79
2021-07-06,158
2021-07-07,203
2021-07-08,219
2021-07-09,316
2021-07-10,485
2021-07-11,268
2021-07-12,273
2021-07-13,180
2021-07-14,248
2021-07-15,200
2021-07-16,137
2021-07-17,319
2021-07-18,31
2021-07-19,150
2021-07-20,351
2021-07-21,265
2021-07-22,206
2021-07-23,382
2021-07-24,86
2021-07-25,205
2021-07-26,321
2021-07-27,80
2021-07-28,126
2021-07-29,160
2021-07-30,46
2021-07-31,0
2021-08-01,0
2021-08-02,136
2021-08-03,187
2021-08-04,107
2021-08-05,213
2021-08-06,41
2021-08-07,145
2021-08-08,258
2021-08-09,428
2021-08-10,137
2021-08-11,196
2021-08-12,141
2021-08-13,115
2021-08-14,0
2021-08-15,0
2021-08-16,73
2021-08-17,340
2021-08-18,239
2021-08-19,166
2021-08-20,0
2021-08-21,0
2021-08-22,0
2021-08-23,0
2021-08-24,234
2021-08-25,83
2021-08-26,168
2021-08-27,175
2021-08-28,0
2021-08-29,141
2021-08-30,249
2021-08-31,89
2021-09-01,243
2021-09-02,31
2021-09-03,267
2021-09-04,76
2021-09-05,203
2021-09-06,65
2021-09-07,230
2021-09-08,26
2021-09-09,115
2021-09-10,354
2021-09-11,209
2021-09-12,120
2021-09-13,131
2021-09-14,175
2021-09-15,86
2021-09-16,20
2021-09-17,202
2021-09-18,142
2021-09-19,32
2021-09-20,157
2021-09-21,82
2021-09-22,147
2021-09-23,294
2021-09-24,286
2021-09-25,151
2021-09-26,53
2021-09-27,109
2021-09-28,118
2021-09-29,120
2021-09-30,176
2021-10-01,222
2021-10-02,238
2021-10-03,96
2021-10-04,136
2021-10-05,105
2021-10-06,28
2021-10-07,72
2021-10-08,0
2021-10-22,77
2021-10-23,195
2021-10-24,107
2021-10-25,168
2021-10-26,291
2021-10-27,241
2021-10-28,263
2021-10-29,0
2021-11-12,57
2021-11-13,157
2021-11-14,303
2021-11-15,44
2021-11-16,168
2021-11-17,113
2021-11-18,168
2021-11-19,0
2021-12-10,286
2021-12-11,275
2021-12-12,127
2021-12-13,276
2021-12-14,159
2021-12-15,62
2021-12-16,106
2021-12-17,0
2022-01-07,27
2022-01-08,141
2022-01-09,266
2022-01-10,207
2022-01-11,295
2022-01-12,179
2022-01-13,226
2022-01-14,258
2022-01-15,166
2022-01-16,199
2022-01-17,94
2022-01-18,43
2022-01-19,116
2022-01-20,155
2022-01-21,104
2022-01-22,198
2022-01-23,298
2022-01-24,224
2022-01-25,191
2022-01-26,61
2022-01-27,224
2022-01-28,32
2022-01-29,402
2022-01-30,246
2022-01-31,169
2022-02-01,141
2022-02-02,58
2022-02-03,301
2022-02-04,272
2022-02-05,0
2022-02-06,0
2022-02-07,26
2022-02-08,105
2022-02-09,55
2022-02-10,161
2022-02-11,180
2022-02-12,103
2022-02-13,149
2022-02-14,132
2022-02-15,88
2022-02-16,44
2022-02-17,73
2022-02-18,142
2022-02-19,83
2022-02-20,189
2022-02-21,280
2022-02-22,130
2022-02-23,205
2022-02-24,172
2022-02-25,206
2022-02-26,185
2022-02-27,225
2022-02-28,373
2022-03-01,144
2022-03-02,213
2022-03-03,20
2022-03-04,305
2022-03-05,197
2022-03-06,0
2022-03-07,199
2022-03-08,186
2022-03-09,80
2022-03-10,139
2022-03-11,52
2022-03-12,52
2022-03-13,109
2022-03-14,43
2022-03-15,201
2022-03-16,336
2022-03-17,213
2022-03-18,291
2022-03-19,159
2022-03-20,161
2022-03-21,309
2022-03-22,121
2022-03-23,190
2022-03-24,169
2022-03-25,200
2022-03-26,296
2022-03-27,162
2022-03-28,145
2022-03-29,244
2022-03-30,149
2022-03-31,126
2022-04-01,291
2022-04-02,466
2022-04-03,24
2022-04-04,0
2022-04-05,179
2022-04-06,103
2022-04-07,200
2022-04-08,201
2022-04-09,242
2022-04-10,302
2022-04-11,156
2022-04-12,197
2022-04-13,215
2022-04-14,261
2022-04-15,276
2022-04-16,140
2022-04-17,124
2022-04-18,155
2022-04-19,38
2022-04-20,230
2022-04-21,202
2022-04-22,28
2022-04-23,33
2022-04-24,358
2022-04-25,204
2022-04-26,271
2022-04-27,78
2022-04-28,114
2022-04-29,272
2022-04-30,140
2022-05-01,572
2022-05-02,461
2022-05-03,404
2022-05-04,304
2022-05-05,241
2022-05-06,267
2022-05-07,334
2022-05-08,136
2022-05-09,373
2022-05-10,198
2022-05-11,239
2022-05-12,104
2022-05-13,71
2022-05-14,218
2022-05-15,317
2022-05-16,152
2022-05-17,94
2022-05-18,174
2022-05-19,144
2022-05-20,140
2022-05-21,0
2022-05-22,0
2022-05-23,0
2022-05-24,0
2022-05-25,0
2022-05-26,0
2022-05-27,0
2022-06-17,0
2022-06-18,0
2022-06-19,0
2022-06-20,29
2022-06-21,230
2022-06-22,185
2022-06-23,161
2022-06-24,0
2022-06-25,0
2022-06-26,0
2022-06-27,158
2022-06-28,405
2022-06-29,142
2022-06-30,183
2022-07-01,0
2022-07-02,0
2022-07-03,0
2022-07-04,0
2022-07-05,110
2022-07-06,464
2022-07-07,222
2022-07-08,0
2022-07-15,334
2022-07-16,343
2022-07-17,142
2022-07-18,34
2022-07-19,0
2022-07-20,0
2022-07-21,0
2022-07-22,0
2022-07-29,0
2022-07-30,0
2022-07-31,0
2022-08-01,22
2022-08-02,44
2022-08-03,164
2022-08-04,81
2022-08-05,306
2022-08-06,313
2022-08-07,186
2022-08-08,122
2022-08-09,142
2022-08-10,235
2022-08-11,71
2022-08-12,146
2022-08-13,161
2022-08-14,227
2022-08-15,74
2022-08-16,90
2022-08-17,203
2022-08-18,169
2022-08-19,55
2022-08-20,54
2022-08-21,173
2022-08-22,191
2022-08-23,254
2022-08-24,164
2022-08-25,25
2022-08-26,73
2022-08-27,182
2022-08-28,244
2022-08-29,170
2022-08-30,246
2022-08-31,192
2022-09-01,212
2022-09-02,241
2022-09-03,82
2022-09-04,239
2022-09-05,196
2022-09-06,201
2022-09-07,135
2022-09-08,232
2022-09-09,195
2022-09-10,270
2022-09-11,129
2022-09-12,119
2022-09-13,232
2022-09-14,100
2022-09-15,157
2022-09-16,261
2022-09-17,163
2022-09-18,248
2022-09-19,116
2022-09-20,82
2022-09-21,72
2022-09-22,177
2022-09-23,181
2022-09-24,371
2022-09-25,81
2022-09-26,75
2022-09-27,141
2022-09-28,243
2022-09-29,217
2022-09-30,284
2022-10-01,209
2022-10-02,33
2022-10-03,141
2022-10-04,255
2022-10-05,326
2022-10-06,389
2022-10-07,102
2022-10-08,132
2022-10-09,328
2022-10-10,157
2022-10-11,78
2022-10-12,125
2022-10-13,188
2022-10-14,195
2022-10-15,243
2022-10-16,96
2022-10-17,179
2022-10-18,191
2022-10-19,53
2022-10-20,77
2022-10-21,69
2022-10-22,172
2022-10-23,137
2022-10-24,75
2022-10-25,214
2022-10-26,264
2022-10-27,229
2022-10-28,0
2022-10-29,0
2022-10-30,0
2022-10-31,0
2022-11-01,0
2022-11-02,0
2022-11-03,344
2022-11-04,100
