"DateTime","Primary Sales","Secondary sales"
"2017-06-23 00:00:00",18,1
"2017-06-24 00:00:00",21,0
"2017-06-25 00:00:00",11,2
"2017-06-26 00:00:00",14,0
"2017-06-27 00:00:00",32,1
"2017-06-28 00:00:00",15,0
"2017-06-29 00:00:00",34,4
"2017-06-30 00:00:00",12,9
"2017-07-01 00:00:00",6,4
"2017-07-02 00:00:00",30,1
"2017-07-03 00:00:00",43,8
"2017-07-04 00:00:00",51,7
"2017-07-05 00:00:00",16,2
"2017-07-06 00:00:00",21,2
"2017-07-07 00:00:00",30,7
"2017-07-08 00:00:00",22,8
"2017-07-09 00:00:00",11,1
"2017-07-10 00:00:00",14,3
"2017-07-11 00:00:00",34,9
"2017-07-12 00:00:00",14,3
"2017-07-13 00:00:00",25,6
"2017-07-14 00:00:00",5,2
"2017-07-15 00:00:00",3,2
"2017-07-16 00:00:00",3,0
"2017-07-17 00:00:00",3,2
"2017-07-18 00:00:00",29,1
"2017-07-19 00:00:00",27,4
"2017-07-20 00:00:00",14,7
"2017-07-21 00:00:00",21,0
"2017-07-22 00:00:00",11,2
"2017-07-23 00:00:00",5,1
"2017-07-24 00:00:00",13,2
"2017-07-25 00:00:00",5,3
"2017-07-26 00:00:00",4,1
"2017-07-27 00:00:00",2,0
"2017-07-28 00:00:00",5,0
"2017-07-29 00:00:00",7,1
"2017-07-30 00:00:00",13,3
"2017-07-31 00:00:00",1,1
"2017-08-01 00:00:00",2,0
"2017-08-02 00:00:00",1,0
"2017-08-03 00:00:00",19,2
"2017-08-04 00:00:00",0,0
"2017-08-05 00:00:00",0,2
"2017-08-06 00:00:00",0,0
"2017-08-07 00:00:00",1,0
"2017-08-08 00:00:00",3,2
"2017-08-09 00:00:00",1,2
"2017-08-10 00:00:00",2,0
"2017-08-11 00:00:00",6,2
"2017-08-12 00:00:00",4,13
"2017-08-13 00:00:00",3,4
"2017-08-14 00:00:00",2,1
"2017-08-15 00:00:00",2,2
"2017-08-16 00:00:00",2,0
"2017-08-17 00:00:00",2,0
"2017-08-18 00:00:00",1,0
"2017-08-19 00:00:00",0,1
"2017-08-20 00:00:00",1,0
"2017-08-21 00:00:00",8,0
"2017-08-22 00:00:00",1,0
"2017-08-23 00:00:00",1,1
"2017-08-24 00:00:00",0,0
"2017-08-25 00:00:00",1,2
"2017-08-26 00:00:00",1,0
"2017-08-27 00:00:00",0,0
"2017-08-28 00:00:00",6,3
"2017-08-29 00:00:00",1,0
"2017-08-30 00:00:00",1,1
"2017-08-31 00:00:00",1,0
"2017-09-01 00:00:00",5,0
"2017-09-02 00:00:00",2,1
"2017-09-03 00:00:00",0,0
"2017-09-04 00:00:00",3,0
"2017-09-05 00:00:00",0,0
"2017-09-06 00:00:00",0,0
"2017-09-07 00:00:00",0,0
"2017-09-08 00:00:00",1,0
"2017-09-09 00:00:00",0,0
"2017-09-10 00:00:00",1,2
"2017-09-11 00:00:00",1,1
"2017-09-12 00:00:00",2,0
"2017-09-13 00:00:00",0,0
"2017-09-14 00:00:00",0,0
"2017-09-15 00:00:00",0,0
"2017-09-16 00:00:00",1,0
"2017-09-17 00:00:00",2,0
"2017-09-18 00:00:00",0,1
"2017-09-19 00:00:00",4,0
"2017-09-20 00:00:00",1,2
"2017-09-21 00:00:00",3,1
"2017-09-22 00:00:00",1,0
"2017-09-23 00:00:00",2,2
"2017-09-24 00:00:00",1,0
"2017-09-25 00:00:00",0,0
"2017-09-26 00:00:00",0,0
"2017-09-27 00:00:00",3,1
"2017-09-28 00:00:00",1,0
"2017-09-29 00:00:00",4,3
"2017-09-30 00:00:00",10,0
"2017-10-01 00:00:00",1,0
"2017-10-02 00:00:00",0,0
"2017-10-03 00:00:00",0,0
"2017-10-04 00:00:00",0,1
"2017-10-05 00:00:00",0,0
"2017-10-06 00:00:00",0,0
"2017-10-07 00:00:00",0,0
"2017-10-08 00:00:00",1,0
"2017-10-09 00:00:00",0,1
"2017-10-10 00:00:00",0,0
"2017-10-11 00:00:00",0,1
"2017-10-12 00:00:00",1,0
"2017-10-13 00:00:00",2,2
"2017-10-14 00:00:00",2,2
"2017-10-15 00:00:00",1,2
"2017-10-16 00:00:00",2,0
"2017-10-17 00:00:00",0,0
"2017-10-18 00:00:00",0,0
"2017-10-19 00:00:00",0,1
"2017-10-20 00:00:00",0,1
"2017-10-21 00:00:00",0,1
"2017-10-22 00:00:00",0,0
"2017-10-23 00:00:00",0,0
"2017-10-24 00:00:00",0,0
"2017-10-25 00:00:00",0,1
"2017-10-26 00:00:00",6,1
"2017-10-27 00:00:00",6,0
"2017-10-28 00:00:00",6,0
"2017-10-29 00:00:00",0,1
"2017-10-30 00:00:00",2,1
"2017-10-31 00:00:00",3,3
"2017-11-01 00:00:00",4,0
"2017-11-02 00:00:00",2,1
"2017-11-03 00:00:00",0,0
"2017-11-04 00:00:00",3,0
"2017-11-05 00:00:00",0,0
"2017-11-06 00:00:00",0,0
"2017-11-07 00:00:00",0,1
"2017-11-08 00:00:00",0,0
"2017-11-09 00:00:00",0,2
"2017-11-10 00:00:00",0,0
"2017-11-11 00:00:00",0,0
"2017-11-12 00:00:00",1,0
"2017-11-13 00:00:00",1,1
"2017-11-14 00:00:00",0,1
"2017-11-15 00:00:00",1,1
"2017-11-16 00:00:00",0,0
"2017-11-17 00:00:00",0,0
"2017-11-18 00:00:00",0,0
"2017-11-19 00:00:00",1,0
"2017-11-20 00:00:00",4,0
"2017-11-21 00:00:00",84,5
"2017-11-22 00:00:00",24,6
"2017-11-23 00:00:00",684,118
"2017-11-24 00:00:00",2494,299
"2017-11-25 00:00:00",1817,128
"2017-11-26 00:00:00",1113,75
"2017-11-27 00:00:00",807,131
"2017-11-28 00:00:00",1021,468
"2017-11-29 00:00:00",3402,1341
"2017-11-30 00:00:00",6049,1447
"2017-12-01 00:00:00",5568,1735
"2017-12-02 00:00:00",8472,3758
"2017-12-03 00:00:00",15356,10172
"2017-12-04 00:00:00",22109,11618
"2017-12-05 00:00:00",25528,13701
"2017-12-06 00:00:00",20287,10933
"2017-12-07 00:00:00",21456,14597
"2017-12-08 00:00:00",26580,16587
"2017-12-09 00:00:00",30308,18410
"2017-12-10 00:00:00",31736,19040
"2017-12-11 00:00:00",27437,18264
"2017-12-12 00:00:00",24363,12787
"2017-12-13 00:00:00",17028,11831
"2017-12-14 00:00:00",19949,10573
"2017-12-15 00:00:00",14681,8130
"2017-12-16 00:00:00",13837,8338
"2017-12-17 00:00:00",11237,7294
"2017-12-18 00:00:00",10159,7359
"2017-12-19 00:00:00",7597,4896
"2017-12-20 00:00:00",5470,10494
"2017-12-21 00:00:00",5131,5266
"2017-12-22 00:00:00",6018,3569
"2017-12-23 00:00:00",7172,3908
"2017-12-24 00:00:00",6683,3852
"2017-12-25 00:00:00",5090,3210
"2017-12-26 00:00:00",4104,2895
"2017-12-27 00:00:00",5178,3405
"2017-12-28 00:00:00",6195,3387
"2017-12-29 00:00:00",5297,2882
"2017-12-30 00:00:00",3702,2727
"2017-12-31 00:00:00",4151,2621
"2018-01-01 00:00:00",4466,2758
"2018-01-02 00:00:00",3973,2517
"2018-01-03 00:00:00",2205,1469
"2018-01-04 00:00:00",1534,1019
"2018-01-05 00:00:00",1165,857
"2018-01-06 00:00:00",1593,1209
"2018-01-07 00:00:00",1877,1228
"2018-01-08 00:00:00",1460,1010
"2018-01-09 00:00:00",1079,701
"2018-01-10 00:00:00",843,491
"2018-01-11 00:00:00",1226,801
"2018-01-12 00:00:00",1483,959
"2018-01-13 00:00:00",1588,865
"2018-01-14 00:00:00",1792,960
"2018-01-15 00:00:00",1130,678
"2018-01-16 00:00:00",1265,738
"2018-01-17 00:00:00",1433,798
"2018-01-18 00:00:00",1708,957
"2018-01-19 00:00:00",2011,1039
"2018-01-20 00:00:00",1999,1137
"2018-01-21 00:00:00",1905,1134
"2018-01-22 00:00:00",4091,1134
"2018-01-23 00:00:00",4466,1151
"2018-01-24 00:00:00",1875,983
"2018-01-25 00:00:00",1523,876
"2018-01-26 00:00:00",1887,975
"2018-01-27 00:00:00",2016,1103
"2018-01-28 00:00:00",1636,1036
"2018-01-29 00:00:00",1465,937
"2018-01-30 00:00:00",1934,1040
"2018-01-31 00:00:00",2786,952
"2018-02-01 00:00:00",1806,648
"2018-02-02 00:00:00",1882,852
"2018-02-03 00:00:00",1471,857
"2018-02-04 00:00:00",1332,731
"2018-02-05 00:00:00",1297,987
"2018-02-06 00:00:00",2155,1136
"2018-02-07 00:00:00",1836,1042
"2018-02-08 00:00:00",1644,1037
"2018-02-09 00:00:00",1640,1141
"2018-02-10 00:00:00",1237,868
"2018-02-11 00:00:00",1971,1329
"2018-02-12 00:00:00",1997,1171
"2018-02-13 00:00:00",2163,1423
"2018-02-14 00:00:00",2768,2829
"2018-02-15 00:00:00",3496,2827
"2018-02-16 00:00:00",3694,1679
"2018-02-17 00:00:00",2790,1486
"2018-02-18 00:00:00",2547,1801
"2018-02-19 00:00:00",3070,1816
"2018-02-20 00:00:00",3134,1360
"2018-02-21 00:00:00",2822,1167
"2018-02-22 00:00:00",2715,1102
"2018-02-23 00:00:00",2855,1253
"2018-02-24 00:00:00",6231,2083
"2018-02-25 00:00:00",7460,1569
"2018-02-26 00:00:00",5226,1406
"2018-02-27 00:00:00",5994,2315
"2018-02-28 00:00:00",6110,1501
"2018-03-01 00:00:00",4674,1383
"2018-03-02 00:00:00",3164,1146
"2018-03-03 00:00:00",3220,1157
"2018-03-04 00:00:00",3857,1210
"2018-03-05 00:00:00",3393,962
"2018-03-06 00:00:00",2548,1206
"2018-03-07 00:00:00",2970,1714
"2018-03-08 00:00:00",5060,1569
"2018-03-09 00:00:00",4540,1325
"2018-03-10 00:00:00",8087,1016
"2018-03-11 00:00:00",3329,1021
"2018-03-12 00:00:00",3076,1701
"2018-03-13 00:00:00",2802,892
"2018-03-14 00:00:00",3181,1192
"2018-03-15 00:00:00",2889,976
"2018-03-16 00:00:00",2170,894
"2018-03-17 00:00:00",2810,901
"2018-03-18 00:00:00",2055,731
"2018-03-19 00:00:00",2275,818
"2018-03-20 00:00:00",1921,1112
"2018-03-21 00:00:00",1952,1388
"2018-03-22 00:00:00",2043,1318
"2018-03-23 00:00:00",1810,1293
"2018-03-24 00:00:00",1956,1166
"2018-03-25 00:00:00",5211,1062
"2018-03-26 00:00:00",2019,991
"2018-03-27 00:00:00",2157,1183
"2018-03-28 00:00:00",2711,855
"2018-03-29 00:00:00",3018,699
"2018-03-30 00:00:00",4701,946
"2018-03-31 00:00:00",2163,844
"2018-04-01 00:00:00",1936,849
"2018-04-02 00:00:00",1999,1066
"2018-04-03 00:00:00",2169,959
"2018-04-04 00:00:00",1962,910
"2018-04-05 00:00:00",1737,964
"2018-04-06 00:00:00",2473,1247
"2018-04-07 00:00:00",1685,990
"2018-04-08 00:00:00",6212,1217
"2018-04-09 00:00:00",4177,1051
"2018-04-10 00:00:00",2279,946
"2018-04-11 00:00:00",2212,1170
"2018-04-12 00:00:00",1784,1095
"2018-04-13 00:00:00",4572,1489
"2018-04-14 00:00:00",3693,1144
"2018-04-15 00:00:00",2787,1113
"2018-04-16 00:00:00",2644,1066
"2018-04-17 00:00:00",4009,1011
"2018-04-18 00:00:00",3263,834
"2018-04-19 00:00:00",2996,816
"2018-04-20 00:00:00",3210,798
"2018-04-21 00:00:00",1721,823
"2018-04-22 00:00:00",1101,677
"2018-04-23 00:00:00",1188,634
"2018-04-24 00:00:00",1424,779
"2018-04-25 00:00:00",1368,894
"2018-04-26 00:00:00",1142,634
"2018-04-27 00:00:00",2231,1016
"2018-04-28 00:00:00",4360,694
"2018-04-29 00:00:00",9177,640
"2018-04-30 00:00:00",2541,697
"2018-05-01 00:00:00",1489,640
"2018-05-02 00:00:00",1437,582
"2018-05-03 00:00:00",1125,511
"2018-05-04 00:00:00",2124,634
"2018-05-05 00:00:00",2875,554
"2018-05-06 00:00:00",2131,634
"2018-05-07 00:00:00",2019,666
"2018-05-08 00:00:00",2804,847
"2018-05-09 00:00:00",1800,533
"2018-05-10 00:00:00",1481,564
"2018-05-11 00:00:00",1755,688
"2018-05-12 00:00:00",1632,603
"2018-05-13 00:00:00",1229,538
"2018-05-14 00:00:00",955,434
"2018-05-15 00:00:00",1102,522
"2018-05-16 00:00:00",1727,703
"2018-05-17 00:00:00",3328,526
"2018-05-18 00:00:00",2841,513
"2018-05-19 00:00:00",3051,565
"2018-05-20 00:00:00",2034,589
"2018-05-21 00:00:00",1268,535
"2018-05-22 00:00:00",1412,415
"2018-05-23 00:00:00",1334,353
"2018-05-24 00:00:00",2179,823
"2018-05-25 00:00:00",1248,1015
"2018-05-26 00:00:00",2008,698
"2018-05-27 00:00:00",2126,671
"2018-05-28 00:00:00",1487,560
"2018-05-29 00:00:00",3501,569
"2018-05-30 00:00:00",3812,672
"2018-05-31 00:00:00",2679,615
"2018-06-01 00:00:00",2095,703
"2018-06-02 00:00:00",2344,512
"2018-06-03 00:00:00",1821,462
"2018-06-04 00:00:00",1710,440
"2018-06-05 00:00:00",1955,520
"2018-06-06 00:00:00",1374,586
"2018-06-07 00:00:00",1549,581
"2018-06-08 00:00:00",1509,513
"2018-06-09 00:00:00",2203,546
"2018-06-10 00:00:00",1597,418
"2018-06-11 00:00:00",2820,456
"2018-06-12 00:00:00",2250,490
"2018-06-13 00:00:00",1631,537
"2018-06-14 00:00:00",1540,329
"2018-06-15 00:00:00",4658,545
"2018-06-16 00:00:00",1961,342
"2018-06-17 00:00:00",1983,395
"2018-06-18 00:00:00",2123,534
"2018-06-19 00:00:00",2109,534
"2018-06-20 00:00:00",1324,547
"2018-06-21 00:00:00",2472,495
"2018-06-22 00:00:00",4330,730
"2018-06-23 00:00:00",2298,597
"2018-06-24 00:00:00",2405,530
"2018-06-25 00:00:00",1931,544
"2018-06-26 00:00:00",1700,547
"2018-06-27 00:00:00",1823,545
"2018-06-28 00:00:00",2034,513
"2018-06-29 00:00:00",2558,663
"2018-06-30 00:00:00",2056,325
"2018-07-01 00:00:00",1069,245
"2018-07-02 00:00:00",574,115
"2018-07-03 00:00:00",458,158
"2018-07-04 00:00:00",611,137
"2018-07-05 00:00:00",661,287
"2018-07-06 00:00:00",1453,215
"2018-07-07 00:00:00",1121,134
"2018-07-08 00:00:00",1444,323
"2018-07-09 00:00:00",2408,362
"2018-07-10 00:00:00",1669,340
"2018-07-11 00:00:00",1786,609
"2018-07-12 00:00:00",2480,496
"2018-07-13 00:00:00",3341,453
"2018-07-14 00:00:00",1354,227
"2018-07-15 00:00:00",1061,310
"2018-07-16 00:00:00",1737,433
"2018-07-17 00:00:00",1411,473
"2018-07-18 00:00:00",1353,447
"2018-07-19 00:00:00",1473,498
"2018-07-20 00:00:00",1218,498
"2018-07-21 00:00:00",1783,418
"2018-07-22 00:00:00",1709,395
"2018-07-23 00:00:00",1702,459
"2018-07-24 00:00:00",1333,515
"2018-07-25 00:00:00",1995,427
"2018-07-26 00:00:00",2778,583
"2018-07-27 00:00:00",3474,615
"2018-07-28 00:00:00",2528,512
"2018-07-29 00:00:00",1679,512
"2018-07-30 00:00:00",1383,415
"2018-07-31 00:00:00",1526,496
"2018-08-01 00:00:00",2112,413
"2018-08-02 00:00:00",1811,513
"2018-08-03 00:00:00",1294,443
"2018-08-04 00:00:00",1496,488
"2018-08-05 00:00:00",1352,407
"2018-08-06 00:00:00",1176,407
"2018-08-07 00:00:00",1031,352
"2018-08-08 00:00:00",1221,239
"2018-08-09 00:00:00",1105,276
"2018-08-10 00:00:00",1106,338
"2018-08-11 00:00:00",1319,510
"2018-08-12 00:00:00",1779,598
"2018-08-13 00:00:00",1957,636
"2018-08-14 00:00:00",2488,764
"2018-08-15 00:00:00",2671,656
"2018-08-16 00:00:00",3025,632
"2018-08-17 00:00:00",4315,751
"2018-08-18 00:00:00",5146,826
"2018-08-19 00:00:00",6039,667
"2018-08-20 00:00:00",2706,825
"2018-08-21 00:00:00",2798,782
"2018-08-22 00:00:00",2023,585
"2018-08-23 00:00:00",3327,907
"2018-08-24 00:00:00",4297,1009
"2018-08-25 00:00:00",3931,892
"2018-08-26 00:00:00",3149,708
"2018-08-27 00:00:00",4345,691
"2018-08-28 00:00:00",3391,821
"2018-08-29 00:00:00",3986,1056
"2018-08-30 00:00:00",7220,1113
"2018-08-31 00:00:00",9582,1034
"2018-09-01 00:00:00",8522,978
"2018-09-02 00:00:00",7063,1012
"2018-09-03 00:00:00",6395,932
"2018-09-04 00:00:00",4125,853
"2018-09-05 00:00:00",4468,1129
"2018-09-06 00:00:00",5955,1318
"2018-09-07 00:00:00",6456,1502
"2018-09-08 00:00:00",4758,1322
"2018-09-09 00:00:00",7455,1631
"2018-09-10 00:00:00",6781,1228
"2018-09-11 00:00:00",9222,1444
"2018-09-12 00:00:00",7817,1569
"2018-09-13 00:00:00",3179,1227
"2018-09-14 00:00:00",3441,1219
"2018-09-15 00:00:00",2763,986
"2018-09-16 00:00:00",2461,791
"2018-09-17 00:00:00",3057,784
"2018-09-18 00:00:00",3188,1063
"2018-09-19 00:00:00",4464,893
"2018-09-20 00:00:00",3703,736
"2018-09-21 00:00:00",4608,667
"2018-09-22 00:00:00",6274,790
"2018-09-23 00:00:00",4617,846
"2018-09-24 00:00:00",3942,859
"2018-09-25 00:00:00",3761,964
"2018-09-26 00:00:00",4848,955
"2018-09-27 00:00:00",5062,1116
"2018-09-28 00:00:00",2850,773
"2018-09-29 00:00:00",3407,788
"2018-09-30 00:00:00",4204,714
"2018-10-01 00:00:00",3838,536
"2018-10-02 00:00:00",2540,570
"2018-10-03 00:00:00",3106,662
"2018-10-04 00:00:00",3622,638
"2018-10-05 00:00:00",6335,1003
"2018-10-06 00:00:00",3713,716
"2018-10-07 00:00:00",3559,884
"2018-10-08 00:00:00",3353,862
"2018-10-09 00:00:00",2901,773
"2018-10-10 00:00:00",3426,864
"2018-10-11 00:00:00",5463,798
"2018-10-12 00:00:00",3940,719
"2018-10-13 00:00:00",3197,751
"2018-10-14 00:00:00",2676,624
"2018-10-15 00:00:00",2525,560
"2018-10-16 00:00:00",2545,791
"2018-10-17 00:00:00",4578,900
"2018-10-18 00:00:00",2707,743
"2018-10-19 00:00:00",6706,1263
"2018-10-20 00:00:00",3822,799
"2018-10-21 00:00:00",4776,683
"2018-10-22 00:00:00",3648,547
"2018-10-23 00:00:00",4387,779
"2018-10-24 00:00:00",3265,947
"2018-10-25 00:00:00",2817,708
"2018-10-26 00:00:00",3854,654
"2018-10-27 00:00:00",4561,789
"2018-10-28 00:00:00",3446,810
"2018-10-29 00:00:00",3524,712
"2018-10-30 00:00:00",3042,714
"2018-10-31 00:00:00",2920,771
"2018-11-01 00:00:00",2956,939
"2018-11-02 00:00:00",2913,873
"2018-11-03 00:00:00",3774,780
"2018-11-04 00:00:00",3621,870
"2018-11-05 00:00:00",3452,874
"2018-11-06 00:00:00",2846,788
"2018-11-07 00:00:00",4605,611
"2018-11-08 00:00:00",2825,829
"2018-11-09 00:00:00",2677,770
"2018-11-10 00:00:00",3357,667
"2018-11-11 00:00:00",3403,593
"2018-11-12 00:00:00",3224,688
"2018-11-13 00:00:00",4294,920
"2018-11-14 00:00:00",4329,973
"2018-11-15 00:00:00",9069,1166
"2018-11-16 00:00:00",5429,965
"2018-11-17 00:00:00",4050,751
"2018-11-18 00:00:00",3783,754
"2018-11-19 00:00:00",3319,615
"2018-11-20 00:00:00",3326,695
"2018-11-21 00:00:00",5283,862
"2018-11-22 00:00:00",5628,979
"2018-11-23 00:00:00",3730,777
"2018-11-24 00:00:00",3756,770
"2018-11-25 00:00:00",4436,677
"2018-11-26 00:00:00",4742,983
"2018-11-27 00:00:00",5218,951
"2018-11-28 00:00:00",4208,907
"2018-11-29 00:00:00",3745,686
"2018-11-30 00:00:00",5150,770
"2018-12-01 00:00:00",9495,1216
"2018-12-02 00:00:00",6711,797
"2018-12-03 00:00:00",6254,840
"2018-12-04 00:00:00",5428,938
"2018-12-05 00:00:00",4685,8867
"2018-12-06 00:00:00",4507,1004
"2018-12-07 00:00:00",4279,2068
"2018-12-08 00:00:00",2736,1677
"2018-12-09 00:00:00",3339,1046
"2018-12-10 00:00:00",2092,998
"2018-12-11 00:00:00",2604,864
"2018-12-12 00:00:00",2964,897
"2018-12-13 00:00:00",4533,908
"2018-12-14 00:00:00",3800,929
"2018-12-15 00:00:00",5109,1122
"2018-12-16 00:00:00",5124,927
"2018-12-17 00:00:00",3993,720
"2018-12-18 00:00:00",2906,760
"2018-12-19 00:00:00",3231,803
"2018-12-20 00:00:00",3986,910
"2018-12-21 00:00:00",6233,721
"2018-12-22 00:00:00",3006,739
"2018-12-23 00:00:00",6335,816
"2018-12-24 00:00:00",3134,825
"2018-12-25 00:00:00",2444,674
"2018-12-26 00:00:00",2188,723
"2018-12-27 00:00:00",2256,576
"2018-12-28 00:00:00",2398,787
"2018-12-29 00:00:00",2272,788
"2018-12-30 00:00:00",2469,564
"2018-12-31 00:00:00",2722,640
"2019-01-01 00:00:00",1805,623
"2019-01-02 00:00:00",1979,650
"2019-01-03 00:00:00",2038,637
"2019-01-04 00:00:00",2093,629
"2019-01-05 00:00:00",2175,597
"2019-01-06 00:00:00",2061,654
"2019-01-07 00:00:00",2236,915
"2019-01-08 00:00:00",1685,648
"2019-01-09 00:00:00",1758,624
"2019-01-10 00:00:00",2037,1408
"2019-01-11 00:00:00",6768,1617
"2019-01-12 00:00:00",4765,1041
"2019-01-13 00:00:00",4254,1171
"2019-01-14 00:00:00",3516,1037
"2019-01-15 00:00:00",3262,897
"2019-01-16 00:00:00",3539,853
"2019-01-17 00:00:00",2714,995
"2019-01-18 00:00:00",3624,937
"2019-01-19 00:00:00",3078,1119
"2019-01-20 00:00:00",3153,1510
"2019-01-21 00:00:00",3181,1117
"2019-01-22 00:00:00",1658,765
"2019-01-23 00:00:00",2039,977
"2019-01-24 00:00:00",2937,869
"2019-01-25 00:00:00",2251,990
"2019-01-26 00:00:00",5651,1479
"2019-01-27 00:00:00",5696,1071
"2019-01-28 00:00:00",3797,1020
"2019-01-29 00:00:00",2304,927
"2019-01-30 00:00:00",2331,995
"2019-01-31 00:00:00",2222,759
"2019-02-01 00:00:00",2702,1063
"2019-02-02 00:00:00",3217,898
"2019-02-03 00:00:00",3681,1037
"2019-02-04 00:00:00",2294,917
"2019-02-05 00:00:00",2205,804
"2019-02-06 00:00:00",1716,714
"2019-02-07 00:00:00",2079,673
"2019-02-08 00:00:00",2476,670
"2019-02-09 00:00:00",4597,1193
"2019-02-10 00:00:00",4552,1174
"2019-02-11 00:00:00",3298,1252
"2019-02-12 00:00:00",2709,1091
"2019-02-13 00:00:00",2574,1171
"2019-02-14 00:00:00",3512,1056
"2019-02-15 00:00:00",2664,988
"2019-02-16 00:00:00",5162,1213
"2019-02-17 00:00:00",3781,1245
"2019-02-18 00:00:00",3378,1089
"2019-02-19 00:00:00",1744,1024
"2019-02-20 00:00:00",1914,1776
"2019-02-21 00:00:00",2235,1288
"2019-02-22 00:00:00",3069,1186
"2019-02-23 00:00:00",3655,1199
"2019-02-24 00:00:00",3140,738
"2019-02-25 00:00:00",3306,828
"2019-02-26 00:00:00",3710,847
"2019-02-27 00:00:00",1975,862
"2019-02-28 00:00:00",1518,864
"2019-03-01 00:00:00",2647,1049
"2019-03-02 00:00:00",4159,1307
"2019-03-03 00:00:00",5647,1263
"2019-03-04 00:00:00",4297,987
"2019-03-05 00:00:00",3759,1036
"2019-03-06 00:00:00",3952,1083
"2019-03-07 00:00:00",4671,966
"2019-03-08 00:00:00",5282,1270
"2019-03-09 00:00:00",5000,1188
"2019-03-10 00:00:00",3902,1104
"2019-03-11 00:00:00",2928,1112
"2019-03-12 00:00:00",3381,1100
"2019-03-13 00:00:00",2851,1104
"2019-03-14 00:00:00",2852,1033
"2019-03-15 00:00:00",3286,1282
"2019-03-16 00:00:00",5991,1378
"2019-03-17 00:00:00",5462,1124
"2019-03-18 00:00:00",3322,1003
"2019-03-19 00:00:00",3493,1037
"2019-03-20 00:00:00",3546,1141
"2019-03-21 00:00:00",2944,1479
"2019-03-22 00:00:00",3395,1445
"2019-03-23 00:00:00",4786,1166
"2019-03-24 00:00:00",4941,1248
"2019-03-25 00:00:00",3853,1312
"2019-03-26 00:00:00",3372,1441
"2019-03-27 00:00:00",3113,1307
"2019-03-28 00:00:00",2718,1297
"2019-03-29 00:00:00",25359,1240
"2019-03-30 00:00:00",7700,1719
"2019-03-31 00:00:00",8934,1804
"2019-04-01 00:00:00",6705,1278
"2019-04-02 00:00:00",4073,1298
"2019-04-03 00:00:00",3281,953
"2019-04-04 00:00:00",2747,1038
"2019-04-05 00:00:00",2702,936
"2019-04-06 00:00:00",3235,1019
"2019-04-07 00:00:00",3287,865
"2019-04-08 00:00:00",2452,863
"2019-04-09 00:00:00",2573,859
"2019-04-10 00:00:00",2754,773
"2019-04-11 00:00:00",2357,706
"2019-04-12 00:00:00",2921,764
"2019-04-13 00:00:00",5399,1135
"2019-04-14 00:00:00",6216,1008
"2019-04-15 00:00:00",2985,742
"2019-04-16 00:00:00",3072,820
"2019-04-17 00:00:00",3311,987
"2019-04-18 00:00:00",3540,874
"2019-04-19 00:00:00",4133,878
"2019-04-20 00:00:00",3610,993
"2019-04-21 00:00:00",3730,815
"2019-04-22 00:00:00",3160,781
"2019-04-23 00:00:00",2904,865
"2019-04-24 00:00:00",2791,1006
"2019-04-25 00:00:00",2695,897
"2019-04-26 00:00:00",2422,778
"2019-04-27 00:00:00",3456,1124
"2019-04-28 00:00:00",3509,1016
"2019-04-29 00:00:00",2866,919
"2019-04-30 00:00:00",2828,942
"2019-05-01 00:00:00",4035,1140
"2019-05-02 00:00:00",3754,1058
"2019-05-03 00:00:00",3274,859
"2019-05-04 00:00:00",3774,1117
"2019-05-05 00:00:00",3463,949
"2019-05-06 00:00:00",2705,930
"2019-05-07 00:00:00",1433,850
"2019-05-08 00:00:00",3294,801
"2019-05-09 00:00:00",3121,1003
"2019-05-10 00:00:00",4251,1179
"2019-05-11 00:00:00",6191,1108
"2019-05-12 00:00:00",4492,972
"2019-05-13 00:00:00",3772,885
"2019-05-14 00:00:00",2920,955
"2019-05-15 00:00:00",1632,780
"2019-05-16 00:00:00",1233,963
"2019-05-17 00:00:00",1585,810
"2019-05-18 00:00:00",1679,906
"2019-05-19 00:00:00",2223,975
"2019-05-20 00:00:00",2196,829
"2019-05-21 00:00:00",2031,900
"2019-05-22 00:00:00",1806,1170
"2019-05-23 00:00:00",1594,1067
"2019-05-24 00:00:00",2306,1211
"2019-05-25 00:00:00",3621,1155
"2019-05-26 00:00:00",3621,1135
"2019-05-27 00:00:00",3051,1418
"2019-05-28 00:00:00",4127,1066
"2019-05-29 00:00:00",3682,1034
"2019-05-30 00:00:00",4282,1527
"2019-05-31 00:00:00",3422,1210
"2019-06-01 00:00:00",2031,866
"2019-06-02 00:00:00",2087,893
"2019-06-03 00:00:00",2034,894
"2019-06-04 00:00:00",1680,789
"2019-06-05 00:00:00",1974,1230
"2019-06-06 00:00:00",1516,1185
"2019-06-07 00:00:00",2383,1376
"2019-06-08 00:00:00",2217,887
"2019-06-09 00:00:00",3475,1297
"2019-06-10 00:00:00",1901,1120
"2019-06-11 00:00:00",2329,1243
"2019-06-12 00:00:00",2051,1760
"2019-06-13 00:00:00",2270,1993
"2019-06-14 00:00:00",2310,1050
"2019-06-15 00:00:00",2379,990
"2019-06-16 00:00:00",2856,1207
"2019-06-17 00:00:00",1968,1056
"2019-06-18 00:00:00",1817,1205
"2019-06-19 00:00:00",1839,1137
"2019-06-20 00:00:00",1470,761
"2019-06-21 00:00:00",2168,1124
"2019-06-22 00:00:00",2603,1271
"2019-06-23 00:00:00",2469,1272
"2019-06-24 00:00:00",2678,1098
"2019-06-25 00:00:00",1983,823
"2019-06-26 00:00:00",1817,954
"2019-06-27 00:00:00",924,869
"2019-06-28 00:00:00",1170,642
"2019-06-29 00:00:00",1960,895
"2019-06-30 00:00:00",1305,757
"2019-07-01 00:00:00",931,566
"2019-07-02 00:00:00",936,572
"2019-07-03 00:00:00",1007,787
"2019-07-04 00:00:00",1746,782
"2019-07-05 00:00:00",1520,643
"2019-07-06 00:00:00",2186,862
"2019-07-07 00:00:00",2060,818
"2019-07-08 00:00:00",1662,944
"2019-07-09 00:00:00",1618,1338
"2019-07-10 00:00:00",1693,984
"2019-07-11 00:00:00",1260,625
"2019-07-12 00:00:00",1698,698
"2019-07-13 00:00:00",2021,754
"2019-07-14 00:00:00",1929,803
"2019-07-15 00:00:00",1753,765
"2019-07-16 00:00:00",740,427
"2019-07-17 00:00:00",2033,720
"2019-07-18 00:00:00",2915,1399
"2019-07-19 00:00:00",2170,789
"2019-07-20 00:00:00",3698,1056
"2019-07-21 00:00:00",3984,777
"2019-07-22 00:00:00",2777,645
"2019-07-23 00:00:00",2986,697
"2019-07-24 00:00:00",2097,741
"2019-07-25 00:00:00",1951,594
"2019-07-26 00:00:00",3361,704
"2019-07-27 00:00:00",3370,622
"2019-07-28 00:00:00",3354,603
"2019-07-29 00:00:00",3209,763
"2019-07-30 00:00:00",3520,684
"2019-07-31 00:00:00",2835,785
"2019-08-01 00:00:00",2343,751
"2019-08-02 00:00:00",2066,769
"2019-08-03 00:00:00",2658,771
"2019-08-04 00:00:00",2555,1203
"2019-08-05 00:00:00",2417,946
"2019-08-06 00:00:00",1450,738
"2019-08-07 00:00:00",1896,934
"2019-08-08 00:00:00",2026,829
"2019-08-09 00:00:00",2147,655
"2019-08-10 00:00:00",1569,591
"2019-08-11 00:00:00",1646,736
"2019-08-12 00:00:00",1747,711
"2019-08-13 00:00:00",1529,1075
"2019-08-14 00:00:00",1979,722
"2019-08-15 00:00:00",1944,649
"2019-08-16 00:00:00",1866,803
"2019-08-17 00:00:00",2804,829
"2019-08-18 00:00:00",2892,854
"2019-08-19 00:00:00",1682,641
"2019-08-20 00:00:00",2044,785
"2019-08-21 00:00:00",1718,616
"2019-08-22 00:00:00",1733,802
"2019-08-23 00:00:00",2225,812
"2019-08-24 00:00:00",2804,862
"2019-08-25 00:00:00",2090,698
"2019-08-26 00:00:00",1460,552
"2019-08-27 00:00:00",2391,556
"2019-08-28 00:00:00",2368,701
"2019-08-29 00:00:00",2372,635
"2019-08-30 00:00:00",1819,548
"2019-08-31 00:00:00",3729,1063
"2019-09-01 00:00:00",3748,850
"2019-09-02 00:00:00",3381,605
"2019-09-03 00:00:00",2401,550
"2019-09-04 00:00:00",1622,645
"2019-09-05 00:00:00",1212,485
"2019-09-06 00:00:00",1010,479
"2019-09-07 00:00:00",1008,480
"2019-09-08 00:00:00",1021,426
"2019-09-09 00:00:00",871,511
"2019-09-10 00:00:00",690,462
"2019-09-11 00:00:00",777,487
"2019-09-12 00:00:00",716,583
"2019-09-13 00:00:00",738,549
"2019-09-14 00:00:00",2264,612
"2019-09-15 00:00:00",1771,766
"2019-09-16 00:00:00",860,387
"2019-09-17 00:00:00",536,535
"2019-09-18 00:00:00",711,424
"2019-09-19 00:00:00",664,449
"2019-09-20 00:00:00",485,397
"2019-09-21 00:00:00",1677,641
"2019-09-22 00:00:00",1531,556
"2019-09-23 00:00:00",887,617
"2019-09-24 00:00:00",779,450
"2019-09-25 00:00:00",635,435
"2019-09-26 00:00:00",684,454
"2019-09-27 00:00:00",544,440
"2019-09-28 00:00:00",1492,528
"2019-09-29 00:00:00",1759,796
"2019-09-30 00:00:00",1550,510
"2019-10-01 00:00:00",2963,606
"2019-10-02 00:00:00",2664,606
"2019-10-03 00:00:00",3163,805
"2019-10-04 00:00:00",2329,992
"2019-10-05 00:00:00",2737,704
"2019-10-06 00:00:00",1740,1070
"2019-10-07 00:00:00",2225,917
"2019-10-08 00:00:00",2159,1076
"2019-10-09 00:00:00",4509,891
"2019-10-10 00:00:00",2963,749
"2019-10-11 00:00:00",4334,738
"2019-10-12 00:00:00",2332,875
"2019-10-13 00:00:00",2473,618
"2019-10-14 00:00:00",2934,462
"2019-10-15 00:00:00",3996,621
"2019-10-16 00:00:00",2540,905
"2019-10-17 00:00:00",3873,755
"2019-10-18 00:00:00",3418,726
"2019-10-19 00:00:00",3056,850
"2019-10-20 00:00:00",7719,815
"2019-10-21 00:00:00",2239,872
"2019-10-22 00:00:00",2176,1032
"2019-10-23 00:00:00",1550,642
"2019-10-24 00:00:00",1541,669
"2019-10-25 00:00:00",1745,809
"2019-10-26 00:00:00",2932,990
"2019-10-27 00:00:00",2716,883
"2019-10-28 00:00:00",2718,952
"2019-10-29 00:00:00",2039,789
"2019-10-30 00:00:00",1957,753
"2019-10-31 00:00:00",1884,800
"2019-11-01 00:00:00",2517,823
"2019-11-02 00:00:00",3029,914
"2019-11-03 00:00:00",2276,736
"2019-11-04 00:00:00",2060,803
"2019-11-05 00:00:00",2329,692
"2019-11-06 00:00:00",4081,760
"2019-11-07 00:00:00",5197,571
"2019-11-08 00:00:00",4012,580
"2019-11-09 00:00:00",4220,846
"2019-11-10 00:00:00",4227,788
"2019-11-11 00:00:00",2684,727
"2019-11-12 00:00:00",3063,661
"2019-11-13 00:00:00",2951,845
"2019-11-14 00:00:00",2087,551
"2019-11-15 00:00:00",2467,522
"2019-11-16 00:00:00",2540,606
"2019-11-17 00:00:00",2039,662
"2019-11-18 00:00:00",2461,605
"2019-11-19 00:00:00",2387,573
"2019-11-20 00:00:00",2427,594
"2019-11-21 00:00:00",2005,586
"2019-11-22 00:00:00",11655,798
"2019-11-23 00:00:00",16138,1336
"2019-11-24 00:00:00",19246,1010
"2019-11-25 00:00:00",9273,1085
"2019-11-26 00:00:00",11258,1000
"2019-11-27 00:00:00",11283,941
"2019-11-28 00:00:00",9185,1002
"2019-11-29 00:00:00",16992,1288
"2019-11-30 00:00:00",12286,1194
"2019-12-01 00:00:00",15070,1448
"2019-12-02 00:00:00",13080,1017
"2019-12-03 00:00:00",7181,973
"2019-12-04 00:00:00",6584,1100
"2019-12-05 00:00:00",9076,1176
"2019-12-06 00:00:00",6771,1327
"2019-12-07 00:00:00",8050,1316
"2019-12-08 00:00:00",9451,1569
"2019-12-09 00:00:00",7807,1461
"2019-12-10 00:00:00",6508,1368
"2019-12-11 00:00:00",6553,1505
"2019-12-12 00:00:00",7117,1248
"2019-12-13 00:00:00",4800,1074
"2019-12-14 00:00:00",5191,1093
"2019-12-15 00:00:00",5150,1010
"2019-12-16 00:00:00",3988,969
"2019-12-17 00:00:00",3029,990
"2019-12-18 00:00:00",5144,1111
"2019-12-19 00:00:00",4698,1320
"2019-12-20 00:00:00",3675,1388
"2019-12-21 00:00:00",5118,1715
"2019-12-22 00:00:00",6671,1715
"2019-12-23 00:00:00",3489,1094
"2019-12-24 00:00:00",3878,1156
"2019-12-25 00:00:00",4417,851
"2019-12-26 00:00:00",4510,1091
"2019-12-27 00:00:00",6179,1217
"2019-12-28 00:00:00",4942,1855
"2019-12-29 00:00:00",6239,1394
"2019-12-30 00:00:00",4274,1064
"2019-12-31 00:00:00",4342,1301
"2020-01-01 00:00:00",5972,1502
"2020-01-02 00:00:00",7028,1762
"2020-01-03 00:00:00",6779,1507
"2020-01-04 00:00:00",9978,2074
"2020-01-05 00:00:00",7943,1685
"2020-01-06 00:00:00",4715,1265
"2020-01-07 00:00:00",6094,1988
"2020-01-08 00:00:00",4350,1488
"2020-01-09 00:00:00",5833,1338
"2020-01-10 00:00:00",4679,1348
"2020-01-11 00:00:00",5691,1530
"2020-01-12 00:00:00",7333,1324
"2020-01-13 00:00:00",6184,1414
"2020-01-14 00:00:00",7553,1311
"2020-01-15 00:00:00",5630,1162
"2020-01-16 00:00:00",3660,853
"2020-01-17 00:00:00",3749,1160
"2020-01-18 00:00:00",6306,1232
"2020-01-19 00:00:00",7230,1173
"2020-01-20 00:00:00",11671,1185
"2020-01-21 00:00:00",7922,1093
"2020-01-22 00:00:00",6680,1283
"2020-01-23 00:00:00",8255,1098
"2020-01-24 00:00:00",15073,1479
"2020-01-25 00:00:00",9491,1247
"2020-01-26 00:00:00",10713,1244
"2020-01-27 00:00:00",8243,1088
"2020-01-28 00:00:00",6380,1350
"2020-01-29 00:00:00",4863,1134
"2020-01-30 00:00:00",4036,848
"2020-01-31 00:00:00",4043,1178
"2020-02-01 00:00:00",6359,1031
"2020-02-02 00:00:00",6034,899
"2020-02-03 00:00:00",3461,923
"2020-02-04 00:00:00",1992,706
"2020-02-05 00:00:00",2203,881
"2020-02-06 00:00:00",1694,984
"2020-02-07 00:00:00",1942,1123
"2020-02-08 00:00:00",6242,2855
"2020-02-09 00:00:00",10628,3664
"2020-02-10 00:00:00",3626,2009
"2020-02-11 00:00:00",9179,1735
"2020-02-12 00:00:00",3801,977
"2020-02-13 00:00:00",3879,1293
"2020-02-14 00:00:00",3259,887
"2020-02-15 00:00:00",3444,1033
"2020-02-16 00:00:00",2541,987
"2020-02-17 00:00:00",4088,968
"2020-02-18 00:00:00",3117,992
"2020-02-19 00:00:00",2960,1077
"2020-02-20 00:00:00",3565,1079
"2020-02-21 00:00:00",4499,1122
"2020-02-22 00:00:00",4952,1236
"2020-02-23 00:00:00",5152,1329
"2020-02-24 00:00:00",4718,1851
"2020-02-25 00:00:00",4047,1153
"2020-02-26 00:00:00",3971,1169
"2020-02-27 00:00:00",4840,1196
"2020-02-28 00:00:00",5735,1195
"2020-02-29 00:00:00",7482,1790
"2020-03-01 00:00:00",6167,1761
"2020-03-02 00:00:00",9837,1637
"2020-03-03 00:00:00",3751,982
"2020-03-04 00:00:00",3101,1658
"2020-03-05 00:00:00",3350,956
"2020-03-06 00:00:00",3106,1772
"2020-03-07 00:00:00",5803,1280
"2020-03-08 00:00:00",3153,1013
"2020-03-09 00:00:00",2330,1126
"2020-03-10 00:00:00",4458,1437
"2020-03-11 00:00:00",7531,903
"2020-03-12 00:00:00",2986,466
"2020-03-13 00:00:00",1635,759
"2020-03-14 00:00:00",4061,1031
"2020-03-15 00:00:00",4954,961
"2020-03-16 00:00:00",5567,638
"2020-03-17 00:00:00",6135,1162
"2020-03-18 00:00:00",8499,1047
"2020-03-19 00:00:00",5187,1129
"2020-03-20 00:00:00",4541,1074
"2020-03-21 00:00:00",4771,1469
"2020-03-22 00:00:00",4678,888
"2020-03-23 00:00:00",3552,1410
"2020-03-24 00:00:00",2720,1041
"2020-03-25 00:00:00",2093,1143
"2020-03-26 00:00:00",4430,1171
"2020-03-27 00:00:00",3842,1077
"2020-03-28 00:00:00",7112,1376
"2020-03-29 00:00:00",4390,1231
"2020-03-30 00:00:00",3826,1136
"2020-03-31 00:00:00",15629,1220
"2020-04-01 00:00:00",4662,2005
"2020-04-02 00:00:00",2823,1007
"2020-04-03 00:00:00",5744,1411
"2020-04-04 00:00:00",9337,1326
"2020-04-05 00:00:00",4324,1499
"2020-04-06 00:00:00",5533,1226
"2020-04-07 00:00:00",3175,892
"2020-04-08 00:00:00",2584,1056
"2020-04-09 00:00:00",2814,1227
"2020-04-10 00:00:00",3021,997
"2020-04-11 00:00:00",5929,1498
"2020-04-12 00:00:00",5426,1488
"2020-04-13 00:00:00",4074,1198
"2020-04-14 00:00:00",5613,3239
"2020-04-15 00:00:00",3764,1351
"2020-04-16 00:00:00",2346,1010
"2020-04-17 00:00:00",3067,1000
"2020-04-18 00:00:00",3718,1210
"2020-04-19 00:00:00",3821,1443
"2020-04-20 00:00:00",2225,918
"2020-04-21 00:00:00",3156,992
"2020-04-22 00:00:00",2545,1191
"2020-04-23 00:00:00",2865,992
"2020-04-24 00:00:00",2383,943
"2020-04-25 00:00:00",3230,1485
"2020-04-26 00:00:00",3305,1164
"2020-04-27 00:00:00",3531,952
"2020-04-28 00:00:00",2894,1231
"2020-04-29 00:00:00",1958,771
"2020-04-30 00:00:00",1570,717
"2020-05-01 00:00:00",2642,1399
"2020-05-02 00:00:00",2570,1204
"2020-05-03 00:00:00",3534,1701
"2020-05-04 00:00:00",2321,945
"2020-05-05 00:00:00",1921,974
"2020-05-06 00:00:00",1533,801
"2020-05-07 00:00:00",1330,656
"2020-05-08 00:00:00",1854,735
"2020-05-09 00:00:00",2281,1028
"2020-05-10 00:00:00",1699,849
"2020-05-11 00:00:00",1877,751
"2020-05-12 00:00:00",1670,775
"2020-05-13 00:00:00",1719,648
"2020-05-14 00:00:00",1404,648
"2020-05-15 00:00:00",1700,986
"2020-05-16 00:00:00",2476,901
"2020-05-17 00:00:00",2531,1038
"2020-05-18 00:00:00",1735,696
"2020-05-19 00:00:00",1527,765
"2020-05-20 00:00:00",1629,915
"2020-05-21 00:00:00",1581,744
"2020-05-22 00:00:00",1649,906
"2020-05-23 00:00:00",3129,1727
"2020-05-24 00:00:00",3270,1090
"2020-05-25 00:00:00",2772,630
"2020-05-26 00:00:00",2238,749
"2020-05-27 00:00:00",2168,661
"2020-05-28 00:00:00",1908,745
"2020-05-29 00:00:00",1934,734
"2020-05-30 00:00:00",1703,627
"2020-05-31 00:00:00",1047,816
"2020-06-01 00:00:00",1141,608
"2020-06-02 00:00:00",863,558
"2020-06-03 00:00:00",989,597
"2020-06-04 00:00:00",2443,857
"2020-06-05 00:00:00",1458,813
"2020-06-06 00:00:00",2138,859
"2020-06-07 00:00:00",1554,688
"2020-06-08 00:00:00",1404,566
"2020-06-09 00:00:00",1144,615
"2020-06-10 00:00:00",1054,691
"2020-06-11 00:00:00",2493,728
"2020-06-12 00:00:00",1668,570
"2020-06-13 00:00:00",1585,739
"2020-06-14 00:00:00",2046,1106
"2020-06-15 00:00:00",1436,650
"2020-06-16 00:00:00",2107,568
"2020-06-17 00:00:00",977,548
"2020-06-18 00:00:00",1387,484
"2020-06-19 00:00:00",1008,584
"2020-06-20 00:00:00",1908,874
"2020-06-21 00:00:00",2217,730
"2020-06-22 00:00:00",1211,515
"2020-06-23 00:00:00",2865,480
"2020-06-24 00:00:00",1158,540
"2020-06-25 00:00:00",2146,550
"2020-06-26 00:00:00",1382,465
"2020-06-27 00:00:00",1542,534
"2020-06-28 00:00:00",1055,508
"2020-06-29 00:00:00",907,553
"2020-06-30 00:00:00",2599,501
"2020-07-01 00:00:00",1181,710
"2020-07-02 00:00:00",1706,587
"2020-07-03 00:00:00",1260,686
"2020-07-04 00:00:00",2450,804
"2020-07-05 00:00:00",1790,708
"2020-07-06 00:00:00",1300,725
"2020-07-07 00:00:00",1288,769
"2020-07-08 00:00:00",1323,1196
"2020-07-09 00:00:00",1792,1133
"2020-07-10 00:00:00",1904,1000
"2020-07-11 00:00:00",3032,1085
"2020-07-12 00:00:00",1963,1083
"2020-07-13 00:00:00",1046,629
"2020-07-14 00:00:00",1073,692
"2020-07-15 00:00:00",1154,712
"2020-07-16 00:00:00",1341,689
"2020-07-17 00:00:00",1066,573
"2020-07-18 00:00:00",1453,661
"2020-07-19 00:00:00",956,491
"2020-07-20 00:00:00",919,466
"2020-07-21 00:00:00",1017,559
"2020-07-22 00:00:00",958,544
"2020-07-23 00:00:00",903,532
"2020-07-24 00:00:00",1130,469
"2020-07-25 00:00:00",1161,580
"2020-07-26 00:00:00",949,446
"2020-07-27 00:00:00",615,414
"2020-07-28 00:00:00",681,483
"2020-07-29 00:00:00",753,389
"2020-07-30 00:00:00",935,523
"2020-07-31 00:00:00",745,370
"2020-08-01 00:00:00",836,411
"2020-08-02 00:00:00",837,495
"2020-08-03 00:00:00",793,354
"2020-08-04 00:00:00",4834,514
"2020-08-05 00:00:00",1355,639
"2020-08-06 00:00:00",961,724
"2020-08-07 00:00:00",758,753
"2020-08-08 00:00:00",943,847
"2020-08-09 00:00:00",746,547
"2020-08-10 00:00:00",487,395
"2020-08-11 00:00:00",451,362
"2020-08-12 00:00:00",224,130
"2020-08-13 00:00:00",648,390
"2020-08-14 00:00:00",468,536
"2020-08-15 00:00:00",592,389
"2020-08-16 00:00:00",585,664
"2020-08-17 00:00:00",469,420
"2020-08-18 00:00:00",666,440
"2020-08-19 00:00:00",605,390
"2020-08-20 00:00:00",798,483
"2020-08-21 00:00:00",535,368
"2020-08-22 00:00:00",599,452
"2020-08-23 00:00:00",752,597
"2020-08-24 00:00:00",566,442
"2020-08-25 00:00:00",691,568
"2020-08-26 00:00:00",746,448
"2020-08-27 00:00:00",741,592
"2020-08-28 00:00:00",760,676
"2020-08-29 00:00:00",1587,1657
"2020-08-30 00:00:00",1283,1271
"2020-08-31 00:00:00",727,562
"2020-09-01 00:00:00",138,101
"2020-09-02 00:00:00",505,212
"2020-09-03 00:00:00",836,348
"2020-09-04 00:00:00",874,653
"2020-09-05 00:00:00",765,414
"2020-09-06 00:00:00",829,740
"2020-09-07 00:00:00",1052,618
"2020-09-08 00:00:00",804,632
"2020-09-09 00:00:00",865,609
"2020-09-10 00:00:00",697,546
"2020-09-11 00:00:00",802,594
"2020-09-12 00:00:00",786,585
"2020-09-13 00:00:00",928,687
"2020-09-14 00:00:00",743,550
"2020-09-15 00:00:00",2174,849
"2020-09-16 00:00:00",1892,829
"2020-09-17 00:00:00",1295,215
"2020-09-18 00:00:00",2255,980
"2020-09-19 00:00:00",831,1036
"2020-09-20 00:00:00",1004,1334
"2020-09-21 00:00:00",734,1054
"2020-09-22 00:00:00",2641,3091
"2020-09-23 00:00:00",2809,6949
"2020-09-24 00:00:00",1993,3094
"2020-09-25 00:00:00",1551,3771
"2020-09-26 00:00:00",1440,2453
"2020-09-27 00:00:00",1550,2464
"2020-09-28 00:00:00",1389,2136
"2020-09-29 00:00:00",1147,1666
"2020-09-30 00:00:00",1194,1352
"2020-10-01 00:00:00",1123,1189
"2020-10-02 00:00:00",1138,1313
"2020-10-03 00:00:00",1566,1349
"2020-10-04 00:00:00",1233,1371
"2020-10-05 00:00:00",1267,1174
"2020-10-06 00:00:00",1584,1676
"2020-10-07 00:00:00",1261,1380
"2020-10-08 00:00:00",1408,1115
"2020-10-09 00:00:00",1373,1269
"2020-10-10 00:00:00",1385,1085
"2020-10-11 00:00:00",1537,1335
"2020-10-12 00:00:00",1288,1080
"2020-10-13 00:00:00",1451,967
"2020-10-14 00:00:00",1435,1265
"2020-10-15 00:00:00",1421,1246
"2020-10-16 00:00:00",1522,877
"2020-10-17 00:00:00",1900,1488
"2020-10-18 00:00:00",1873,1256
"2020-10-19 00:00:00",1673,1000
"2020-10-20 00:00:00",1261,914
"2020-10-21 00:00:00",1153,817
"2020-10-22 00:00:00",1159,926
"2020-10-23 00:00:00",1464,1562
"2020-10-24 00:00:00",2919,1774
"2020-10-25 00:00:00",3965,1564
"2020-10-26 00:00:00",2296,1417
"2020-10-27 00:00:00",2665,1466
"2020-10-28 00:00:00",1977,1200
"2020-10-29 00:00:00",2050,1442
"2020-10-30 00:00:00",2313,1271
"2020-10-31 00:00:00",3268,1457
"2020-11-01 00:00:00",2031,1045
"2020-11-02 00:00:00",1476,952
"2020-11-03 00:00:00",1559,1007
"2020-11-04 00:00:00",1632,1012
"2020-11-05 00:00:00",1540,920
"2020-11-06 00:00:00",1311,923
"2020-11-07 00:00:00",1702,943
"2020-11-08 00:00:00",2355,1294
"2020-11-09 00:00:00",1811,945
"2020-11-10 00:00:00",1833,1213
"2020-11-11 00:00:00",1806,1274
"2020-11-12 00:00:00",15318,1664
"2020-11-13 00:00:00",1502,1886
"2020-11-14 00:00:00",2251,1858
"2020-11-15 00:00:00",1949,1934
"2020-11-16 00:00:00",1741,1367
"2020-11-17 00:00:00",1180,1237
"2020-11-18 00:00:00",1152,1423
"2020-11-19 00:00:00",1614,1519
"2020-11-20 00:00:00",1249,1170
"2020-11-21 00:00:00",1352,1099
"2020-11-22 00:00:00",1417,1176
"2020-11-23 00:00:00",944,930
"2020-11-24 00:00:00",878,800
"2020-11-25 00:00:00",1336,844
"2020-11-26 00:00:00",1185,742
"2020-11-27 00:00:00",3325,1232
"2020-11-28 00:00:00",3090,1139
"2020-11-29 00:00:00",2483,1091
"2020-11-30 00:00:00",1106,696
"2020-12-01 00:00:00",1338,823
"2020-12-02 00:00:00",2017,900
"2020-12-03 00:00:00",1731,787
"2020-12-04 00:00:00",2074,944
"2020-12-05 00:00:00",2432,1004
"2020-12-06 00:00:00",2531,1209
"2020-12-07 00:00:00",1783,1026
"2020-12-08 00:00:00",1539,935
"2020-12-09 00:00:00",1458,762
"2020-12-10 00:00:00",1897,857
"2020-12-11 00:00:00",7162,1089
"2020-12-12 00:00:00",2601,1311
"2020-12-13 00:00:00",2008,1167
"2020-12-14 00:00:00",1715,852
"2020-12-15 00:00:00",1289,872
"2020-12-16 00:00:00",1228,668
"2020-12-17 00:00:00",790,465
"2020-12-18 00:00:00",1679,787
"2020-12-19 00:00:00",2079,756
"2020-12-20 00:00:00",2156,1043
"2020-12-21 00:00:00",1575,643
"2020-12-22 00:00:00",1811,1054
"2020-12-23 00:00:00",1447,638
"2020-12-24 00:00:00",1642,838
"2020-12-25 00:00:00",1178,775
"2020-12-26 00:00:00",1583,716
"2020-12-27 00:00:00",1515,739
"2020-12-28 00:00:00",1027,682
"2020-12-29 00:00:00",1131,756
"2020-12-30 00:00:00",952,659
"2020-12-31 00:00:00",1159,553
"2021-01-01 00:00:00",2814,773
"2021-01-02 00:00:00",1464,728
"2021-01-03 00:00:00",722,491
"2021-01-04 00:00:00",853,560
"2021-01-05 00:00:00",849,634
"2021-01-06 00:00:00",1010,614
"2021-01-07 00:00:00",743,576
"2021-01-08 00:00:00",1292,849
"2021-01-09 00:00:00",1219,734
"2021-01-10 00:00:00",1060,769
"2021-01-11 00:00:00",702,600
"2021-01-12 00:00:00",990,699
"2021-01-13 00:00:00",1649,828
"2021-01-14 00:00:00",2095,681
"2021-01-15 00:00:00",1756,714
"2021-01-16 00:00:00",2840,587
"2021-01-17 00:00:00",1244,773
"2021-01-18 00:00:00",1085,941
"2021-01-19 00:00:00",892,735
"2021-01-20 00:00:00",1251,971
"2021-01-21 00:00:00",1394,842
"2021-01-22 00:00:00",1102,1198
"2021-01-23 00:00:00",1298,901
"2021-01-24 00:00:00",1284,1099
"2021-01-25 00:00:00",1031,805
"2021-01-26 00:00:00",1835,1214
"2021-01-27 00:00:00",1263,1002
"2021-01-28 00:00:00",962,657
"2021-01-29 00:00:00",1965,993
"2021-01-30 00:00:00",5216,1078
"2021-01-31 00:00:00",7091,1224
"2021-02-01 00:00:00",4165,1436
"2021-02-02 00:00:00",1462,2248
"2021-02-03 00:00:00",816,1541
"2021-02-04 00:00:00",904,1018
"2021-02-05 00:00:00",623,914
"2021-02-06 00:00:00",1828,1128
"2021-02-07 00:00:00",1463,1008
"2021-02-08 00:00:00",906,856
"2021-02-09 00:00:00",518,969
"2021-02-10 00:00:00",450,606
"2021-02-11 00:00:00",1935,1658
"2021-02-12 00:00:00",1881,1116
"2021-02-13 00:00:00",1820,1395
"2021-02-14 00:00:00",1829,1765
"2021-02-15 00:00:00",1555,1968
"2021-02-16 00:00:00",2569,2169
"2021-02-17 00:00:00",2097,2000
"2021-02-18 00:00:00",1796,1738
"2021-02-19 00:00:00",2310,1460
"2021-02-20 00:00:00",1675,1625
"2021-02-21 00:00:00",3717,2279
"2021-02-22 00:00:00",1670,2036
"2021-02-23 00:00:00",1303,1186
"2021-02-24 00:00:00",2072,3239
"2021-02-25 00:00:00",3005,2553
"2021-02-26 00:00:00",2438,5974
"2021-02-27 00:00:00",4706,6957
"2021-02-28 00:00:00",3261,3262
"2021-03-01 00:00:00",10697,2938
"2021-03-02 00:00:00",5327,4264
"2021-03-03 00:00:00",2839,3865
"2021-03-04 00:00:00",3146,3443
"2021-03-05 00:00:00",4520,3534
"2021-03-06 00:00:00",4260,3163
"2021-03-07 00:00:00",7410,2551
"2021-03-08 00:00:00",6305,3801
"2021-03-09 00:00:00",5120,3292
"2021-03-10 00:00:00",8624,3362
"2021-03-11 00:00:00",4704,3162
"2021-03-12 00:00:00",4344,2944
"2021-03-13 00:00:00",7945,3177
"2021-03-14 00:00:00",5110,4138
"2021-03-15 00:00:00",3955,3373
"2021-03-16 00:00:00",5802,3372
"2021-03-17 00:00:00",6453,3121
"2021-03-18 00:00:00",6487,3513
"2021-03-19 00:00:00",7033,3090
"2021-03-20 00:00:00",5951,3216
"2021-03-21 00:00:00",9780,3663
"2021-03-22 00:00:00",3956,3486
"2021-03-23 00:00:00",4460,2778
"2021-03-24 00:00:00",2947,2380
"2021-03-25 00:00:00",2962,2186
"2021-03-26 00:00:00",5864,2519
"2021-03-27 00:00:00",4775,2368
"2021-03-28 00:00:00",4447,2396
"2021-03-29 00:00:00",3673,2668
"2021-03-30 00:00:00",3114,2079
"2021-03-31 00:00:00",2828,1720
"2021-04-01 00:00:00",2848,1757
"2021-04-02 00:00:00",3044,910
"2021-04-03 00:00:00",3900,1739
"2021-04-04 00:00:00",3966,2519
"2021-04-05 00:00:00",3694,1863
"2021-04-06 00:00:00",2987,1754
"2021-04-07 00:00:00",6674,1765
"2021-04-08 00:00:00",4247,1971
"2021-04-09 00:00:00",4091,2019
"2021-04-10 00:00:00",4768,1991
"2021-04-11 00:00:00",4919,2229
"2021-04-12 00:00:00",3572,1837
"2021-04-13 00:00:00",3364,2082
"2021-04-14 00:00:00",5824,1510
"2021-04-15 00:00:00",3650,1516
"2021-04-16 00:00:00",3481,1916
"2021-04-17 00:00:00",4114,1621
"2021-04-18 00:00:00",3479,1487
"2021-04-19 00:00:00",2633,1157
"2021-04-20 00:00:00",2186,580
"2021-04-21 00:00:00",2357,1447
"2021-04-22 00:00:00",3939,1393
"2021-04-23 00:00:00",3965,1948
"2021-04-24 00:00:00",3936,1437
"2021-04-25 00:00:00",4052,1739
"2021-04-26 00:00:00",4382,1483
"2021-04-27 00:00:00",5894,1609
"2021-04-28 00:00:00",4519,1414
"2021-04-29 00:00:00",3316,2131
"2021-04-30 00:00:00",3347,3526
"2021-05-01 00:00:00",12373,4992
"2021-05-02 00:00:00",3259,4874
"2021-05-03 00:00:00",11806,4574
"2021-05-04 00:00:00",3904,4491
"2021-05-05 00:00:00",3222,3802
"2021-05-06 00:00:00",3516,3305
"2021-05-07 00:00:00",3038,3358
"2021-05-08 00:00:00",2127,2085
"2021-05-09 00:00:00",2480,2620
"2021-05-10 00:00:00",1166,1330
"2021-05-11 00:00:00",3736,1290
"2021-05-12 00:00:00",4491,1643
"2021-05-13 00:00:00",6775,2562
"2021-05-14 00:00:00",5090,3463
"2021-05-15 00:00:00",4436,3867
"2021-05-16 00:00:00",5246,3610
"2021-05-17 00:00:00",4106,3712
"2021-05-18 00:00:00",4445,3896
"2021-05-19 00:00:00",3359,2966
"2021-05-20 00:00:00",5333,3877
"2021-05-21 00:00:00",5609,3916
"2021-05-22 00:00:00",9441,4702
"2021-05-23 00:00:00",9464,3702
"2021-05-24 00:00:00",6028,3963
"2021-05-25 00:00:00",6133,4360
"2021-05-26 00:00:00",5358,4486
"2021-05-27 00:00:00",7475,4606
"2021-05-28 00:00:00",7725,4682
"2021-05-29 00:00:00",7495,5617
"2021-05-30 00:00:00",7619,6116
"2021-05-31 00:00:00",10765,5778
"2021-06-01 00:00:00",11667,6757
"2021-06-02 00:00:00",6879,6275
"2021-06-03 00:00:00",6785,5658
"2021-06-04 00:00:00",7843,6433
"2021-06-05 00:00:00",7929,6154
"2021-06-06 00:00:00",8272,6155
"2021-06-07 00:00:00",7561,6365
"2021-06-08 00:00:00",8909,6495
"2021-06-09 00:00:00",10039,6160
"2021-06-10 00:00:00",11149,6378
"2021-06-11 00:00:00",17429,7995
"2021-06-12 00:00:00",10475,7023
"2021-06-13 00:00:00",11009,6807
"2021-06-14 00:00:00",14328,6373
"2021-06-15 00:00:00",19743,7921
"2021-06-16 00:00:00",12352,8172
"2021-06-17 00:00:00",13550,7124
"2021-06-18 00:00:00",22375,10192
"2021-06-19 00:00:00",23580,10521
"2021-06-20 00:00:00",26549,13619
"2021-06-21 00:00:00",22960,15669
"2021-06-22 00:00:00",12689,10821
"2021-06-23 00:00:00",12426,10368
"2021-06-24 00:00:00",17279,11155
"2021-06-25 00:00:00",22864,11686
"2021-06-26 00:00:00",19491,13980
"2021-06-27 00:00:00",41847,17829
"2021-06-28 00:00:00",18732,16462
"2021-06-29 00:00:00",27816,16455
"2021-06-30 00:00:00",51696,16560
"2021-07-01 00:00:00",34007,17663
"2021-07-02 00:00:00",22440,16392
"2021-07-03 00:00:00",26867,17474
"2021-07-04 00:00:00",19983,19420
"2021-07-05 00:00:00",27746,17595
"2021-07-06 00:00:00",20086,21189
"2021-07-07 00:00:00",20997,21411
"2021-07-08 00:00:00",30272,23172
"2021-07-09 00:00:00",18183,23002
"2021-07-10 00:00:00",20272,20671
"2021-07-11 00:00:00",20167,18817
"2021-07-12 00:00:00",14046,14288
"2021-07-13 00:00:00",17201,16910
"2021-07-14 00:00:00",17377,22757
"2021-07-15 00:00:00",49280,35769
"2021-07-16 00:00:00",56410,34364
"2021-07-17 00:00:00",31446,33972
"2021-07-18 00:00:00",20842,30570
"2021-07-19 00:00:00",22492,33428
"2021-07-20 00:00:00",31128,33589
"2021-07-21 00:00:00",24846,29445
"2021-07-22 00:00:00",37402,25304
"2021-07-23 00:00:00",50212,36246
"2021-07-24 00:00:00",43617,28861
"2021-07-25 00:00:00",52655,27383
"2021-07-26 00:00:00",45973,20028
"2021-07-27 00:00:00",51523,19435
"2021-07-28 00:00:00",69127,26459
"2021-07-29 00:00:00",76816,32538
"2021-07-30 00:00:00",76775,32722
"2021-07-31 00:00:00",79131,33859
"2021-08-01 00:00:00",71776,36645
"2021-08-02 00:00:00",73781,40598
"2021-08-03 00:00:00",76700,57710
"2021-08-04 00:00:00",67429,57596
"2021-08-05 00:00:00",81430,63418
"2021-08-06 00:00:00",103094,68459
"2021-08-07 00:00:00",119959,58294
"2021-08-08 00:00:00",120438,69861
"2021-08-09 00:00:00",125181,77819
"2021-08-10 00:00:00",100330,78844
"2021-08-11 00:00:00",96115,74536
"2021-08-12 00:00:00",87111,74012
"2021-08-13 00:00:00",89511,73335
"2021-08-14 00:00:00",76964,76317
"2021-08-15 00:00:00",103812,76175
"2021-08-16 00:00:00",91689,84632
"2021-08-17 00:00:00",89718,78980
"2021-08-18 00:00:00",71641,70276
"2021-08-19 00:00:00",72572,68100
"2021-08-20 00:00:00",73178,67710
"2021-08-21 00:00:00",100031,72441
"2021-08-22 00:00:00",70095,72541
"2021-08-23 00:00:00",73244,69454
"2021-08-24 00:00:00",84441,77710
"2021-08-25 00:00:00",75076,77782
"2021-08-26 00:00:00",104652,77525
"2021-08-27 00:00:00",131040,78407
"2021-08-28 00:00:00",89012,89971
"2021-08-29 00:00:00",90940,93254
"2021-08-30 00:00:00",72389,90558
"2021-08-31 00:00:00",92108,84968
"2021-09-01 00:00:00",83122,74712
"2021-09-02 00:00:00",59192,70592
"2021-09-03 00:00:00",66054,68359
"2021-09-04 00:00:00",66081,78107
"2021-09-05 00:00:00",79172,77542
"2021-09-06 00:00:00",79893,81645
"2021-09-07 00:00:00",71345,76107
"2021-09-08 00:00:00",73269,71365
"2021-09-09 00:00:00",87935,78769
"2021-09-10 00:00:00",66795,72121
"2021-09-11 00:00:00",85196,72246
"2021-09-12 00:00:00",92756,65232
"2021-09-13 00:00:00",69570,66626
"2021-09-14 00:00:00",75282,68767
"2021-09-15 00:00:00",92862,76230
"2021-09-16 00:00:00",78453,76479
"2021-09-17 00:00:00",82207,73272
"2021-09-18 00:00:00",99284,83034
"2021-09-19 00:00:00",65536,78938
"2021-09-20 00:00:00",77830,76802
"2021-09-21 00:00:00",76555,75015
"2021-09-22 00:00:00",72859,77186
"2021-09-23 00:00:00",66226,107804
"2021-09-24 00:00:00",85730,95137
"2021-09-25 00:00:00",86058,90750
"2021-09-26 00:00:00",83788,92153
"2021-09-27 00:00:00",87335,94055
"2021-09-28 00:00:00",54786,95227
"2021-09-29 00:00:00",76119,88940
"2021-09-30 00:00:00",85110,72003
"2021-10-01 00:00:00",94070,85038
"2021-10-02 00:00:00",80208,87380
"2021-10-03 00:00:00",76925,90692
"2021-10-04 00:00:00",76886,117432
"2021-10-05 00:00:00",53989,101368
"2021-10-06 00:00:00",71591,83882
"2021-10-07 00:00:00",89148,88808
"2021-10-08 00:00:00",96291,89121
"2021-10-09 00:00:00",65699,85896
"2021-10-10 00:00:00",81889,84653
"2021-10-11 00:00:00",83722,81114
"2021-10-12 00:00:00",82878,86323
"2021-10-13 00:00:00",97998,78156
"2021-10-14 00:00:00",74074,67496
"2021-10-15 00:00:00",57274,72240
"2021-10-16 00:00:00",82134,75236
"2021-10-17 00:00:00",86908,76766
"2021-10-18 00:00:00",101020,83276
"2021-10-19 00:00:00",60752,79025
"2021-10-20 00:00:00",70120,75387
"2021-10-21 00:00:00",74314,75060
"2021-10-22 00:00:00",86511,82234
"2021-10-23 00:00:00",79195,85688
"2021-10-24 00:00:00",55326,77544
"2021-10-25 00:00:00",55985,80556
"2021-10-26 00:00:00",59962,75226
"2021-10-27 00:00:00",60128,75600
"2021-10-28 00:00:00",56834,70943
"2021-10-29 00:00:00",48013,76453
"2021-10-30 00:00:00",41725,75737
"2021-10-31 00:00:00",43310,79573
"2021-11-01 00:00:00",40619,79091
"2021-11-02 00:00:00",56092,90368
"2021-11-03 00:00:00",59619,88700
"2021-11-04 00:00:00",41822,114723
"2021-11-05 00:00:00",72396,131759
"2021-11-06 00:00:00",72083,110958
"2021-11-07 00:00:00",64649,106034
"2021-11-08 00:00:00",86714,95573
"2021-11-09 00:00:00",65053,95856
"2021-11-10 00:00:00",67429,112294
"2021-11-11 00:00:00",70931,105955
"2021-11-12 00:00:00",58700,99791
"2021-11-13 00:00:00",74100,104611
"2021-11-14 00:00:00",59595,96673
"2021-11-15 00:00:00",44232,76001
"2021-11-16 00:00:00",41812,75937
"2021-11-17 00:00:00",70758,81465
"2021-11-18 00:00:00",87376,106869
"2021-11-19 00:00:00",78584,107970
"2021-11-20 00:00:00",82415,103383
"2021-11-21 00:00:00",63598,99351
"2021-11-22 00:00:00",82797,105924
"2021-11-23 00:00:00",78897,96386
"2021-11-24 00:00:00",75672,101017
"2021-11-25 00:00:00",72162,93395
"2021-11-26 00:00:00",55658,89635
"2021-11-27 00:00:00",77576,95151
"2021-11-28 00:00:00",81818,97490
"2021-11-29 00:00:00",70719,98306
"2021-11-30 00:00:00",69663,92525
"2021-12-01 00:00:00",68800,98914
"2021-12-02 00:00:00",62674,94299
"2021-12-03 00:00:00",48700,86579
"2021-12-04 00:00:00",77877,82403
"2021-12-05 00:00:00",65256,80991
"2021-12-06 00:00:00",60834,78733
"2021-12-07 00:00:00",57788,79644
"2021-12-08 00:00:00",83166,98617
"2021-12-09 00:00:00",37228,80453
"2021-12-10 00:00:00",34615,79492
"2021-12-11 00:00:00",50459,74021
"2021-12-12 00:00:00",39995,73628
"2021-12-13 00:00:00",29876,77579
"2021-12-14 00:00:00",24402,80381
"2021-12-15 00:00:00",26064,79112
"2021-12-16 00:00:00",39839,67489
"2021-12-17 00:00:00",37340,61739
"2021-12-18 00:00:00",34793,60290
"2021-12-19 00:00:00",30511,55977
"2021-12-20 00:00:00",31039,59137
"2021-12-21 00:00:00",25162,54753
"2021-12-22 00:00:00",40611,55889
"2021-12-23 00:00:00",40583,56844
"2021-12-24 00:00:00",31146,51409
"2021-12-25 00:00:00",20198,42343
"2021-12-26 00:00:00",32484,55552
"2021-12-27 00:00:00",30354,61562
"2021-12-28 00:00:00",32220,62691
"2021-12-29 00:00:00",25208,57613
"2021-12-30 00:00:00",44739,67401
"2021-12-31 00:00:00",21248,60982
"2022-01-01 00:00:00",25359,62310
"2022-01-02 00:00:00",16673,68618
"2022-01-03 00:00:00",24662,64549
"2022-01-04 00:00:00",35656,66902
"2022-01-05 00:00:00",45907,72219
"2022-01-06 00:00:00",41309,67505
"2022-01-07 00:00:00",42392,67513
"2022-01-08 00:00:00",38671,70939
"2022-01-09 00:00:00",35362,83039
"2022-01-10 00:00:00",27941,56229
"2022-01-11 00:00:00",42152,66171
"2022-01-12 00:00:00",40596,63235
"2022-01-13 00:00:00",42878,74860
"2022-01-14 00:00:00",37535,68854
"2022-01-15 00:00:00",39231,81130
"2022-01-16 00:00:00",55892,102755
"2022-01-17 00:00:00",35038,86193
"2022-01-18 00:00:00",35549,64963
"2022-01-19 00:00:00",61164,77974
"2022-01-20 00:00:00",51391,103520
"2022-01-21 00:00:00",31583,77435
"2022-01-22 00:00:00",23637,63584
"2022-01-23 00:00:00",35724,67929
"2022-01-24 00:00:00",32871,64595
"2022-01-25 00:00:00",40549,72749
"2022-01-26 00:00:00",43358,70351
"2022-01-27 00:00:00",51287,78898
"2022-01-28 00:00:00",35664,67354
"2022-01-29 00:00:00",53567,77103
"2022-01-30 00:00:00",37356,77443
"2022-01-31 00:00:00",42543,72403
"2022-02-01 00:00:00",40233,80272
"2022-02-02 00:00:00",41419,78831
"2022-02-03 00:00:00",33458,77021
"2022-02-04 00:00:00",28285,80730
"2022-02-05 00:00:00",21503,60132
"2022-02-06 00:00:00",36763,63020
"2022-02-07 00:00:00",36040,83220
"2022-02-08 00:00:00",22838,89624
"2022-02-09 00:00:00",24601,94083
"2022-02-10 00:00:00",18872,97196
"2022-02-11 00:00:00",15907,84809
"2022-02-12 00:00:00",32846,68759
"2022-02-13 00:00:00",22661,68020
"2022-02-14 00:00:00",17675,58276
"2022-02-15 00:00:00",12133,62419
"2022-02-16 00:00:00",12034,55207
"2022-02-17 00:00:00",17232,55562
"2022-02-18 00:00:00",9564,56419
"2022-02-19 00:00:00",17247,59363
"2022-02-20 00:00:00",21573,52509
"2022-02-21 00:00:00",23876,63110
"2022-02-22 00:00:00",35935,55217
"2022-02-23 00:00:00",36005,66003
"2022-02-24 00:00:00",11400,53437
"2022-02-25 00:00:00",16602,54365
"2022-02-26 00:00:00",22339,52954
"2022-02-27 00:00:00",11435,49166
"2022-02-28 00:00:00",23999,47033
"2022-03-01 00:00:00",17341,46702
"2022-03-02 00:00:00",20530,48209
"2022-03-03 00:00:00",12122,48703
"2022-03-04 00:00:00",18870,47126
"2022-03-05 00:00:00",22010,47364
"2022-03-06 00:00:00",8088,41054
"2022-03-07 00:00:00",8222,42887
"2022-03-08 00:00:00",8295,36906
"2022-03-09 00:00:00",8855,40883
"2022-03-10 00:00:00",6684,39099
"2022-03-11 00:00:00",6911,38457
"2022-03-12 00:00:00",7914,35572
"2022-03-13 00:00:00",10089,37868
"2022-03-14 00:00:00",6362,34848
"2022-03-15 00:00:00",8339,38465
"2022-03-16 00:00:00",5630,34901
"2022-03-17 00:00:00",8600,34718
"2022-03-18 00:00:00",6195,33160
"2022-03-19 00:00:00",6820,31670
"2022-03-20 00:00:00",8076,33681
"2022-03-21 00:00:00",7843,32747
"2022-03-22 00:00:00",8419,31673
"2022-03-23 00:00:00",7564,35749
"2022-03-24 00:00:00",7490,35964
"2022-03-25 00:00:00",12268,36959
"2022-03-26 00:00:00",6504,25891
"2022-03-27 00:00:00",5930,31623
"2022-03-28 00:00:00",9352,37077
"2022-03-29 00:00:00",4894,31221
"2022-03-30 00:00:00",3876,23594
"2022-03-31 00:00:00",3289,21817
"2022-04-01 00:00:00",2740,21294
"2022-04-02 00:00:00",3848,27794
"2022-04-03 00:00:00",12867,37593
"2022-04-04 00:00:00",7185,35243
"2022-04-05 00:00:00",3982,28418
"2022-04-06 00:00:00",11462,52743
"2022-04-07 00:00:00",10418,47485
"2022-04-08 00:00:00",4335,41724
"2022-04-09 00:00:00",5511,35531
"2022-04-10 00:00:00",5983,31744
"2022-04-11 00:00:00",3950,28993
"2022-04-12 00:00:00",3879,28077
"2022-04-13 00:00:00",8430,28954
"2022-04-14 00:00:00",13895,30916
"2022-04-15 00:00:00",6911,31094
"2022-04-16 00:00:00",13462,33354
"2022-04-17 00:00:00",6561,29689
"2022-04-18 00:00:00",6926,36135
"2022-04-19 00:00:00",6686,32696
"2022-04-20 00:00:00",4744,29958
"2022-04-21 00:00:00",4707,30721
"2022-04-22 00:00:00",9065,30825
"2022-04-23 00:00:00",15344,32923
"2022-04-24 00:00:00",14187,32382
"2022-04-25 00:00:00",11588,33793
"2022-04-26 00:00:00",28358,34216
"2022-04-27 00:00:00",25713,37135
"2022-04-28 00:00:00",31886,32632
"2022-04-29 00:00:00",15616,28770
"2022-04-30 00:00:00",23909,31369
"2022-05-01 00:00:00",78852,43580
"2022-05-02 00:00:00",65624,46050
"2022-05-03 00:00:00",48728,39334
"2022-05-04 00:00:00",25640,32472
"2022-05-05 00:00:00",32869,32968
"2022-05-06 00:00:00",27542,30847
"2022-05-07 00:00:00",27290,27616
"2022-05-08 00:00:00",19529,21957
"2022-05-09 00:00:00",17961,24820
"2022-05-10 00:00:00",12960,32866
"2022-05-11 00:00:00",6515,24680
"2022-05-12 00:00:00",4337,24907
"2022-05-13 00:00:00",6321,26934
"2022-05-14 00:00:00",7231,24683
"2022-05-15 00:00:00",8751,19095
"2022-05-16 00:00:00",8436,19879
"2022-05-17 00:00:00",6340,21867
"2022-05-18 00:00:00",12840,24600
"2022-05-19 00:00:00",12099,24917
"2022-05-20 00:00:00",18021,32160
"2022-05-21 00:00:00",20945,32680
"2022-05-22 00:00:00",13471,29855
"2022-05-23 00:00:00",9058,23278
"2022-05-24 00:00:00",8332,20355
"2022-05-25 00:00:00",17665,32729
"2022-05-26 00:00:00",6638,32754
"2022-05-27 00:00:00",7477,24489
"2022-05-28 00:00:00",10199,21306
"2022-05-29 00:00:00",8521,19481
"2022-05-30 00:00:00",6285,17676
"2022-05-31 00:00:00",8695,22522
"2022-06-01 00:00:00",4854,21367
"2022-06-02 00:00:00",5857,23127
"2022-06-03 00:00:00",17187,34326
"2022-06-04 00:00:00",6209,24512
"2022-06-05 00:00:00",16771,23544
"2022-06-06 00:00:00",7539,25239
"2022-06-07 00:00:00",8995,28724
"2022-06-08 00:00:00",6430,28026
"2022-06-09 00:00:00",5267,20610
"2022-06-10 00:00:00",5913,18464
"2022-06-11 00:00:00",6382,16734
"2022-06-12 00:00:00",4804,17439
"2022-06-13 00:00:00",3743,20060
"2022-06-14 00:00:00",4392,23311
"2022-06-15 00:00:00",6879,20570
"2022-06-16 00:00:00",5829,17230
"2022-06-17 00:00:00",7668,17980
"2022-06-18 00:00:00",11099,18475
"2022-06-19 00:00:00",6585,18780
"2022-06-20 00:00:00",6210,19197
"2022-06-21 00:00:00",4875,18462
"2022-06-22 00:00:00",5306,21225
"2022-06-23 00:00:00",8607,20196
"2022-06-24 00:00:00",6420,22547
"2022-06-25 00:00:00",14734,20338
"2022-06-26 00:00:00",5630,17584
"2022-06-27 00:00:00",5596,17354
"2022-06-28 00:00:00",10808,18228
"2022-06-29 00:00:00",24277,25370
"2022-06-30 00:00:00",22341,29736
"2022-07-01 00:00:00",16144,29625
"2022-07-02 00:00:00",15670,28226
"2022-07-03 00:00:00",31604,25067
"2022-07-04 00:00:00",36021,28643
"2022-07-05 00:00:00",24942,27670
"2022-07-06 00:00:00",20441,30090
"2022-07-07 00:00:00",14063,32479
"2022-07-08 00:00:00",14179,29733
"2022-07-09 00:00:00",16123,25591
"2022-07-10 00:00:00",20655,29537
"2022-07-11 00:00:00",10311,27436
"2022-07-12 00:00:00",10551,23221
"2022-07-13 00:00:00",14585,28265
"2022-07-14 00:00:00",14220,26502
"2022-07-15 00:00:00",22807,31958
"2022-07-16 00:00:00",17587,24421
"2022-07-17 00:00:00",15818,21316
"2022-07-18 00:00:00",12414,25601
"2022-07-19 00:00:00",12154,20591
"2022-07-20 00:00:00",13366,22646
"2022-07-21 00:00:00",19568,19309
"2022-07-22 00:00:00",19007,22642
"2022-07-23 00:00:00",15288,17780
"2022-07-24 00:00:00",25212,17967
"2022-07-25 00:00:00",24661,25487
"2022-07-26 00:00:00",13665,23392
"2022-07-27 00:00:00",14035,24185
"2022-07-28 00:00:00",13266,18627
"2022-07-29 00:00:00",10767,18088
"2022-07-30 00:00:00",12226,19671
"2022-07-31 00:00:00",16140,19032
"2022-08-01 00:00:00",10173,20699
"2022-08-02 00:00:00",10645,17971
"2022-08-03 00:00:00",11909,18606
"2022-08-04 00:00:00",12429,19055
"2022-08-05 00:00:00",10729,21114
"2022-08-06 00:00:00",17570,19880
"2022-08-07 00:00:00",13533,19033
"2022-08-08 00:00:00",10523,21041
"2022-08-09 00:00:00",9385,18612
"2022-08-10 00:00:00",9272,21181
"2022-08-11 00:00:00",7394,25177
"2022-08-12 00:00:00",9484,25231
"2022-08-13 00:00:00",10543,24146
"2022-08-14 00:00:00",10763,21816
"2022-08-15 00:00:00",7490,26652
"2022-08-16 00:00:00",10991,25166
"2022-08-17 00:00:00",10329,24163
"2022-08-18 00:00:00",8969,28157
"2022-08-19 00:00:00",10502,29981
"2022-08-20 00:00:00",15006,26326
"2022-08-21 00:00:00",17341,23031
"2022-08-22 00:00:00",14169,21356
"2022-08-23 00:00:00",12958,23802
"2022-08-24 00:00:00",15979,23977
"2022-08-25 00:00:00",10768,22888
"2022-08-26 00:00:00",12003,22607
"2022-08-27 00:00:00",11750,18298
"2022-08-28 00:00:00",13732,18192
"2022-08-29 00:00:00",11140,20132
"2022-08-30 00:00:00",7760,16418
"2022-08-31 00:00:00",8640,14762
"2022-09-01 00:00:00",6726,15148
"2022-09-02 00:00:00",10095,18014
"2022-09-03 00:00:00",12430,18007
"2022-09-04 00:00:00",12414,14805
"2022-09-05 00:00:00",12525,22003
"2022-09-06 00:00:00",23513,20471
"2022-09-07 00:00:00",18773,19611
"2022-09-08 00:00:00",15075,19894
"2022-09-09 00:00:00",20459,20345
"2022-09-10 00:00:00",24016,22805
"2022-09-11 00:00:00",14575,12793
"2022-09-12 00:00:00",11326,11927
"2022-09-13 00:00:00",10372,14869
"2022-09-14 00:00:00",10012,15095
"2022-09-15 00:00:00",9453,15040
"2022-09-16 00:00:00",12253,18338
"2022-09-17 00:00:00",16258,19045
"2022-09-18 00:00:00",12339,15117
"2022-09-19 00:00:00",17953,17298
"2022-09-20 00:00:00",12686,16572
"2022-09-21 00:00:00",11168,16484
"2022-09-22 00:00:00",11272,17493
"2022-09-23 00:00:00",15026,18118
"2022-09-24 00:00:00",28857,16302
"2022-09-25 00:00:00",16652,15653
"2022-09-26 00:00:00",10073,16736
"2022-09-27 00:00:00",8902,18167
"2022-09-28 00:00:00",10987,17302
"2022-09-29 00:00:00",17100,16466
"2022-09-30 00:00:00",13588,15276
"2022-10-01 00:00:00",17700,14211
"2022-10-02 00:00:00",16795,15033
"2022-10-03 00:00:00",6693,13079
"2022-10-04 00:00:00",7921,13123
"2022-10-05 00:00:00",10966,14673
"2022-10-06 00:00:00",11817,16938
"2022-10-07 00:00:00",11599,17902
"2022-10-08 00:00:00",9997,14913
"2022-10-09 00:00:00",5198,11559
"2022-10-10 00:00:00",4541,16057
"2022-10-11 08:38:03",0,0