date,Otherdeed,isPartial
2022-05-01 00:00:00,0,False
2022-05-01 01:00:00,63,False
2022-05-01 02:00:00,100,False
2022-05-01 03:00:00,63,False
2022-05-01 04:00:00,0,False
2022-05-01 05:00:00,0,False
2022-05-01 06:00:00,0,False
2022-05-01 07:00:00,0,False
2022-05-01 08:00:00,0,False
2022-05-01 09:00:00,0,False
2022-05-01 10:00:00,0,False
2022-05-01 11:00:00,50,False
2022-05-01 12:00:00,46,False
2022-05-01 13:00:00,0,False
2022-05-01 14:00:00,46,False
2022-05-01 15:00:00,75,False
2022-05-01 16:00:00,25,False
2022-05-01 17:00:00,21,False
2022-05-01 18:00:00,18,False
2022-05-01 19:00:00,85,False
2022-05-01 20:00:00,32,False
2022-05-01 21:00:00,0,False
2022-05-01 22:00:00,27,False
2022-05-01 23:00:00,30,False
2022-05-02 00:00:00,0,False
2022-05-02 01:00:00,41,False
2022-05-02 02:00:00,53,False
2022-05-02 03:00:00,62,False
2022-05-02 04:00:00,51,False
2022-05-02 05:00:00,50,False
2022-05-02 06:00:00,0,False
2022-05-02 07:00:00,30,False
2022-05-02 08:00:00,0,False
2022-05-02 09:00:00,0,False
2022-05-02 10:00:00,30,False
2022-05-02 11:00:00,0,False
2022-05-02 12:00:00,44,False
2022-05-02 13:00:00,0,False
2022-05-02 14:00:00,35,False
2022-05-02 15:00:00,0,False
2022-05-02 16:00:00,0,False
2022-05-02 17:00:00,0,False
2022-05-02 18:00:00,0,False
2022-05-02 19:00:00,0,False
2022-05-02 20:00:00,0,False
2022-05-02 21:00:00,0,False
2022-05-02 22:00:00,33,False
2022-05-02 23:00:00,0,False
2022-05-03 00:00:00,0,False
2022-05-03 01:00:00,0,False
2022-05-03 02:00:00,45,False
2022-05-03 03:00:00,0,False
2022-05-03 04:00:00,0,False
2022-05-03 05:00:00,0,False
2022-05-03 06:00:00,0,False
2022-05-03 07:00:00,86,False
2022-05-03 08:00:00,0,False
2022-05-03 09:00:00,0,False
2022-05-03 10:00:00,0,False
2022-05-03 11:00:00,0,False
2022-05-03 12:00:00,0,False
2022-05-03 13:00:00,19,False
2022-05-03 14:00:00,16,False
2022-05-03 15:00:00,19,False
2022-05-03 16:00:00,0,False
2022-05-03 17:00:00,0,False
2022-05-03 18:00:00,0,False
2022-05-03 19:00:00,0,False
2022-05-03 20:00:00,31,False
2022-05-03 21:00:00,0,False
2022-05-03 22:00:00,0,False
2022-05-03 23:00:00,0,False
2022-05-04 00:00:00,71,False
2022-05-04 01:00:00,0,False
2022-05-04 02:00:00,32,False
2022-05-04 03:00:00,0,False
2022-05-04 04:00:00,0,False
2022-05-04 05:00:00,0,False
2022-05-04 06:00:00,0,False
2022-05-04 07:00:00,0,False
2022-05-04 08:00:00,0,False
2022-05-04 09:00:00,77,False
2022-05-04 10:00:00,25,False
2022-05-04 11:00:00,38,False
2022-05-04 12:00:00,25,False
2022-05-04 13:00:00,17,False
2022-05-04 14:00:00,0,False
2022-05-04 15:00:00,14,False
2022-05-04 16:00:00,0,False
2022-05-04 17:00:00,0,False
2022-05-04 18:00:00,17,False
2022-05-04 19:00:00,0,False
2022-05-04 20:00:00,0,False
2022-05-04 21:00:00,0,False
2022-05-04 22:00:00,65,False
2022-05-04 23:00:00,71,False
2022-05-05 00:00:00,0,False
2022-05-05 01:00:00,30,False
2022-05-05 02:00:00,0,False
2022-05-05 03:00:00,45,False
2022-05-05 04:00:00,0,False
2022-05-05 05:00:00,37,False
2022-05-05 06:00:00,0,False
2022-05-05 07:00:00,0,False
2022-05-05 08:00:00,0,False
2022-05-05 09:00:00,0,False
2022-05-05 10:00:00,42,False
2022-05-05 11:00:00,0,False
2022-05-05 12:00:00,0,False
2022-05-05 13:00:00,0,False
2022-05-05 14:00:00,0,False
2022-05-05 15:00:00,0,False
2022-05-05 16:00:00,0,False
2022-05-05 17:00:00,47,False
2022-05-05 18:00:00,0,False
2022-05-05 19:00:00,0,False
2022-05-05 20:00:00,45,False
2022-05-05 21:00:00,0,False
2022-05-05 22:00:00,0,False
2022-05-05 23:00:00,0,False
2022-05-06 00:00:00,0,False
2022-05-06 01:00:00,0,False
2022-05-06 02:00:00,0,False
2022-05-06 03:00:00,62,False
2022-05-06 04:00:00,0,False
2022-05-06 05:00:00,0,False
2022-05-06 06:00:00,0,False
2022-05-06 07:00:00,0,False
2022-05-06 08:00:00,0,False
2022-05-06 09:00:00,28,False
2022-05-06 10:00:00,0,False
2022-05-06 11:00:00,0,False
2022-05-06 12:00:00,0,False
2022-05-06 13:00:00,0,False
2022-05-06 14:00:00,30,False
2022-05-06 15:00:00,0,False
2022-05-06 16:00:00,0,False
2022-05-06 17:00:00,0,False
2022-05-06 18:00:00,0,False
2022-05-06 19:00:00,0,False
2022-05-06 20:00:00,30,False
2022-05-06 21:00:00,0,False
2022-05-06 22:00:00,0,False
2022-05-06 23:00:00,0,False
2022-05-07 00:00:00,0,False
2022-05-07 01:00:00,0,False
2022-05-07 02:00:00,0,False
2022-05-07 03:00:00,0,False
2022-05-07 04:00:00,0,False
2022-05-07 05:00:00,0,False
2022-05-07 06:00:00,0,False
2022-05-07 07:00:00,0,False
2022-05-07 08:00:00,0,False
2022-05-07 09:00:00,0,False
2022-05-07 10:00:00,0,False
2022-05-07 11:00:00,0,False
2022-05-07 12:00:00,0,False
2022-05-07 13:00:00,0,False
2022-05-07 14:00:00,0,False
2022-05-07 15:00:00,0,False
2022-05-07 16:00:00,0,False
2022-05-07 17:00:00,0,False
2022-05-07 18:00:00,39,False
2022-05-07 19:00:00,0,False
2022-05-07 20:00:00,0,False
2022-05-07 21:00:00,37,False
2022-05-07 22:00:00,0,False
2022-05-07 23:00:00,0,False
2022-05-08 00:00:00,38,False
2022-05-08 00:00:00,39,False
2022-05-08 01:00:00,0,False
2022-05-08 02:00:00,0,False
2022-05-08 03:00:00,0,False
2022-05-08 04:00:00,0,False
2022-05-08 05:00:00,0,False
2022-05-08 06:00:00,0,False
2022-05-08 07:00:00,0,False
2022-05-08 08:00:00,0,False
2022-05-08 09:00:00,0,False
2022-05-08 10:00:00,0,False
2022-05-08 11:00:00,0,False
2022-05-08 12:00:00,0,False
2022-05-08 13:00:00,0,False
2022-05-08 14:00:00,0,False
2022-05-08 15:00:00,0,False
2022-05-08 16:00:00,0,False
2022-05-08 17:00:00,0,False
2022-05-08 18:00:00,0,False
2022-05-08 19:00:00,0,False
2022-05-08 20:00:00,38,False
2022-05-08 21:00:00,0,False
2022-05-08 22:00:00,0,False
2022-05-08 23:00:00,0,False
2022-05-09 00:00:00,0,False
2022-05-09 01:00:00,65,False
2022-05-09 02:00:00,0,False
2022-05-09 03:00:00,0,False
2022-05-09 04:00:00,0,False
2022-05-09 05:00:00,0,False
2022-05-09 06:00:00,26,False
2022-05-09 07:00:00,0,False
2022-05-09 08:00:00,0,False
2022-05-09 09:00:00,26,False
2022-05-09 10:00:00,0,False
2022-05-09 11:00:00,25,False
2022-05-09 12:00:00,0,False
2022-05-09 13:00:00,0,False
2022-05-09 14:00:00,0,False
2022-05-09 15:00:00,0,False
2022-05-09 16:00:00,17,False
2022-05-09 17:00:00,0,False
2022-05-09 18:00:00,0,False
2022-05-09 19:00:00,0,False
2022-05-09 20:00:00,28,False
2022-05-09 21:00:00,34,False
2022-05-09 22:00:00,0,False
2022-05-09 23:00:00,0,False
2022-05-10 00:00:00,36,False
2022-05-10 01:00:00,0,False
2022-05-10 02:00:00,0,False
2022-05-10 03:00:00,0,False
2022-05-10 04:00:00,0,False
2022-05-10 05:00:00,33,False
2022-05-10 06:00:00,0,False
2022-05-10 07:00:00,0,False
2022-05-10 08:00:00,0,False
2022-05-10 09:00:00,0,False
2022-05-10 10:00:00,20,False
2022-05-10 11:00:00,0,False
2022-05-10 12:00:00,0,False
2022-05-10 13:00:00,0,False
2022-05-10 14:00:00,0,False
2022-05-10 15:00:00,0,False
2022-05-10 16:00:00,17,False
2022-05-10 17:00:00,0,False
2022-05-10 18:00:00,0,False
2022-05-10 19:00:00,65,False
2022-05-10 20:00:00,22,False
2022-05-10 21:00:00,33,False
2022-05-10 22:00:00,0,False
2022-05-10 23:00:00,0,False
2022-05-11 00:00:00,0,False
2022-05-11 01:00:00,0,False
2022-05-11 02:00:00,69,False
2022-05-11 03:00:00,0,False
2022-05-11 04:00:00,0,False
2022-05-11 05:00:00,0,False
2022-05-11 06:00:00,0,False
2022-05-11 07:00:00,0,False
2022-05-11 08:00:00,0,False
2022-05-11 09:00:00,0,False
2022-05-11 10:00:00,0,False
2022-05-11 11:00:00,0,False
2022-05-11 12:00:00,0,False
2022-05-11 13:00:00,0,False
2022-05-11 14:00:00,18,False
2022-05-11 15:00:00,0,False
2022-05-11 16:00:00,0,False
2022-05-11 17:00:00,0,False
2022-05-11 18:00:00,0,False
2022-05-11 19:00:00,0,False
2022-05-11 20:00:00,0,False
2022-05-11 21:00:00,100,False
2022-05-11 22:00:00,0,False
2022-05-11 23:00:00,0,False
2022-05-12 00:00:00,0,False
2022-05-12 01:00:00,0,False
2022-05-12 02:00:00,0,False
2022-05-12 03:00:00,0,False
2022-05-12 04:00:00,0,False
2022-05-12 05:00:00,77,False
2022-05-12 06:00:00,0,False
2022-05-12 07:00:00,35,False
2022-05-12 08:00:00,0,False
2022-05-12 09:00:00,0,False
2022-05-12 10:00:00,32,False
2022-05-12 11:00:00,0,False
2022-05-12 12:00:00,0,False
2022-05-12 13:00:00,0,False
2022-05-12 14:00:00,0,False
2022-05-12 15:00:00,0,False
2022-05-12 16:00:00,41,False
2022-05-12 17:00:00,0,False
2022-05-12 18:00:00,0,False
2022-05-12 19:00:00,0,False
2022-05-12 20:00:00,61,False
2022-05-12 21:00:00,0,False
2022-05-12 22:00:00,0,False
2022-05-12 23:00:00,0,False
2022-05-13 00:00:00,0,False
2022-05-13 01:00:00,65,False
2022-05-13 02:00:00,39,False
2022-05-13 03:00:00,0,False
2022-05-13 04:00:00,0,False
2022-05-13 05:00:00,0,False
2022-05-13 06:00:00,69,False
2022-05-13 07:00:00,0,False
2022-05-13 08:00:00,0,False
2022-05-13 09:00:00,0,False
2022-05-13 10:00:00,0,False
2022-05-13 11:00:00,0,False
2022-05-13 12:00:00,0,False
2022-05-13 13:00:00,26,False
2022-05-13 14:00:00,0,False
2022-05-13 15:00:00,0,False
2022-05-13 16:00:00,0,False
2022-05-13 17:00:00,0,False
2022-05-13 18:00:00,0,False
2022-05-13 19:00:00,26,False
2022-05-13 20:00:00,0,False
2022-05-13 21:00:00,0,False
2022-05-13 22:00:00,0,False
2022-05-13 23:00:00,0,False
2022-05-14 00:00:00,0,False
2022-05-14 01:00:00,0,False
2022-05-14 02:00:00,0,False
2022-05-14 03:00:00,0,False
2022-05-14 04:00:00,0,False
2022-05-14 05:00:00,0,False
2022-05-14 06:00:00,0,False
2022-05-14 07:00:00,0,False
2022-05-14 08:00:00,0,False
2022-05-14 09:00:00,57,False
2022-05-14 10:00:00,0,False
2022-05-14 11:00:00,0,False
2022-05-14 12:00:00,0,False
2022-05-14 13:00:00,44,False
2022-05-14 14:00:00,0,False
2022-05-14 15:00:00,0,False
2022-05-14 16:00:00,0,False
2022-05-14 17:00:00,0,False
2022-05-14 18:00:00,0,False
2022-05-14 19:00:00,0,False
2022-05-14 20:00:00,0,False
2022-05-14 21:00:00,0,False
2022-05-14 22:00:00,0,False
2022-05-14 23:00:00,0,False
2022-05-15 00:00:00,45,False
2022-05-29 00:00:00,0,False
2022-05-29 01:00:00,0,False
2022-05-29 02:00:00,0,False
2022-05-29 03:00:00,37,False
2022-05-29 04:00:00,26,False
2022-05-29 05:00:00,0,False
2022-05-29 06:00:00,35,False
2022-05-29 07:00:00,49,False
2022-05-29 08:00:00,0,False
2022-05-29 09:00:00,0,False
2022-05-29 10:00:00,0,False
2022-05-29 11:00:00,0,False
2022-05-29 12:00:00,0,False
2022-05-29 13:00:00,0,False
2022-05-29 14:00:00,0,False
2022-05-29 15:00:00,0,False
2022-05-29 16:00:00,0,False
2022-05-29 17:00:00,0,False
2022-05-29 18:00:00,0,False
2022-05-29 19:00:00,0,False
2022-05-29 20:00:00,0,False
2022-05-29 21:00:00,0,False
2022-05-29 22:00:00,0,False
2022-05-29 23:00:00,0,False
2022-05-30 00:00:00,0,False
2022-05-30 01:00:00,0,False
2022-05-30 02:00:00,0,False
2022-05-30 03:00:00,0,False
2022-05-30 04:00:00,0,False
2022-05-30 05:00:00,0,False
2022-05-30 06:00:00,0,False
2022-05-30 07:00:00,0,False
2022-05-30 08:00:00,0,False
2022-05-30 09:00:00,0,False
2022-05-30 10:00:00,0,False
2022-05-30 11:00:00,17,False
2022-05-30 12:00:00,0,False
2022-05-30 13:00:00,27,False
2022-05-30 14:00:00,0,False
2022-05-30 15:00:00,0,False
2022-05-30 16:00:00,0,False
2022-05-30 17:00:00,0,False
2022-05-30 18:00:00,0,False
2022-05-30 19:00:00,18,False
2022-05-30 20:00:00,0,False
2022-05-30 21:00:00,0,False
2022-05-30 22:00:00,0,False
2022-05-30 23:00:00,0,False
2022-05-31 00:00:00,52,False
2022-05-31 01:00:00,22,False
2022-05-31 02:00:00,0,False
2022-05-31 03:00:00,0,False
2022-05-31 04:00:00,0,False
2022-05-31 05:00:00,0,False
2022-05-31 06:00:00,0,False
2022-05-31 07:00:00,0,False
2022-05-31 08:00:00,0,False
2022-05-31 09:00:00,0,False
2022-05-31 10:00:00,0,False
2022-05-31 11:00:00,18,False
2022-05-31 12:00:00,0,False
2022-05-31 13:00:00,0,False
2022-05-31 14:00:00,0,False
2022-05-31 15:00:00,0,False
2022-05-31 16:00:00,0,False
2022-05-31 17:00:00,57,False
2022-05-31 18:00:00,0,False
2022-05-31 19:00:00,0,False
2022-05-31 20:00:00,0,False
2022-05-31 21:00:00,0,False
2022-05-31 22:00:00,0,False
2022-05-31 23:00:00,28,False
2022-06-01 00:00:00,0,False
2022-06-01 01:00:00,0,False
2022-06-01 02:00:00,0,False
2022-06-01 03:00:00,40,False
2022-06-01 04:00:00,0,False
2022-06-01 05:00:00,0,False
2022-06-01 06:00:00,44,False
2022-06-01 07:00:00,0,False
2022-06-01 08:00:00,0,False
2022-06-01 09:00:00,28,False
2022-06-01 10:00:00,24,False
2022-06-01 11:00:00,0,False
2022-06-01 12:00:00,29,False
2022-06-01 13:00:00,0,False
2022-06-01 14:00:00,43,False
2022-06-01 15:00:00,0,False
2022-06-01 16:00:00,14,False
2022-06-01 17:00:00,0,False
2022-06-01 18:00:00,0,False
2022-06-01 19:00:00,29,False
2022-06-01 20:00:00,0,False
2022-06-01 21:00:00,0,False
2022-06-01 22:00:00,0,False
2022-06-01 23:00:00,0,False
2022-06-02 00:00:00,61,False
2022-06-02 01:00:00,0,False
2022-06-02 02:00:00,21,False
2022-06-02 03:00:00,0,False
2022-06-02 04:00:00,0,False
2022-06-02 05:00:00,0,False
2022-06-02 06:00:00,0,False
2022-06-02 07:00:00,0,False
2022-06-02 08:00:00,0,False
2022-06-02 09:00:00,0,False
2022-06-02 10:00:00,0,False
2022-06-02 11:00:00,0,False
2022-06-02 12:00:00,0,False
2022-06-02 13:00:00,0,False
2022-06-02 14:00:00,0,False
2022-06-02 15:00:00,0,False
2022-06-02 16:00:00,0,False
2022-06-02 17:00:00,0,False
2022-06-02 18:00:00,0,False
2022-06-02 19:00:00,0,False
2022-06-02 20:00:00,0,False
2022-06-02 21:00:00,0,False
2022-06-02 22:00:00,0,False
2022-06-02 23:00:00,0,False
2022-06-03 00:00:00,0,False
2022-06-03 01:00:00,0,False
2022-06-03 02:00:00,0,False
2022-06-03 03:00:00,0,False
2022-06-03 04:00:00,0,False
2022-06-03 05:00:00,0,False
2022-06-03 06:00:00,0,False
2022-06-03 07:00:00,0,False
2022-06-03 08:00:00,0,False
2022-06-03 09:00:00,0,False
2022-06-03 10:00:00,0,False
2022-06-03 11:00:00,0,False
2022-06-03 12:00:00,0,False
2022-06-03 13:00:00,0,False
2022-06-03 14:00:00,0,False
2022-06-03 15:00:00,0,False
2022-06-03 16:00:00,0,False
2022-06-03 17:00:00,0,False
2022-06-03 18:00:00,0,False
2022-06-03 19:00:00,0,False
2022-06-03 20:00:00,0,False
2022-06-03 21:00:00,0,False
2022-06-03 22:00:00,0,False
2022-06-03 23:00:00,0,False
2022-06-04 00:00:00,0,False
2022-06-04 01:00:00,0,False
2022-06-04 02:00:00,0,False
2022-06-04 03:00:00,0,False
2022-06-04 04:00:00,0,False
2022-06-04 05:00:00,0,False
2022-06-04 06:00:00,52,False
2022-06-04 07:00:00,0,False
2022-06-04 08:00:00,77,False
2022-06-04 09:00:00,0,False
2022-06-04 10:00:00,43,False
2022-06-04 11:00:00,0,False
2022-06-04 12:00:00,0,False
2022-06-04 13:00:00,0,False
2022-06-04 14:00:00,0,False
2022-06-04 15:00:00,0,False
2022-06-04 16:00:00,100,False
2022-06-04 17:00:00,26,False
2022-06-04 18:00:00,24,False
2022-06-04 19:00:00,23,False
2022-06-04 20:00:00,22,False
2022-06-04 21:00:00,0,False
2022-06-04 22:00:00,0,False
2022-06-04 23:00:00,0,False
2022-06-05 00:00:00,0,False
2022-06-05 00:00:00,0,False
2022-06-05 01:00:00,0,False
2022-06-05 02:00:00,0,False
2022-06-05 03:00:00,100,False
2022-06-05 04:00:00,81,False
2022-06-05 05:00:00,0,False
2022-06-05 06:00:00,0,False
2022-06-05 07:00:00,0,False
2022-06-05 08:00:00,57,False
2022-06-05 09:00:00,0,False
2022-06-05 10:00:00,0,False
2022-06-05 11:00:00,0,False
2022-06-05 12:00:00,0,False
2022-06-05 13:00:00,25,False
2022-06-05 14:00:00,0,False
2022-06-05 15:00:00,0,False
2022-06-05 16:00:00,0,False
2022-06-05 17:00:00,0,False
2022-06-05 18:00:00,0,False
2022-06-05 19:00:00,0,False
2022-06-05 20:00:00,0,False
2022-06-05 21:00:00,0,False
2022-06-05 22:00:00,0,False
2022-06-05 23:00:00,0,False
2022-06-06 00:00:00,0,False
2022-06-06 01:00:00,0,False
2022-06-06 02:00:00,0,False
2022-06-06 03:00:00,0,False
2022-06-06 04:00:00,0,False
2022-06-06 05:00:00,0,False
2022-06-06 06:00:00,0,False
2022-06-06 07:00:00,0,False
2022-06-06 08:00:00,0,False
2022-06-06 09:00:00,0,False
2022-06-06 10:00:00,0,False
2022-06-06 11:00:00,0,False
2022-06-06 12:00:00,0,False
2022-06-06 13:00:00,0,False
2022-06-06 14:00:00,0,False
2022-06-06 15:00:00,0,False
2022-06-06 16:00:00,0,False
2022-06-06 17:00:00,0,False
2022-06-06 18:00:00,0,False
2022-06-06 19:00:00,22,False
2022-06-06 20:00:00,0,False
2022-06-06 21:00:00,0,False
2022-06-06 22:00:00,0,False
2022-06-06 23:00:00,0,False
2022-06-07 00:00:00,0,False
2022-06-07 01:00:00,49,False
2022-06-07 02:00:00,0,False
2022-06-07 03:00:00,0,False
2022-06-07 04:00:00,54,False
2022-06-07 05:00:00,0,False
2022-06-07 06:00:00,0,False
2022-06-07 07:00:00,33,False
2022-06-07 08:00:00,0,False
2022-06-07 09:00:00,0,False
2022-06-07 10:00:00,0,False
2022-06-07 11:00:00,22,False
2022-06-07 12:00:00,0,False
2022-06-07 13:00:00,0,False
2022-06-07 14:00:00,0,False
2022-06-07 15:00:00,0,False
2022-06-07 16:00:00,19,False
2022-06-07 17:00:00,0,False
2022-06-07 18:00:00,0,False
2022-06-07 19:00:00,0,False
2022-06-07 20:00:00,65,False
2022-06-07 21:00:00,0,False
2022-06-07 22:00:00,0,False
2022-06-07 23:00:00,0,False
2022-06-08 00:00:00,0,False
2022-06-08 01:00:00,33,False
2022-06-08 02:00:00,0,False
2022-06-08 03:00:00,0,False
2022-06-08 04:00:00,0,False
2022-06-08 05:00:00,27,False
2022-06-08 06:00:00,73,False
2022-06-08 07:00:00,0,False
2022-06-08 08:00:00,0,False
2022-06-08 09:00:00,0,False
2022-06-08 10:00:00,0,False
2022-06-08 11:00:00,23,False
2022-06-08 12:00:00,0,False
2022-06-08 13:00:00,0,False
2022-06-08 14:00:00,18,False
2022-06-08 15:00:00,0,False
2022-06-08 16:00:00,18,False
2022-06-08 17:00:00,0,False
2022-06-08 18:00:00,27,False
2022-06-08 19:00:00,27,False
2022-06-08 20:00:00,0,False
2022-06-08 21:00:00,0,False
2022-06-08 22:00:00,0,False
2022-06-08 23:00:00,0,False
2022-06-09 00:00:00,0,False
2022-06-09 01:00:00,0,False
2022-06-09 02:00:00,0,False
2022-06-09 03:00:00,0,False
2022-06-09 04:00:00,0,False
2022-06-09 05:00:00,0,False
2022-06-09 06:00:00,43,False
2022-06-09 07:00:00,0,False
2022-06-09 08:00:00,41,False
2022-06-09 09:00:00,25,False
2022-06-09 10:00:00,0,False
2022-06-09 11:00:00,0,False
2022-06-09 12:00:00,24,False
2022-06-09 13:00:00,0,False
2022-06-09 14:00:00,26,False
2022-06-09 15:00:00,0,False
2022-06-09 16:00:00,27,False
2022-06-09 17:00:00,18,False
2022-06-09 18:00:00,22,False
2022-06-09 19:00:00,0,False
2022-06-09 20:00:00,0,False
2022-06-09 21:00:00,0,False
2022-06-09 22:00:00,0,False
2022-06-09 23:00:00,0,False
2022-06-10 00:00:00,43,False
2022-06-10 01:00:00,0,False
2022-06-10 02:00:00,0,False
2022-06-10 03:00:00,0,False
2022-06-10 04:00:00,0,False
2022-06-10 05:00:00,0,False
2022-06-10 06:00:00,0,False
2022-06-10 07:00:00,0,False
2022-06-10 08:00:00,62,False
2022-06-10 09:00:00,0,False
2022-06-10 10:00:00,0,False
2022-06-10 11:00:00,0,False
2022-06-10 12:00:00,0,False
2022-06-10 13:00:00,0,False
2022-06-10 14:00:00,32,False
2022-06-10 15:00:00,32,False
2022-06-10 16:00:00,28,False
2022-06-10 17:00:00,0,False
2022-06-10 18:00:00,0,False
2022-06-10 19:00:00,0,False
2022-06-10 20:00:00,0,False
2022-06-10 21:00:00,0,False
2022-06-10 22:00:00,0,False
2022-06-10 23:00:00,0,False
2022-06-11 00:00:00,0,False
2022-06-11 01:00:00,0,False
2022-06-11 02:00:00,0,False
2022-06-11 03:00:00,56,False
2022-06-11 04:00:00,0,False
2022-06-11 05:00:00,0,False
2022-06-11 06:00:00,0,False
2022-06-11 07:00:00,0,False
2022-06-11 08:00:00,0,False
2022-06-11 09:00:00,65,False
2022-06-11 10:00:00,0,False
2022-06-11 11:00:00,0,False
2022-06-11 12:00:00,0,False
2022-06-11 13:00:00,0,False
2022-06-11 14:00:00,0,False
2022-06-11 15:00:00,0,False
2022-06-11 16:00:00,0,False
2022-06-11 17:00:00,0,False
2022-06-11 18:00:00,41,False
2022-06-11 19:00:00,31,False
2022-06-11 20:00:00,0,False
2022-06-11 21:00:00,0,False
2022-06-11 22:00:00,0,False
2022-06-11 23:00:00,0,False
2022-06-12 00:00:00,0,False
2022-07-17 00:00:00,48,False
2022-07-17 01:00:00,0,False
2022-07-17 02:00:00,0,False
2022-07-17 03:00:00,0,False
2022-07-17 04:00:00,0,False
2022-07-17 05:00:00,32,False
2022-07-17 06:00:00,0,False
2022-07-17 07:00:00,0,False
2022-07-17 08:00:00,0,False
2022-07-17 09:00:00,0,False
2022-07-17 10:00:00,0,False
2022-07-17 11:00:00,0,False
2022-07-17 12:00:00,33,False
2022-07-17 13:00:00,27,False
2022-07-17 14:00:00,0,False
2022-07-17 15:00:00,0,False
2022-07-17 16:00:00,42,False
2022-07-17 17:00:00,0,False
2022-07-17 18:00:00,0,False
2022-07-17 19:00:00,0,False
2022-07-17 20:00:00,0,False
2022-07-17 21:00:00,0,False
2022-07-17 22:00:00,0,False
2022-07-17 23:00:00,0,False
2022-07-18 00:00:00,0,False
2022-07-18 01:00:00,0,False
2022-07-18 02:00:00,0,False
2022-07-18 03:00:00,51,False
2022-07-18 04:00:00,0,False
2022-07-18 05:00:00,0,False
2022-07-18 06:00:00,0,False
2022-07-18 07:00:00,0,False
2022-07-18 08:00:00,0,False
2022-07-18 09:00:00,0,False
2022-07-18 10:00:00,21,False
2022-07-18 11:00:00,0,False
2022-07-18 12:00:00,0,False
2022-07-18 13:00:00,0,False
2022-07-18 14:00:00,0,False
2022-07-18 15:00:00,0,False
2022-07-18 16:00:00,0,False
2022-07-18 17:00:00,34,False
2022-07-18 18:00:00,17,False
2022-07-18 19:00:00,0,False
2022-07-18 20:00:00,0,False
2022-07-18 21:00:00,0,False
2022-07-18 22:00:00,100,False
2022-07-18 23:00:00,0,False
2022-07-19 00:00:00,0,False
2022-07-19 01:00:00,71,False
2022-07-19 02:00:00,0,False
2022-07-19 03:00:00,0,False
2022-07-19 04:00:00,0,False
2022-07-19 05:00:00,0,False
2022-07-19 06:00:00,0,False
2022-07-19 07:00:00,0,False
2022-07-19 08:00:00,0,False
2022-07-19 09:00:00,0,False
2022-07-19 10:00:00,0,False
2022-07-19 11:00:00,0,False
2022-07-19 12:00:00,0,False
2022-07-19 13:00:00,0,False
2022-07-19 14:00:00,0,False
2022-07-19 15:00:00,0,False
2022-07-19 16:00:00,0,False
2022-07-19 17:00:00,19,False
2022-07-19 18:00:00,0,False
2022-07-19 19:00:00,0,False
2022-07-19 20:00:00,0,False
2022-07-19 21:00:00,0,False
2022-07-19 22:00:00,49,False
2022-07-19 23:00:00,0,False
2022-07-20 00:00:00,0,False
2022-07-20 01:00:00,31,False
2022-07-20 02:00:00,37,False
2022-07-20 03:00:00,0,False
2022-07-20 04:00:00,0,False
2022-07-20 05:00:00,0,False
2022-07-20 06:00:00,0,False
2022-07-20 07:00:00,0,False
2022-07-20 08:00:00,0,False
2022-07-20 09:00:00,0,False
2022-07-20 10:00:00,0,False
2022-07-20 11:00:00,0,False
2022-07-20 12:00:00,0,False
2022-07-20 13:00:00,0,False
2022-07-20 14:00:00,0,False
2022-07-20 15:00:00,0,False
2022-07-20 16:00:00,0,False
2022-07-20 17:00:00,0,False
2022-07-20 18:00:00,27,False
2022-07-20 19:00:00,0,False
2022-07-20 20:00:00,0,False
2022-07-20 21:00:00,84,False
2022-07-20 22:00:00,0,False
2022-07-20 23:00:00,0,False
2022-07-21 00:00:00,0,False
2022-07-21 01:00:00,0,False
2022-07-21 02:00:00,0,False
2022-07-21 03:00:00,0,False
2022-07-21 04:00:00,0,False
2022-07-21 05:00:00,56,False
2022-07-21 06:00:00,0,False
2022-07-21 07:00:00,0,False
2022-07-21 08:00:00,0,False
2022-07-21 09:00:00,0,False
2022-07-21 10:00:00,0,False
2022-07-21 11:00:00,0,False
2022-07-21 12:00:00,0,False
2022-07-21 13:00:00,0,False
2022-07-21 14:00:00,0,False
2022-07-21 15:00:00,25,False
2022-07-21 16:00:00,0,False
2022-07-21 17:00:00,16,False
2022-07-21 18:00:00,0,False
2022-07-21 19:00:00,0,False
2022-07-21 20:00:00,0,False
2022-07-21 21:00:00,0,False
2022-07-21 22:00:00,0,False
2022-07-21 23:00:00,0,False
2022-07-22 00:00:00,0,False
2022-07-22 01:00:00,25,False
2022-07-22 02:00:00,0,False
2022-07-22 03:00:00,0,False
2022-07-22 04:00:00,0,False
2022-07-22 05:00:00,0,False
2022-07-22 06:00:00,0,False
2022-07-22 07:00:00,0,False
2022-07-22 08:00:00,0,False
2022-07-22 09:00:00,0,False
2022-07-22 10:00:00,0,False
2022-07-22 11:00:00,0,False
2022-07-22 12:00:00,0,False
2022-07-22 13:00:00,0,False
2022-07-22 14:00:00,0,False
2022-07-22 15:00:00,0,False
2022-07-22 16:00:00,0,False
2022-07-22 17:00:00,0,False
2022-07-22 18:00:00,0,False
2022-07-22 19:00:00,0,False
2022-07-22 20:00:00,0,False
2022-07-22 21:00:00,0,False
2022-07-22 22:00:00,0,False
2022-07-22 23:00:00,0,False
2022-07-23 00:00:00,0,False
2022-07-23 01:00:00,0,False
2022-07-23 02:00:00,0,False
2022-07-23 03:00:00,0,False
2022-07-23 04:00:00,66,False
2022-07-23 05:00:00,0,False
2022-07-23 06:00:00,0,False
2022-07-23 07:00:00,32,False
2022-07-23 08:00:00,0,False
2022-07-23 09:00:00,0,False
2022-07-23 10:00:00,0,False
2022-07-23 11:00:00,0,False
2022-07-23 12:00:00,50,False
2022-07-23 13:00:00,0,False
2022-07-23 14:00:00,0,False
2022-07-23 15:00:00,0,False
2022-07-23 16:00:00,0,False
2022-07-23 17:00:00,0,False
2022-07-23 18:00:00,0,False
2022-07-23 19:00:00,0,False
2022-07-23 20:00:00,0,False
2022-07-23 21:00:00,28,False
2022-07-23 22:00:00,0,False
2022-07-23 23:00:00,0,False
2022-07-24 00:00:00,0,False
2022-07-31 00:00:00,0,False
2022-07-31 01:00:00,0,False
2022-07-31 02:00:00,0,False
2022-07-31 03:00:00,0,False
2022-07-31 04:00:00,0,False
2022-07-31 05:00:00,0,False
2022-07-31 06:00:00,0,False
2022-07-31 07:00:00,0,False
2022-07-31 08:00:00,0,False
2022-07-31 09:00:00,0,False
2022-07-31 10:00:00,0,False
2022-07-31 11:00:00,0,False
2022-07-31 12:00:00,0,False
2022-07-31 13:00:00,0,False
2022-07-31 14:00:00,0,False
2022-07-31 15:00:00,0,False
2022-07-31 16:00:00,0,False
2022-07-31 17:00:00,0,False
2022-07-31 18:00:00,0,False
2022-07-31 19:00:00,0,False
2022-07-31 20:00:00,0,False
2022-07-31 21:00:00,0,False
2022-07-31 22:00:00,0,False
2022-07-31 23:00:00,0,False
2022-08-01 00:00:00,100,False
2022-08-01 01:00:00,75,False
2022-08-01 02:00:00,34,False
2022-08-01 03:00:00,0,False
2022-08-01 04:00:00,0,False
2022-08-01 05:00:00,0,False
2022-08-01 06:00:00,0,False
2022-08-01 07:00:00,0,False
2022-08-01 08:00:00,0,False
2022-08-01 09:00:00,66,False
2022-08-01 10:00:00,0,False
2022-08-01 11:00:00,0,False
2022-08-01 12:00:00,0,False
2022-08-01 13:00:00,0,False
2022-08-01 14:00:00,0,False
2022-08-01 15:00:00,0,False
2022-08-01 16:00:00,0,False
2022-08-01 17:00:00,0,False
2022-08-01 18:00:00,0,False
2022-08-01 19:00:00,36,False
2022-08-01 20:00:00,32,False
2022-08-01 21:00:00,0,False
2022-08-01 22:00:00,0,False
2022-08-01 23:00:00,42,False
2022-08-02 00:00:00,0,False
2022-08-02 01:00:00,50,False
2022-08-02 02:00:00,0,False
2022-08-02 03:00:00,0,False
2022-08-02 04:00:00,0,False
2022-08-02 05:00:00,0,False
2022-08-02 06:00:00,0,False
2022-08-02 07:00:00,0,False
2022-08-02 08:00:00,0,False
2022-08-02 09:00:00,0,False
2022-08-02 10:00:00,36,False
2022-08-02 11:00:00,0,False
2022-08-02 12:00:00,43,False
2022-08-02 13:00:00,0,False
2022-08-02 14:00:00,0,False
2022-08-02 15:00:00,0,False
2022-08-02 16:00:00,0,False
2022-08-02 17:00:00,0,False
2022-08-02 18:00:00,0,False
2022-08-02 19:00:00,0,False
2022-08-02 20:00:00,0,False
2022-08-02 21:00:00,0,False
2022-08-02 22:00:00,0,False
2022-08-02 23:00:00,35,False
2022-08-03 00:00:00,0,False
2022-08-03 01:00:00,0,False
2022-08-03 02:00:00,0,False
2022-08-03 03:00:00,0,False
2022-08-03 04:00:00,0,False
2022-08-03 05:00:00,0,False
2022-08-03 06:00:00,0,False
2022-08-03 07:00:00,0,False
2022-08-03 08:00:00,0,False
2022-08-03 09:00:00,30,False
2022-08-03 10:00:00,0,False
2022-08-03 11:00:00,0,False
2022-08-03 12:00:00,32,False
2022-08-03 13:00:00,0,False
2022-08-03 14:00:00,0,False
2022-08-03 15:00:00,0,False
2022-08-03 16:00:00,35,False
2022-08-03 17:00:00,0,False
2022-08-03 18:00:00,23,False
2022-08-03 19:00:00,0,False
2022-08-03 20:00:00,30,False
2022-08-03 21:00:00,0,False
2022-08-03 22:00:00,0,False
2022-08-03 23:00:00,0,False
2022-08-04 00:00:00,0,False
2022-08-04 01:00:00,57,False
2022-08-04 02:00:00,0,False
2022-08-04 03:00:00,0,False
2022-08-04 04:00:00,0,False
2022-08-04 05:00:00,0,False
2022-08-04 06:00:00,0,False
2022-08-04 07:00:00,0,False
2022-08-04 08:00:00,0,False
2022-08-04 09:00:00,0,False
2022-08-04 10:00:00,0,False
2022-08-04 11:00:00,0,False
2022-08-04 12:00:00,0,False
2022-08-04 13:00:00,0,False
2022-08-04 14:00:00,31,False
2022-08-04 15:00:00,0,False
2022-08-04 16:00:00,0,False
2022-08-04 17:00:00,64,False
2022-08-04 18:00:00,0,False
2022-08-04 19:00:00,0,False
2022-08-04 20:00:00,0,False
2022-08-04 21:00:00,0,False
2022-08-04 22:00:00,0,False
2022-08-04 23:00:00,38,False
2022-08-05 00:00:00,0,False
2022-08-05 01:00:00,0,False
2022-08-05 02:00:00,0,False
2022-08-05 03:00:00,0,False
2022-08-05 04:00:00,0,False
2022-08-05 05:00:00,0,False
2022-08-05 06:00:00,0,False
2022-08-05 07:00:00,0,False
2022-08-05 08:00:00,46,False
2022-08-05 09:00:00,0,False
2022-08-05 10:00:00,0,False
2022-08-05 11:00:00,0,False
2022-08-05 12:00:00,0,False
2022-08-05 13:00:00,0,False
2022-08-05 14:00:00,0,False
2022-08-05 15:00:00,0,False
2022-08-05 16:00:00,0,False
2022-08-05 17:00:00,0,False
2022-08-05 18:00:00,80,False
2022-08-05 19:00:00,0,False
2022-08-05 20:00:00,0,False
2022-08-05 21:00:00,0,False
2022-08-05 22:00:00,0,False
2022-08-05 23:00:00,0,False
2022-08-06 00:00:00,0,False
2022-08-06 01:00:00,50,False
2022-08-06 02:00:00,0,False
2022-08-06 03:00:00,35,False
2022-08-06 04:00:00,42,False
2022-08-06 05:00:00,0,False
2022-08-06 06:00:00,0,False
2022-08-06 07:00:00,35,False
2022-08-06 08:00:00,0,False
2022-08-06 09:00:00,47,False
2022-08-06 10:00:00,34,False
2022-08-06 11:00:00,0,False
2022-08-06 12:00:00,22,False
2022-08-06 13:00:00,0,False
2022-08-06 14:00:00,0,False
2022-08-06 15:00:00,0,False
2022-08-06 16:00:00,0,False
2022-08-06 17:00:00,0,False
2022-08-06 18:00:00,46,False
2022-08-06 19:00:00,0,False
2022-08-06 20:00:00,54,False
2022-08-06 21:00:00,0,False
2022-08-06 22:00:00,0,False
2022-08-06 23:00:00,0,False
2022-08-07 00:00:00,0,False
2022-09-04 00:00:00,88,False
2022-09-04 01:00:00,0,False
2022-09-04 02:00:00,0,False
2022-09-04 03:00:00,0,False
2022-09-04 04:00:00,0,False
2022-09-04 05:00:00,0,False
2022-09-04 06:00:00,0,False
2022-09-04 07:00:00,0,False
2022-09-04 08:00:00,0,False
2022-09-04 09:00:00,0,False
2022-09-04 10:00:00,0,False
2022-09-04 11:00:00,0,False
2022-09-04 12:00:00,0,False
2022-09-04 13:00:00,0,False
2022-09-04 14:00:00,0,False
2022-09-04 15:00:00,26,False
2022-09-04 16:00:00,27,False
2022-09-04 17:00:00,32,False
2022-09-04 18:00:00,34,False
2022-09-04 19:00:00,0,False
2022-09-04 20:00:00,0,False
2022-09-04 21:00:00,0,False
2022-09-04 22:00:00,0,False
2022-09-04 23:00:00,0,False
2022-09-05 00:00:00,0,False
2022-09-05 01:00:00,0,False
2022-09-05 02:00:00,45,False
2022-09-05 03:00:00,0,False
2022-09-05 04:00:00,52,False
2022-09-05 05:00:00,33,False
2022-09-05 06:00:00,0,False
2022-09-05 07:00:00,0,False
2022-09-05 08:00:00,0,False
2022-09-05 09:00:00,0,False
2022-09-05 10:00:00,0,False
2022-09-05 11:00:00,0,False
2022-09-05 12:00:00,0,False
2022-09-05 13:00:00,0,False
2022-09-05 14:00:00,24,False
2022-09-05 15:00:00,0,False
2022-09-05 16:00:00,0,False
2022-09-05 17:00:00,0,False
2022-09-05 18:00:00,0,False
2022-09-05 19:00:00,27,False
2022-09-05 20:00:00,0,False
2022-09-05 21:00:00,33,False
2022-09-05 22:00:00,0,False
2022-09-05 23:00:00,0,False
2022-09-06 00:00:00,43,False
2022-09-06 01:00:00,0,False
2022-09-06 02:00:00,65,False
2022-09-06 03:00:00,0,False
2022-09-06 04:00:00,0,False
2022-09-06 05:00:00,0,False
2022-09-06 06:00:00,0,False
2022-09-06 07:00:00,0,False
2022-09-06 08:00:00,0,False
2022-09-06 09:00:00,0,False
2022-09-06 10:00:00,0,False
2022-09-06 11:00:00,0,False
2022-09-06 12:00:00,0,False
2022-09-06 13:00:00,0,False
2022-09-06 14:00:00,0,False
2022-09-06 15:00:00,0,False
2022-09-06 16:00:00,0,False
2022-09-06 17:00:00,0,False
2022-09-06 18:00:00,0,False
2022-09-06 19:00:00,0,False
2022-09-06 20:00:00,0,False
2022-09-06 21:00:00,0,False
2022-09-06 22:00:00,0,False
2022-09-06 23:00:00,73,False
2022-09-07 00:00:00,0,False
2022-09-07 01:00:00,0,False
2022-09-07 02:00:00,42,False
2022-09-07 03:00:00,69,False
2022-09-07 04:00:00,36,False
2022-09-07 05:00:00,100,False
2022-09-07 06:00:00,0,False
2022-09-07 07:00:00,0,False
2022-09-07 08:00:00,0,False
2022-09-07 09:00:00,48,False
2022-09-07 10:00:00,0,False
2022-09-07 11:00:00,0,False
2022-09-07 12:00:00,0,False
2022-09-07 13:00:00,0,False
2022-09-07 14:00:00,0,False
2022-09-07 15:00:00,0,False
2022-09-07 16:00:00,0,False
2022-09-07 17:00:00,0,False
2022-09-07 18:00:00,72,False
2022-09-07 19:00:00,0,False
2022-09-07 20:00:00,0,False
2022-09-07 21:00:00,0,False
2022-09-07 22:00:00,0,False
2022-09-07 23:00:00,0,False
2022-09-08 00:00:00,0,False
2022-09-08 01:00:00,0,False
2022-09-08 02:00:00,36,False
2022-09-08 03:00:00,0,False
2022-09-08 04:00:00,0,False
2022-09-08 05:00:00,0,False
2022-09-08 06:00:00,0,False
2022-09-08 07:00:00,0,False
2022-09-08 08:00:00,0,False
2022-09-08 09:00:00,0,False
2022-09-08 10:00:00,0,False
2022-09-08 11:00:00,0,False
2022-09-08 12:00:00,0,False
2022-09-08 13:00:00,48,False
2022-09-08 14:00:00,0,False
2022-09-08 15:00:00,0,False
2022-09-08 16:00:00,60,False
2022-09-08 17:00:00,0,False
2022-09-08 18:00:00,0,False
2022-09-08 19:00:00,0,False
2022-09-08 20:00:00,0,False
2022-09-08 21:00:00,0,False
2022-09-08 22:00:00,0,False
2022-09-08 23:00:00,0,False
2022-09-09 00:00:00,0,False
2022-09-09 01:00:00,0,False
2022-09-09 02:00:00,46,False
2022-09-09 03:00:00,35,False
2022-09-09 04:00:00,0,False
2022-09-09 05:00:00,0,False
2022-09-09 06:00:00,0,False
2022-09-09 07:00:00,0,False
2022-09-09 08:00:00,0,False
2022-09-09 09:00:00,0,False
2022-09-09 10:00:00,0,False
2022-09-09 11:00:00,0,False
2022-09-09 12:00:00,0,False
2022-09-09 13:00:00,0,False
2022-09-09 14:00:00,0,False
2022-09-09 15:00:00,0,False
2022-09-09 16:00:00,0,False
2022-09-09 17:00:00,0,False
2022-09-09 18:00:00,0,False
2022-09-09 19:00:00,0,False
2022-09-09 20:00:00,0,False
2022-09-09 21:00:00,0,False
2022-09-09 22:00:00,0,False
2022-09-09 23:00:00,0,False
2022-09-10 00:00:00,0,False
2022-09-10 01:00:00,0,False
2022-09-10 02:00:00,0,False
2022-09-10 03:00:00,0,False
2022-09-10 04:00:00,0,False
2022-09-10 05:00:00,0,False
2022-09-10 06:00:00,0,False
2022-09-10 07:00:00,0,False
2022-09-10 08:00:00,0,False
2022-09-10 09:00:00,0,False
2022-09-10 10:00:00,0,False
2022-09-10 11:00:00,0,False
2022-09-10 12:00:00,0,False
2022-09-10 13:00:00,0,False
2022-09-10 14:00:00,0,False
2022-09-10 15:00:00,0,False
2022-09-10 16:00:00,0,False
2022-09-10 17:00:00,0,False
2022-09-10 18:00:00,0,False
2022-09-10 19:00:00,0,False
2022-09-10 20:00:00,0,False
2022-09-10 21:00:00,0,False
2022-09-10 22:00:00,0,False
2022-09-10 23:00:00,80,False
2022-09-11 00:00:00,0,False
2022-10-02 00:00:00,0,False
2022-10-02 01:00:00,0,False
2022-10-02 02:00:00,0,False
2022-10-02 03:00:00,0,False
2022-10-02 04:00:00,0,False
2022-10-02 05:00:00,0,False
2022-10-02 06:00:00,31,False
2022-10-02 07:00:00,0,False
2022-10-02 08:00:00,0,False
2022-10-02 09:00:00,0,False
2022-10-02 10:00:00,0,False
2022-10-02 11:00:00,20,False
2022-10-02 12:00:00,0,False
2022-10-02 13:00:00,0,False
2022-10-02 14:00:00,0,False
2022-10-02 15:00:00,0,False
2022-10-02 16:00:00,0,False
2022-10-02 17:00:00,0,False
2022-10-02 18:00:00,0,False
2022-10-02 19:00:00,0,False
2022-10-02 20:00:00,18,False
2022-10-02 21:00:00,0,False
2022-10-02 22:00:00,0,False
2022-10-02 23:00:00,0,False
2022-10-03 00:00:00,0,False
2022-10-03 01:00:00,0,False
2022-10-03 02:00:00,0,False
2022-10-03 03:00:00,0,False
2022-10-03 04:00:00,0,False
2022-10-03 05:00:00,0,False
2022-10-03 06:00:00,0,False
2022-10-03 07:00:00,30,False
2022-10-03 08:00:00,33,False
2022-10-03 09:00:00,0,False
2022-10-03 10:00:00,0,False
2022-10-03 11:00:00,16,False
2022-10-03 12:00:00,0,False
2022-10-03 13:00:00,0,False
2022-10-03 14:00:00,0,False
2022-10-03 15:00:00,0,False
2022-10-03 16:00:00,17,False
2022-10-03 17:00:00,0,False
2022-10-03 18:00:00,33,False
2022-10-03 19:00:00,78,False
2022-10-03 20:00:00,0,False
2022-10-03 21:00:00,0,False
2022-10-03 22:00:00,0,False
2022-10-03 23:00:00,0,False
2022-10-04 00:00:00,0,False
2022-10-04 01:00:00,38,False
2022-10-04 02:00:00,0,False
2022-10-04 03:00:00,0,False
2022-10-04 04:00:00,0,False
2022-10-04 05:00:00,0,False
2022-10-04 06:00:00,0,False
2022-10-04 07:00:00,0,False
2022-10-04 08:00:00,0,False
2022-10-04 09:00:00,0,False
2022-10-04 10:00:00,67,False
2022-10-04 11:00:00,0,False
2022-10-04 12:00:00,0,False
2022-10-04 13:00:00,0,False
2022-10-04 14:00:00,0,False
2022-10-04 15:00:00,0,False
2022-10-04 16:00:00,26,False
2022-10-04 17:00:00,0,False
2022-10-04 18:00:00,0,False
2022-10-04 19:00:00,19,False
2022-10-04 20:00:00,35,False
2022-10-04 21:00:00,0,False
2022-10-04 22:00:00,41,False
2022-10-04 23:00:00,0,False
2022-10-05 00:00:00,0,False
2022-10-05 01:00:00,0,False
2022-10-05 02:00:00,0,False
2022-10-05 03:00:00,0,False
2022-10-05 04:00:00,0,False
2022-10-05 05:00:00,0,False
2022-10-05 06:00:00,0,False
2022-10-05 07:00:00,0,False
2022-10-05 08:00:00,0,False
2022-10-05 09:00:00,0,False
2022-10-05 10:00:00,0,False
2022-10-05 11:00:00,0,False
2022-10-05 12:00:00,0,False
2022-10-05 13:00:00,0,False
2022-10-05 14:00:00,0,False
2022-10-05 15:00:00,0,False
2022-10-05 16:00:00,0,False
2022-10-05 17:00:00,0,False
2022-10-05 18:00:00,0,False
2022-10-05 19:00:00,0,False
2022-10-05 20:00:00,0,False
2022-10-05 21:00:00,0,False
2022-10-05 22:00:00,34,False
2022-10-05 23:00:00,0,False
2022-10-06 00:00:00,0,False
2022-10-06 01:00:00,89,False
2022-10-06 02:00:00,0,False
2022-10-06 03:00:00,0,False
2022-10-06 04:00:00,0,False
2022-10-06 05:00:00,0,False
2022-10-06 06:00:00,0,False
2022-10-06 07:00:00,0,False
2022-10-06 08:00:00,0,False
2022-10-06 09:00:00,0,False
2022-10-06 10:00:00,0,False
2022-10-06 11:00:00,0,False
2022-10-06 12:00:00,0,False
2022-10-06 13:00:00,0,False
2022-10-06 14:00:00,0,False
2022-10-06 15:00:00,0,False
2022-10-06 16:00:00,0,False
2022-10-06 17:00:00,0,False
2022-10-06 18:00:00,0,False
2022-10-06 19:00:00,0,False
2022-10-06 20:00:00,0,False
2022-10-06 21:00:00,0,False
2022-10-06 22:00:00,0,False
2022-10-06 23:00:00,100,False
2022-10-07 00:00:00,48,False
2022-10-07 01:00:00,0,False
2022-10-07 02:00:00,0,False
2022-10-07 03:00:00,0,False
2022-10-07 04:00:00,0,False
2022-10-07 05:00:00,0,False
2022-10-07 06:00:00,45,False
2022-10-07 07:00:00,0,False
2022-10-07 08:00:00,0,False
2022-10-07 09:00:00,0,False
2022-10-07 10:00:00,0,False
2022-10-07 11:00:00,0,False
2022-10-07 12:00:00,16,False
2022-10-07 13:00:00,20,False
2022-10-07 14:00:00,0,False
2022-10-07 15:00:00,0,False
2022-10-07 16:00:00,0,False
2022-10-07 17:00:00,0,False
2022-10-07 18:00:00,0,False
2022-10-07 19:00:00,31,False
2022-10-07 20:00:00,0,False
2022-10-07 21:00:00,0,False
2022-10-07 22:00:00,0,False
2022-10-07 23:00:00,0,False
2022-10-08 00:00:00,0,False
2022-10-08 01:00:00,0,False
2022-10-08 02:00:00,0,False
2022-10-08 03:00:00,0,False
2022-10-08 04:00:00,38,False
2022-10-08 05:00:00,0,False
2022-10-08 06:00:00,0,False
2022-10-08 07:00:00,0,False
2022-10-08 08:00:00,43,False
2022-10-08 09:00:00,0,False
2022-10-08 10:00:00,0,False
2022-10-08 11:00:00,0,False
2022-10-08 12:00:00,0,False
2022-10-08 13:00:00,0,False
2022-10-08 14:00:00,0,False
2022-10-08 15:00:00,0,False
2022-10-08 16:00:00,0,False
2022-10-08 17:00:00,0,False
2022-10-08 18:00:00,42,False
2022-10-08 19:00:00,45,False
2022-10-08 20:00:00,0,False
2022-10-08 21:00:00,0,False
2022-10-08 22:00:00,0,False
2022-10-08 23:00:00,0,False
2022-10-09 00:00:00,0,False
2022-10-16 00:00:00,0,False
2022-10-16 01:00:00,0,False
2022-10-16 02:00:00,0,False
2022-10-16 03:00:00,0,False
2022-10-16 04:00:00,0,False
2022-10-16 05:00:00,71,False
2022-10-16 06:00:00,0,False
2022-10-16 07:00:00,0,False
2022-10-16 08:00:00,0,False
2022-10-16 09:00:00,0,False
2022-10-16 10:00:00,0,False
2022-10-16 11:00:00,0,False
2022-10-16 12:00:00,0,False
2022-10-16 13:00:00,0,False
2022-10-16 14:00:00,46,False
2022-10-16 15:00:00,0,False
2022-10-16 16:00:00,0,False
2022-10-16 17:00:00,0,False
2022-10-16 18:00:00,84,False
2022-10-16 19:00:00,0,False
2022-10-16 20:00:00,0,False
2022-10-16 21:00:00,44,False
2022-10-16 22:00:00,0,False
2022-10-16 23:00:00,0,False
2022-10-17 00:00:00,0,False
2022-10-17 01:00:00,0,False
2022-10-17 02:00:00,32,False
2022-10-17 03:00:00,85,False
2022-10-17 04:00:00,0,False
2022-10-17 05:00:00,0,False
2022-10-17 06:00:00,0,False
2022-10-17 07:00:00,0,False
2022-10-17 08:00:00,0,False
2022-10-17 09:00:00,25,False
2022-10-17 10:00:00,0,False
2022-10-17 11:00:00,0,False
2022-10-17 12:00:00,63,False
2022-10-17 13:00:00,0,False
2022-10-17 14:00:00,0,False
2022-10-17 15:00:00,0,False
2022-10-17 16:00:00,0,False
2022-10-17 17:00:00,0,False
2022-10-17 18:00:00,0,False
2022-10-17 19:00:00,0,False
2022-10-17 20:00:00,0,False
2022-10-17 21:00:00,0,False
2022-10-17 22:00:00,0,False
2022-10-17 23:00:00,0,False
2022-10-18 00:00:00,0,False
2022-10-18 01:00:00,0,False
2022-10-18 02:00:00,0,False
2022-10-18 03:00:00,0,False
2022-10-18 04:00:00,45,False
2022-10-18 05:00:00,0,False
2022-10-18 06:00:00,53,False
2022-10-18 07:00:00,26,False
2022-10-18 08:00:00,0,False
2022-10-18 09:00:00,0,False
2022-10-18 10:00:00,0,False
2022-10-18 11:00:00,0,False
2022-10-18 12:00:00,0,False
2022-10-18 13:00:00,0,False
2022-10-18 14:00:00,0,False
2022-10-18 15:00:00,0,False
2022-10-18 16:00:00,0,False
2022-10-18 17:00:00,0,False
2022-10-18 18:00:00,0,False
2022-10-18 19:00:00,0,False
2022-10-18 20:00:00,0,False
2022-10-18 21:00:00,0,False
2022-10-18 22:00:00,0,False
2022-10-18 23:00:00,0,False
2022-10-19 00:00:00,0,False
2022-10-19 01:00:00,0,False
2022-10-19 02:00:00,0,False
2022-10-19 03:00:00,0,False
2022-10-19 04:00:00,0,False
2022-10-19 05:00:00,0,False
2022-10-19 06:00:00,0,False
2022-10-19 07:00:00,0,False
2022-10-19 08:00:00,0,False
2022-10-19 09:00:00,0,False
2022-10-19 10:00:00,0,False
2022-10-19 11:00:00,0,False
2022-10-19 12:00:00,0,False
2022-10-19 13:00:00,0,False
2022-10-19 14:00:00,0,False
2022-10-19 15:00:00,100,False
2022-10-19 16:00:00,0,False
2022-10-19 17:00:00,26,False
2022-10-19 18:00:00,0,False
2022-10-19 19:00:00,0,False
2022-10-19 20:00:00,0,False
2022-10-19 21:00:00,0,False
2022-10-19 22:00:00,0,False
2022-10-19 23:00:00,0,False
2022-10-20 00:00:00,0,False
2022-10-20 01:00:00,0,False
2022-10-20 02:00:00,0,False
2022-10-20 03:00:00,0,False
2022-10-20 04:00:00,0,False
2022-10-20 05:00:00,0,False
2022-10-20 06:00:00,0,False
2022-10-20 07:00:00,52,False
2022-10-20 08:00:00,0,False
2022-10-20 09:00:00,0,False
2022-10-20 10:00:00,27,False
2022-10-20 11:00:00,0,False
2022-10-20 12:00:00,0,False
2022-10-20 13:00:00,65,False
2022-10-20 14:00:00,0,False
2022-10-20 15:00:00,0,False
2022-10-20 16:00:00,0,False
2022-10-20 17:00:00,0,False
2022-10-20 18:00:00,21,False
2022-10-20 19:00:00,0,False
2022-10-20 20:00:00,0,False
2022-10-20 21:00:00,47,False
2022-10-20 22:00:00,0,False
2022-10-20 23:00:00,0,False
2022-10-21 00:00:00,0,False
2022-10-21 01:00:00,0,False
2022-10-21 02:00:00,36,False
2022-10-21 03:00:00,0,False
2022-10-21 04:00:00,38,False
2022-10-21 05:00:00,0,False
2022-10-21 06:00:00,0,False
2022-10-21 07:00:00,0,False
2022-10-21 08:00:00,0,False
2022-10-21 09:00:00,0,False
2022-10-21 10:00:00,0,False
2022-10-21 11:00:00,0,False
2022-10-21 12:00:00,0,False
2022-10-21 13:00:00,0,False
2022-10-21 14:00:00,0,False
2022-10-21 15:00:00,0,False
2022-10-21 16:00:00,67,False
2022-10-21 17:00:00,0,False
2022-10-21 18:00:00,0,False
2022-10-21 19:00:00,0,False
2022-10-21 20:00:00,0,False
2022-10-21 21:00:00,0,False
2022-10-21 22:00:00,38,False
2022-10-21 23:00:00,0,False
2022-10-22 00:00:00,0,False
2022-10-22 01:00:00,0,False
2022-10-22 02:00:00,0,False
2022-10-22 03:00:00,0,False
2022-10-22 04:00:00,0,False
2022-10-22 05:00:00,0,False
2022-10-22 06:00:00,0,False
2022-10-22 07:00:00,37,False
2022-10-22 08:00:00,0,False
2022-10-22 09:00:00,0,False
2022-10-22 10:00:00,0,False
2022-10-22 11:00:00,0,False
2022-10-22 12:00:00,25,False
2022-10-22 13:00:00,0,False
2022-10-22 14:00:00,0,False
2022-10-22 15:00:00,21,False
2022-10-22 16:00:00,0,False
2022-10-22 17:00:00,0,False
2022-10-22 18:00:00,0,False
2022-10-22 19:00:00,0,False
2022-10-22 20:00:00,0,False
2022-10-22 21:00:00,34,False
2022-10-22 22:00:00,45,False
2022-10-22 23:00:00,53,False
2022-10-23 00:00:00,74,False
2022-10-23 00:00:00,56,False
2022-10-23 01:00:00,0,False
2022-10-23 02:00:00,0,False
2022-10-23 03:00:00,0,False
2022-10-23 04:00:00,0,False
2022-10-23 05:00:00,0,False
2022-10-23 06:00:00,0,False
2022-10-23 07:00:00,0,False
2022-10-23 08:00:00,0,False
2022-10-23 09:00:00,39,False
2022-10-23 10:00:00,0,False
2022-10-23 11:00:00,0,False
2022-10-23 12:00:00,0,False
2022-10-23 13:00:00,0,False
2022-10-23 14:00:00,20,False
2022-10-23 15:00:00,39,False
2022-10-23 16:00:00,0,False
2022-10-23 17:00:00,0,False
2022-10-23 18:00:00,0,False
2022-10-23 19:00:00,0,False
2022-10-23 20:00:00,0,False
2022-10-23 21:00:00,0,False
2022-10-23 22:00:00,0,False
2022-10-23 23:00:00,0,False
2022-10-24 00:00:00,33,False
2022-10-24 01:00:00,0,False
2022-10-24 02:00:00,0,False
2022-10-24 03:00:00,0,False
2022-10-24 04:00:00,0,False
2022-10-24 05:00:00,0,False
2022-10-24 06:00:00,0,False
2022-10-24 07:00:00,0,False
2022-10-24 08:00:00,0,False
2022-10-24 09:00:00,0,False
2022-10-24 10:00:00,25,False
2022-10-24 11:00:00,0,False
2022-10-24 12:00:00,0,False
2022-10-24 13:00:00,0,False
2022-10-24 14:00:00,0,False
2022-10-24 15:00:00,0,False
2022-10-24 16:00:00,0,False
2022-10-24 17:00:00,0,False
2022-10-24 18:00:00,0,False
2022-10-24 19:00:00,0,False
2022-10-24 20:00:00,0,False
2022-10-24 21:00:00,25,False
2022-10-24 22:00:00,0,False
2022-10-24 23:00:00,0,False
2022-10-25 00:00:00,0,False
2022-10-25 01:00:00,0,False
2022-10-25 02:00:00,0,False
2022-10-25 03:00:00,0,False
2022-10-25 04:00:00,0,False
2022-10-25 05:00:00,0,False
2022-10-25 06:00:00,0,False
2022-10-25 07:00:00,26,False
2022-10-25 08:00:00,0,False
2022-10-25 09:00:00,0,False
2022-10-25 10:00:00,0,False
2022-10-25 11:00:00,25,False
2022-10-25 12:00:00,0,False
2022-10-25 13:00:00,0,False
2022-10-25 14:00:00,0,False
2022-10-25 15:00:00,0,False
2022-10-25 16:00:00,0,False
2022-10-25 17:00:00,26,False
2022-10-25 18:00:00,0,False
2022-10-25 19:00:00,0,False
2022-10-25 20:00:00,0,False
2022-10-25 21:00:00,0,False
2022-10-25 22:00:00,0,False
2022-10-25 23:00:00,38,False
2022-10-26 00:00:00,26,False
2022-10-26 01:00:00,0,False
2022-10-26 02:00:00,53,False
2022-10-26 03:00:00,0,False
2022-10-26 04:00:00,0,False
2022-10-26 05:00:00,35,False
2022-10-26 06:00:00,0,False
2022-10-26 07:00:00,0,False
2022-10-26 08:00:00,0,False
2022-10-26 09:00:00,0,False
2022-10-26 10:00:00,27,False
2022-10-26 11:00:00,0,False
2022-10-26 12:00:00,0,False
2022-10-26 13:00:00,0,False
2022-10-26 14:00:00,0,False
2022-10-26 15:00:00,0,False
2022-10-26 16:00:00,0,False
2022-10-26 17:00:00,16,False
2022-10-26 18:00:00,35,False
2022-10-26 19:00:00,0,False
2022-10-26 20:00:00,0,False
2022-10-26 21:00:00,0,False
2022-10-26 22:00:00,0,False
2022-10-26 23:00:00,0,False
2022-10-27 00:00:00,0,False
2022-10-27 01:00:00,0,False
2022-10-27 02:00:00,0,False
2022-10-27 03:00:00,0,False
2022-10-27 04:00:00,0,False
2022-10-27 05:00:00,0,False
2022-10-27 06:00:00,30,False
2022-10-27 07:00:00,0,False
2022-10-27 08:00:00,0,False
2022-10-27 09:00:00,0,False
2022-10-27 10:00:00,23,False
2022-10-27 11:00:00,0,False
2022-10-27 12:00:00,37,False
2022-10-27 13:00:00,0,False
2022-10-27 14:00:00,0,False
2022-10-27 15:00:00,0,False
2022-10-27 16:00:00,0,False
2022-10-27 17:00:00,0,False
2022-10-27 18:00:00,23,False
2022-10-27 19:00:00,52,False
2022-10-27 20:00:00,0,False
2022-10-27 21:00:00,23,False
2022-10-27 22:00:00,0,False
2022-10-27 23:00:00,0,False
2022-10-28 00:00:00,0,False
2022-10-28 01:00:00,0,False
2022-10-28 02:00:00,0,False
2022-10-28 03:00:00,0,False
2022-10-28 04:00:00,0,False
2022-10-28 05:00:00,0,False
2022-10-28 06:00:00,0,False
2022-10-28 07:00:00,0,False
2022-10-28 08:00:00,26,False
2022-10-28 09:00:00,0,False
2022-10-28 10:00:00,38,False
2022-10-28 11:00:00,0,False
2022-10-28 12:00:00,0,False
2022-10-28 13:00:00,17,False
2022-10-28 14:00:00,0,False
2022-10-28 15:00:00,14,False
2022-10-28 16:00:00,0,False
2022-10-28 17:00:00,0,False
2022-10-28 18:00:00,0,False
2022-10-28 19:00:00,0,False
2022-10-28 20:00:00,0,False
2022-10-28 21:00:00,0,False
2022-10-28 22:00:00,58,False
2022-10-28 23:00:00,0,False
2022-10-29 00:00:00,100,False
2022-10-29 01:00:00,0,False
2022-10-29 02:00:00,0,False
2022-10-29 03:00:00,0,False
2022-10-29 04:00:00,0,False
2022-10-29 05:00:00,0,False
2022-10-29 06:00:00,0,False
2022-10-29 07:00:00,0,False
2022-10-29 08:00:00,0,False
2022-10-29 09:00:00,0,False
2022-10-29 10:00:00,22,False
2022-10-29 11:00:00,0,False
2022-10-29 12:00:00,0,False
2022-10-29 13:00:00,0,False
2022-10-29 14:00:00,0,False
2022-10-29 15:00:00,0,False
2022-10-29 16:00:00,0,False
2022-10-29 17:00:00,0,False
2022-10-29 18:00:00,0,False
2022-10-29 19:00:00,0,False
2022-10-29 20:00:00,0,False
2022-10-29 21:00:00,0,False
2022-10-29 22:00:00,59,False
2022-10-29 23:00:00,52,False
2022-10-30 00:00:00,96,False
2022-10-30 00:00:00,0,False
2022-10-30 01:00:00,0,False
2022-10-30 02:00:00,0,False
2022-10-30 03:00:00,0,False
2022-10-30 04:00:00,0,False
2022-10-30 05:00:00,0,False
2022-10-30 06:00:00,0,False
2022-10-30 07:00:00,0,False
2022-10-30 08:00:00,0,False
2022-10-30 09:00:00,0,False
2022-10-30 10:00:00,24,False
2022-10-30 11:00:00,0,False
2022-10-30 12:00:00,0,False
2022-10-30 13:00:00,35,False
2022-10-30 14:00:00,32,False
2022-10-30 15:00:00,0,False
2022-10-30 16:00:00,0,False
2022-10-30 17:00:00,29,False
2022-10-30 18:00:00,0,False
2022-10-30 19:00:00,50,False
2022-10-30 20:00:00,25,False
2022-10-30 21:00:00,59,False
2022-10-30 22:00:00,0,False
2022-10-30 23:00:00,0,False
2022-10-31 00:00:00,28,False
2022-10-31 01:00:00,0,False
2022-10-31 02:00:00,46,False
2022-10-31 03:00:00,0,False
2022-10-31 04:00:00,32,False
2022-10-31 05:00:00,0,False
2022-10-31 06:00:00,72,False
2022-10-31 07:00:00,33,False
2022-10-31 08:00:00,0,False
2022-10-31 09:00:00,0,False
2022-10-31 10:00:00,0,False
2022-10-31 11:00:00,0,False
2022-10-31 12:00:00,33,False
2022-10-31 13:00:00,0,False
2022-10-31 14:00:00,0,False
2022-10-31 15:00:00,25,False
2022-10-31 16:00:00,51,False
2022-10-31 17:00:00,29,False
2022-10-31 18:00:00,0,False
2022-10-31 19:00:00,24,False
2022-10-31 20:00:00,0,False
2022-10-31 21:00:00,0,False
2022-10-31 22:00:00,0,False
2022-10-31 23:00:00,0,False
2022-11-01 00:00:00,0,False
2022-11-01 01:00:00,81,False
2022-11-01 02:00:00,0,False
2022-11-01 03:00:00,0,False
2022-11-01 04:00:00,0,False
2022-11-01 05:00:00,0,False
2022-11-01 06:00:00,0,False
2022-11-01 07:00:00,0,False
2022-11-01 08:00:00,26,False
2022-11-01 09:00:00,0,False
2022-11-01 10:00:00,20,False
2022-11-01 11:00:00,0,False
2022-11-01 12:00:00,30,False
2022-11-01 13:00:00,0,False
2022-11-01 14:00:00,69,False
2022-11-01 15:00:00,0,False
2022-11-01 16:00:00,0,False
2022-11-01 17:00:00,0,False
2022-11-01 18:00:00,0,False
2022-11-01 19:00:00,0,False
2022-11-01 20:00:00,38,False
2022-11-01 21:00:00,33,False
2022-11-01 22:00:00,0,False
2022-11-01 23:00:00,0,False
2022-11-02 00:00:00,0,False
2022-11-02 01:00:00,0,False
2022-11-02 02:00:00,58,False
2022-11-02 03:00:00,61,False
2022-11-02 04:00:00,65,False
2022-11-02 05:00:00,94,False
2022-11-02 06:00:00,0,False
2022-11-02 07:00:00,0,False
2022-11-02 08:00:00,0,False
2022-11-02 09:00:00,47,False
2022-11-02 10:00:00,0,False
2022-11-02 11:00:00,0,False
2022-11-02 12:00:00,49,False
2022-11-02 13:00:00,32,False
2022-11-02 14:00:00,77,False
2022-11-02 15:00:00,52,False
2022-11-02 16:00:00,0,False
2022-11-02 17:00:00,19,False
2022-11-02 18:00:00,0,False
2022-11-02 19:00:00,20,False
2022-11-02 20:00:00,79,False
2022-11-02 21:00:00,0,False
2022-11-02 22:00:00,0,False
2022-11-02 23:00:00,38,False
2022-11-03 00:00:00,100,False
2022-11-03 01:00:00,0,False
2022-11-03 02:00:00,0,False
2022-11-03 03:00:00,0,False
2022-11-03 04:00:00,0,False
2022-11-03 05:00:00,0,False
2022-11-03 06:00:00,0,False
2022-11-03 07:00:00,0,False
2022-11-03 08:00:00,55,False
2022-11-03 09:00:00,0,False
2022-11-03 10:00:00,27,False
2022-11-03 11:00:00,0,False
2022-11-03 12:00:00,53,False
2022-11-03 13:00:00,23,False
2022-11-03 14:00:00,95,False
2022-11-03 15:00:00,0,False
2022-11-03 16:00:00,22,False
2022-11-03 17:00:00,0,False
2022-11-03 18:00:00,0,False
2022-11-03 19:00:00,0,False
2022-11-03 20:00:00,72,False
2022-11-03 21:00:00,0,False
2022-11-03 22:00:00,68,False
2022-11-03 23:00:00,0,False
2022-11-04 00:00:00,0,False
2022-11-04 01:00:00,0,False
2022-11-04 02:00:00,0,False
2022-11-04 03:00:00,0,False
2022-11-04 04:00:00,0,False
2022-11-04 05:00:00,0,False
2022-11-04 06:00:00,68,False
2022-11-04 07:00:00,43,False
2022-11-04 08:00:00,0,False
2022-11-04 09:00:00,0,False
2022-11-04 10:00:00,26,False
2022-11-04 11:00:00,0,False
2022-11-04 12:00:00,0,False
2022-11-04 13:00:00,0,False
2022-11-04 14:00:00,21,False
2022-11-04 15:00:00,0,False
2022-11-04 16:00:00,0,False
2022-11-04 17:00:00,0,False
2022-11-04 18:00:00,43,False
2022-11-04 19:00:00,46,False
2022-11-04 20:00:00,0,False
2022-11-04 21:00:00,0,False
2022-11-04 22:00:00,43,False
2022-11-04 23:00:00,0,False
2022-11-05 00:00:00,0,False
