,timestamp,min,max,avg
0,2016-11-06T00:00:00Z,,,
1,2016-11-07T00:00:00Z,,,
2,2016-11-08T00:00:00Z,,,
3,2016-11-09T00:00:00Z,,,
4,2016-11-10T00:00:00Z,,,
5,2016-11-11T00:00:00Z,,,
6,2016-11-12T00:00:00Z,,,
7,2016-11-13T00:00:00Z,,,
8,2016-11-14T00:00:00Z,,,
9,2016-11-15T00:00:00Z,,,
10,2016-11-16T00:00:00Z,,,
11,2016-11-17T00:00:00Z,,,
12,2016-11-18T00:00:00Z,,,
13,2016-11-19T00:00:00Z,,,
14,2016-11-20T00:00:00Z,,,
15,2016-11-21T00:00:00Z,,,
16,2016-11-22T00:00:00Z,,,
17,2016-11-23T00:00:00Z,,,
18,2016-11-24T00:00:00Z,,,
19,2016-11-25T00:00:00Z,,,
20,2016-11-26T00:00:00Z,,,
21,2016-11-27T00:00:00Z,,,
22,2016-11-28T00:00:00Z,,,
23,2016-11-29T00:00:00Z,,,
24,2016-11-30T00:00:00Z,,,
25,2016-12-01T00:00:00Z,,,
26,2016-12-02T00:00:00Z,,,
27,2016-12-03T00:00:00Z,,,
28,2016-12-04T00:00:00Z,,,
29,2016-12-05T00:00:00Z,,,
30,2016-12-06T00:00:00Z,,,
31,2016-12-07T00:00:00Z,,,
32,2016-12-08T00:00:00Z,,,
33,2016-12-09T00:00:00Z,,,
34,2016-12-10T00:00:00Z,,,
35,2016-12-11T00:00:00Z,,,
36,2016-12-12T00:00:00Z,,,
37,2016-12-13T00:00:00Z,,,
38,2016-12-14T00:00:00Z,,,
39,2016-12-15T00:00:00Z,,,
40,2016-12-16T00:00:00Z,,,
41,2016-12-17T00:00:00Z,,,
42,2016-12-18T00:00:00Z,,,
43,2016-12-19T00:00:00Z,,,
44,2016-12-20T00:00:00Z,,,
45,2016-12-21T00:00:00Z,,,
46,2016-12-22T00:00:00Z,,,
47,2016-12-23T00:00:00Z,,,
48,2016-12-24T00:00:00Z,,,
49,2016-12-25T00:00:00Z,,,
50,2016-12-26T00:00:00Z,,,
51,2016-12-27T00:00:00Z,,,
52,2016-12-28T00:00:00Z,,,
53,2016-12-29T00:00:00Z,,,
54,2016-12-30T00:00:00Z,,,
55,2016-12-31T00:00:00Z,,,
56,2017-01-01T00:00:00Z,,,
57,2017-01-02T00:00:00Z,,,
58,2017-01-03T00:00:00Z,,,
59,2017-01-04T00:00:00Z,,,
60,2017-01-05T00:00:00Z,,,
61,2017-01-06T00:00:00Z,,,
62,2017-01-07T00:00:00Z,,,
63,2017-01-08T00:00:00Z,,,
64,2017-01-09T00:00:00Z,,,
65,2017-01-10T00:00:00Z,,,
66,2017-01-11T00:00:00Z,,,
67,2017-01-12T00:00:00Z,,,
68,2017-01-13T00:00:00Z,,,
69,2017-01-14T00:00:00Z,,,
70,2017-01-15T00:00:00Z,,,
71,2017-01-16T00:00:00Z,,,
72,2017-01-17T00:00:00Z,,,
73,2017-01-18T00:00:00Z,,,
74,2017-01-19T00:00:00Z,,,
75,2017-01-20T00:00:00Z,,,
76,2017-01-21T00:00:00Z,,,
77,2017-01-22T00:00:00Z,,,
78,2017-01-23T00:00:00Z,,,
79,2017-01-24T00:00:00Z,,,
80,2017-01-25T00:00:00Z,,,
81,2017-01-26T00:00:00Z,,,
82,2017-01-27T00:00:00Z,,,
83,2017-01-28T00:00:00Z,,,
84,2017-01-29T00:00:00Z,,,
85,2017-01-30T00:00:00Z,,,
86,2017-01-31T00:00:00Z,,,
87,2017-02-01T00:00:00Z,,,
88,2017-02-02T00:00:00Z,,,
89,2017-02-03T00:00:00Z,,,
90,2017-02-04T00:00:00Z,,,
91,2017-02-05T00:00:00Z,,,
92,2017-02-06T00:00:00Z,,,
93,2017-02-07T00:00:00Z,,,
94,2017-02-08T00:00:00Z,,,
95,2017-02-09T00:00:00Z,,,
96,2017-02-10T00:00:00Z,,,
97,2017-02-11T00:00:00Z,,,
98,2017-02-12T00:00:00Z,,,
99,2017-02-13T00:00:00Z,,,
100,2017-02-14T00:00:00Z,,,
101,2017-02-15T00:00:00Z,,,
102,2017-02-16T00:00:00Z,,,
103,2017-02-17T00:00:00Z,,,
104,2017-02-18T00:00:00Z,,,
105,2017-02-19T00:00:00Z,,,
106,2017-02-20T00:00:00Z,,,
107,2017-02-21T00:00:00Z,,,
108,2017-02-22T00:00:00Z,,,
109,2017-02-23T00:00:00Z,,,
110,2017-02-24T00:00:00Z,,,
111,2017-02-25T00:00:00Z,,,
112,2017-02-26T00:00:00Z,,,
113,2017-02-27T00:00:00Z,,,
114,2017-02-28T00:00:00Z,,,
115,2017-03-01T00:00:00Z,,,
116,2017-03-02T00:00:00Z,,,
117,2017-03-03T00:00:00Z,,,
118,2017-03-04T00:00:00Z,,,
119,2017-03-05T00:00:00Z,,,
120,2017-03-06T00:00:00Z,,,
121,2017-03-07T00:00:00Z,,,
122,2017-03-08T00:00:00Z,,,
123,2017-03-09T00:00:00Z,,,
124,2017-03-10T00:00:00Z,,,
125,2017-03-11T00:00:00Z,,,
126,2017-03-12T00:00:00Z,,,
127,2017-03-13T00:00:00Z,,,
128,2017-03-14T00:00:00Z,,,
129,2017-03-15T00:00:00Z,,,
130,2017-03-16T00:00:00Z,,,
131,2017-03-17T00:00:00Z,,,
132,2017-03-18T00:00:00Z,,,
133,2017-03-19T00:00:00Z,,,
134,2017-03-20T00:00:00Z,,,
135,2017-03-21T00:00:00Z,,,
136,2017-03-22T00:00:00Z,,,
137,2017-03-23T00:00:00Z,,,
138,2017-03-24T00:00:00Z,,,
139,2017-03-25T00:00:00Z,,,
140,2017-03-26T00:00:00Z,,,
141,2017-03-27T00:00:00Z,,,
142,2017-03-28T00:00:00Z,,,
143,2017-03-29T00:00:00Z,,,
144,2017-03-30T00:00:00Z,,,
145,2017-03-31T00:00:00Z,,,
146,2017-04-01T00:00:00Z,,,
147,2017-04-02T00:00:00Z,,,
148,2017-04-03T00:00:00Z,,,
149,2017-04-04T00:00:00Z,,,
150,2017-04-05T00:00:00Z,,,
151,2017-04-06T00:00:00Z,,,
152,2017-04-07T00:00:00Z,,,
153,2017-04-08T00:00:00Z,,,
154,2017-04-09T00:00:00Z,,,
155,2017-04-10T00:00:00Z,,,
156,2017-04-11T00:00:00Z,,,
157,2017-04-12T00:00:00Z,,,
158,2017-04-13T00:00:00Z,,,
159,2017-04-14T00:00:00Z,,,
160,2017-04-15T00:00:00Z,,,
161,2017-04-16T00:00:00Z,,,
162,2017-04-17T00:00:00Z,,,
163,2017-04-18T00:00:00Z,,,
164,2017-04-19T00:00:00Z,,,
165,2017-04-20T00:00:00Z,,,
166,2017-04-21T00:00:00Z,,,
167,2017-04-22T00:00:00Z,,,
168,2017-04-23T00:00:00Z,,,
169,2017-04-24T00:00:00Z,,,
170,2017-04-25T00:00:00Z,,,
171,2017-04-26T00:00:00Z,,,
172,2017-04-27T00:00:00Z,,,
173,2017-04-28T00:00:00Z,,,
174,2017-04-29T00:00:00Z,,,
175,2017-04-30T00:00:00Z,,,
176,2017-05-01T00:00:00Z,,,
177,2017-05-02T00:00:00Z,,,
178,2017-05-03T00:00:00Z,,,
179,2017-05-04T00:00:00Z,,,
180,2017-05-05T00:00:00Z,,,
181,2017-05-06T00:00:00Z,,,
182,2017-05-07T00:00:00Z,,,
183,2017-05-08T00:00:00Z,,,
184,2017-05-09T00:00:00Z,,,
185,2017-05-10T00:00:00Z,,,
186,2017-05-11T00:00:00Z,,,
187,2017-05-12T00:00:00Z,,,
188,2017-05-13T00:00:00Z,,,
189,2017-05-14T00:00:00Z,,,
190,2017-05-15T00:00:00Z,,,
191,2017-05-16T00:00:00Z,,,
192,2017-05-17T00:00:00Z,,,
193,2017-05-18T00:00:00Z,,,
194,2017-05-19T00:00:00Z,,,
195,2017-05-20T00:00:00Z,,,
196,2017-05-21T00:00:00Z,,,
197,2017-05-22T00:00:00Z,,,
198,2017-05-23T00:00:00Z,,,
199,2017-05-24T00:00:00Z,,,
200,2017-05-25T00:00:00Z,,,
201,2017-05-26T00:00:00Z,,,
202,2017-05-27T00:00:00Z,,,
203,2017-05-28T00:00:00Z,,,
204,2017-05-29T00:00:00Z,,,
205,2017-05-30T00:00:00Z,,,
206,2017-05-31T00:00:00Z,,,
207,2017-06-01T00:00:00Z,,,
208,2017-06-02T00:00:00Z,,,
209,2017-06-03T00:00:00Z,,,
210,2017-06-04T00:00:00Z,,,
211,2017-06-05T00:00:00Z,,,
212,2017-06-06T00:00:00Z,,,
213,2017-06-07T00:00:00Z,,,
214,2017-06-08T00:00:00Z,,,
215,2017-06-09T00:00:00Z,,,
216,2017-06-10T00:00:00Z,,,
217,2017-06-11T00:00:00Z,,,
218,2017-06-12T00:00:00Z,,,
219,2017-06-13T00:00:00Z,,,
220,2017-06-14T00:00:00Z,,,
221,2017-06-15T00:00:00Z,,,
222,2017-06-16T00:00:00Z,,,
223,2017-06-17T00:00:00Z,,,
224,2017-06-18T00:00:00Z,,,
225,2017-06-19T00:00:00Z,,,
226,2017-06-20T00:00:00Z,,,
227,2017-06-21T00:00:00Z,,,
228,2017-06-22T00:00:00Z,,,
229,2017-06-23T00:00:00Z,,,
230,2017-06-24T00:00:00Z,,,
231,2017-06-25T00:00:00Z,,,
232,2017-06-26T00:00:00Z,,,
233,2017-06-27T00:00:00Z,,,
234,2017-06-28T00:00:00Z,,,
235,2017-06-29T00:00:00Z,,,
236,2017-06-30T00:00:00Z,,,
237,2017-07-01T00:00:00Z,,,
238,2017-07-02T00:00:00Z,,,
239,2017-07-03T00:00:00Z,,,
240,2017-07-04T00:00:00Z,,,
241,2017-07-05T00:00:00Z,,,
242,2017-07-06T00:00:00Z,,,
243,2017-07-07T00:00:00Z,,,
244,2017-07-08T00:00:00Z,,,
245,2017-07-09T00:00:00Z,,,
246,2017-07-10T00:00:00Z,,,
247,2017-07-11T00:00:00Z,,,
248,2017-07-12T00:00:00Z,,,
249,2017-07-13T00:00:00Z,,,
250,2017-07-14T00:00:00Z,,,
251,2017-07-15T00:00:00Z,,,
252,2017-07-16T00:00:00Z,,,
253,2017-07-17T00:00:00Z,,,
254,2017-07-18T00:00:00Z,,,
255,2017-07-19T00:00:00Z,,,
256,2017-07-20T00:00:00Z,,,
257,2017-07-21T00:00:00Z,,,
258,2017-07-22T00:00:00Z,,,
259,2017-07-23T00:00:00Z,,,
260,2017-07-24T00:00:00Z,,,
261,2017-07-25T00:00:00Z,,,
262,2017-07-26T00:00:00Z,,,
263,2017-07-27T00:00:00Z,,,
264,2017-07-28T00:00:00Z,,,
265,2017-07-29T00:00:00Z,,,
266,2017-07-30T00:00:00Z,,,
267,2017-07-31T00:00:00Z,,,
268,2017-08-01T00:00:00Z,,,
269,2017-08-02T00:00:00Z,,,
270,2017-08-03T00:00:00Z,,,
271,2017-08-04T00:00:00Z,,,
272,2017-08-05T00:00:00Z,,,
273,2017-08-06T00:00:00Z,,,
274,2017-08-07T00:00:00Z,,,
275,2017-08-08T00:00:00Z,,,
276,2017-08-09T00:00:00Z,,,
277,2017-08-10T00:00:00Z,,,
278,2017-08-11T00:00:00Z,,,
279,2017-08-12T00:00:00Z,,,
280,2017-08-13T00:00:00Z,,,
281,2017-08-14T00:00:00Z,,,
282,2017-08-15T00:00:00Z,,,
283,2017-08-16T00:00:00Z,,,
284,2017-08-17T00:00:00Z,,,
285,2017-08-18T00:00:00Z,,,
286,2017-08-19T00:00:00Z,,,
287,2017-08-20T00:00:00Z,,,
288,2017-08-21T00:00:00Z,,,
289,2017-08-22T00:00:00Z,,,
290,2017-08-23T00:00:00Z,,,
291,2017-08-24T00:00:00Z,,,
292,2017-08-25T00:00:00Z,,,
293,2017-08-26T00:00:00Z,,,
294,2017-08-27T00:00:00Z,,,
295,2017-08-28T00:00:00Z,,,
296,2017-08-29T00:00:00Z,,,
297,2017-08-30T00:00:00Z,,,
298,2017-08-31T00:00:00Z,,,
299,2017-09-01T00:00:00Z,,,
300,2017-09-02T00:00:00Z,,,
301,2017-09-03T00:00:00Z,,,
302,2017-09-04T00:00:00Z,,,
303,2017-09-05T00:00:00Z,,,
304,2017-09-06T00:00:00Z,,,
305,2017-09-07T00:00:00Z,,,
306,2017-09-08T00:00:00Z,,,
307,2017-09-09T00:00:00Z,,,
308,2017-09-10T00:00:00Z,,,
309,2017-09-11T00:00:00Z,,,
310,2017-09-12T00:00:00Z,,,
311,2017-09-13T00:00:00Z,,,
312,2017-09-14T00:00:00Z,,,
313,2017-09-15T00:00:00Z,,,
314,2017-09-16T00:00:00Z,,,
315,2017-09-17T00:00:00Z,,,
316,2017-09-18T00:00:00Z,,,
317,2017-09-19T00:00:00Z,,,
318,2017-09-20T00:00:00Z,,,
319,2017-09-21T00:00:00Z,,,
320,2017-09-22T00:00:00Z,,,
321,2017-09-23T00:00:00Z,,,
322,2017-09-24T00:00:00Z,,,
323,2017-09-25T00:00:00Z,,,
324,2017-09-26T00:00:00Z,,,
325,2017-09-27T00:00:00Z,,,
326,2017-09-28T00:00:00Z,,,
327,2017-09-29T00:00:00Z,,,
328,2017-09-30T00:00:00Z,,,
329,2017-10-01T00:00:00Z,,,
330,2017-10-02T00:00:00Z,,,
331,2017-10-03T00:00:00Z,,,
332,2017-10-04T00:00:00Z,,,
333,2017-10-05T00:00:00Z,,,
334,2017-10-06T00:00:00Z,,,
335,2017-10-07T00:00:00Z,,,
336,2017-10-08T00:00:00Z,,,
337,2017-10-09T00:00:00Z,,,
338,2017-10-10T00:00:00Z,,,
339,2017-10-11T00:00:00Z,,,
340,2017-10-12T00:00:00Z,,,
341,2017-10-13T00:00:00Z,,,
342,2017-10-14T00:00:00Z,,,
343,2017-10-15T00:00:00Z,,,
344,2017-10-16T00:00:00Z,,,
345,2017-10-17T00:00:00Z,,,
346,2017-10-18T00:00:00Z,,,
347,2017-10-19T00:00:00Z,,,
348,2017-10-20T00:00:00Z,,,
349,2017-10-21T00:00:00Z,,,
350,2017-10-22T00:00:00Z,,,
351,2017-10-23T00:00:00Z,,,
352,2017-10-24T00:00:00Z,,,
353,2017-10-25T00:00:00Z,,,
354,2017-10-26T00:00:00Z,,,
355,2017-10-27T00:00:00Z,,,
356,2017-10-28T00:00:00Z,,,
357,2017-10-29T00:00:00Z,,,
358,2017-10-30T00:00:00Z,,,
359,2017-10-31T00:00:00Z,,,
360,2017-11-01T00:00:00Z,,,
361,2017-11-02T00:00:00Z,,,
362,2017-11-03T00:00:00Z,,,
363,2017-11-04T00:00:00Z,,,
364,2017-11-05T00:00:00Z,,,
365,2017-11-06T00:00:00Z,,,
366,2017-11-07T00:00:00Z,,,
367,2017-11-08T00:00:00Z,,,
368,2017-11-09T00:00:00Z,,,
369,2017-11-10T00:00:00Z,,,
370,2017-11-11T00:00:00Z,,,
371,2017-11-12T00:00:00Z,,,
372,2017-11-13T00:00:00Z,,,
373,2017-11-14T00:00:00Z,,,
374,2017-11-15T00:00:00Z,,,
375,2017-11-16T00:00:00Z,,,
376,2017-11-17T00:00:00Z,,,
377,2017-11-18T00:00:00Z,,,
378,2017-11-19T00:00:00Z,,,
379,2017-11-20T00:00:00Z,,,
380,2017-11-21T00:00:00Z,,,
381,2017-11-22T00:00:00Z,,,
382,2017-11-23T00:00:00Z,,,
383,2017-11-24T00:00:00Z,,,
384,2017-11-25T00:00:00Z,,,
385,2017-11-26T00:00:00Z,,,
386,2017-11-27T00:00:00Z,,,
387,2017-11-28T00:00:00Z,,,
388,2017-11-29T00:00:00Z,,,
389,2017-11-30T00:00:00Z,,,
390,2017-12-01T00:00:00Z,,,
391,2017-12-02T00:00:00Z,,,
392,2017-12-03T00:00:00Z,,,
393,2017-12-04T00:00:00Z,,,
394,2017-12-05T00:00:00Z,,,
395,2017-12-06T00:00:00Z,,,
396,2017-12-07T00:00:00Z,,,
397,2017-12-08T00:00:00Z,,,
398,2017-12-09T00:00:00Z,,,
399,2017-12-10T00:00:00Z,,,
400,2017-12-11T00:00:00Z,,,
401,2017-12-12T00:00:00Z,,,
402,2017-12-13T00:00:00Z,,,
403,2017-12-14T00:00:00Z,,,
404,2017-12-15T00:00:00Z,,,
405,2017-12-16T00:00:00Z,,,
406,2017-12-17T00:00:00Z,,,
407,2017-12-18T00:00:00Z,,,
408,2017-12-19T00:00:00Z,,,
409,2017-12-20T00:00:00Z,,,
410,2017-12-21T00:00:00Z,,,
411,2017-12-22T00:00:00Z,,,
412,2017-12-23T00:00:00Z,,,
413,2017-12-24T00:00:00Z,,,
414,2017-12-25T00:00:00Z,,,
415,2017-12-26T00:00:00Z,,,
416,2017-12-27T00:00:00Z,,,
417,2017-12-28T00:00:00Z,,,
418,2017-12-29T00:00:00Z,,,
419,2017-12-30T00:00:00Z,,,
420,2017-12-31T00:00:00Z,,,
421,2018-01-01T00:00:00Z,,,
422,2018-01-02T00:00:00Z,,,
423,2018-01-03T00:00:00Z,,,
424,2018-01-04T00:00:00Z,,,
425,2018-01-05T00:00:00Z,,,
426,2018-01-06T00:00:00Z,,,
427,2018-01-07T00:00:00Z,,,
428,2018-01-08T00:00:00Z,,,
429,2018-01-09T00:00:00Z,,,
430,2018-01-10T00:00:00Z,,,
431,2018-01-11T00:00:00Z,,,
432,2018-01-12T00:00:00Z,,,
433,2018-01-13T00:00:00Z,,,
434,2018-01-14T00:00:00Z,,,
435,2018-01-15T00:00:00Z,,,
436,2018-01-16T00:00:00Z,,,
437,2018-01-17T00:00:00Z,,,
438,2018-01-18T00:00:00Z,,,
439,2018-01-19T00:00:00Z,,,
440,2018-01-20T00:00:00Z,,,
441,2018-01-21T00:00:00Z,,,
442,2018-01-22T00:00:00Z,,,
443,2018-01-23T00:00:00Z,,,
444,2018-01-24T00:00:00Z,,,
445,2018-01-25T00:00:00Z,,,
446,2018-01-26T00:00:00Z,,,
447,2018-01-27T00:00:00Z,,,
448,2018-01-28T00:00:00Z,,,
449,2018-01-29T00:00:00Z,,,
450,2018-01-30T00:00:00Z,,,
451,2018-01-31T00:00:00Z,,,
452,2018-02-01T00:00:00Z,,,
453,2018-02-02T00:00:00Z,,,
454,2018-02-03T00:00:00Z,,,
455,2018-02-04T00:00:00Z,,,
456,2018-02-05T00:00:00Z,,,
457,2018-02-06T00:00:00Z,,,
458,2018-02-07T00:00:00Z,,,
459,2018-02-08T00:00:00Z,,,
460,2018-02-09T00:00:00Z,,,
461,2018-02-10T00:00:00Z,,,
462,2018-02-11T00:00:00Z,,,
463,2018-02-12T00:00:00Z,,,
464,2018-02-13T00:00:00Z,,,
465,2018-02-14T00:00:00Z,,,
466,2018-02-15T00:00:00Z,,,
467,2018-02-16T00:00:00Z,,,
468,2018-02-17T00:00:00Z,,,
469,2018-02-18T00:00:00Z,,,
470,2018-02-19T00:00:00Z,,,
471,2018-02-20T00:00:00Z,,,
472,2018-02-21T00:00:00Z,,,
473,2018-02-22T00:00:00Z,,,
474,2018-02-23T00:00:00Z,,,
475,2018-02-24T00:00:00Z,,,
476,2018-02-25T00:00:00Z,,,
477,2018-02-26T00:00:00Z,,,
478,2018-02-27T00:00:00Z,,,
479,2018-02-28T00:00:00Z,,,
480,2018-03-01T00:00:00Z,,,
481,2018-03-02T00:00:00Z,,,
482,2018-03-03T00:00:00Z,,,
483,2018-03-04T00:00:00Z,,,
484,2018-03-05T00:00:00Z,,,
485,2018-03-06T00:00:00Z,,,
486,2018-03-07T00:00:00Z,,,
487,2018-03-08T00:00:00Z,,,
488,2018-03-09T00:00:00Z,,,
489,2018-03-10T00:00:00Z,,,
490,2018-03-11T00:00:00Z,,,
491,2018-03-12T00:00:00Z,,,
492,2018-03-13T00:00:00Z,,,
493,2018-03-14T00:00:00Z,,,
494,2018-03-15T00:00:00Z,,,
495,2018-03-16T00:00:00Z,,,
496,2018-03-17T00:00:00Z,,,
497,2018-03-18T00:00:00Z,,,
498,2018-03-19T00:00:00Z,,,
499,2018-03-20T00:00:00Z,,,
500,2018-03-21T00:00:00Z,,,
501,2018-03-22T00:00:00Z,,,
502,2018-03-23T00:00:00Z,,,
503,2018-03-24T00:00:00Z,,,
504,2018-03-25T00:00:00Z,,,
505,2018-03-26T00:00:00Z,,,
506,2018-03-27T00:00:00Z,,,
507,2018-03-28T00:00:00Z,,,
508,2018-03-29T00:00:00Z,,,
509,2018-03-30T00:00:00Z,,,
510,2018-03-31T00:00:00Z,,,
511,2018-04-01T00:00:00Z,,,
512,2018-04-02T00:00:00Z,,,
513,2018-04-03T00:00:00Z,,,
514,2018-04-04T00:00:00Z,,,
515,2018-04-05T00:00:00Z,,,
516,2018-04-06T00:00:00Z,,,
517,2018-04-07T00:00:00Z,,,
518,2018-04-08T00:00:00Z,,,
519,2018-04-09T00:00:00Z,,,
520,2018-04-10T00:00:00Z,,,
521,2018-04-11T00:00:00Z,,,
522,2018-04-12T00:00:00Z,,,
523,2018-04-13T00:00:00Z,,,
524,2018-04-14T00:00:00Z,,,
525,2018-04-15T00:00:00Z,,,
526,2018-04-16T00:00:00Z,,,
527,2018-04-17T00:00:00Z,,,
528,2018-04-18T00:00:00Z,,,
529,2018-04-19T00:00:00Z,,,
530,2018-04-20T00:00:00Z,,,
531,2018-04-21T00:00:00Z,,,
532,2018-04-22T00:00:00Z,,,
533,2018-04-23T00:00:00Z,,,
534,2018-04-24T00:00:00Z,,,
535,2018-04-25T00:00:00Z,,,
536,2018-04-26T00:00:00Z,,,
537,2018-04-27T00:00:00Z,,,
538,2018-04-28T00:00:00Z,,,
539,2018-04-29T00:00:00Z,,,
540,2018-04-30T00:00:00Z,,,
541,2018-05-01T00:00:00Z,,,
542,2018-05-02T00:00:00Z,,,
543,2018-05-03T00:00:00Z,,,
544,2018-05-04T00:00:00Z,,,
545,2018-05-05T00:00:00Z,,,
546,2018-05-06T00:00:00Z,,,
547,2018-05-07T00:00:00Z,,,
548,2018-05-08T00:00:00Z,,,
549,2018-05-09T00:00:00Z,,,
550,2018-05-10T00:00:00Z,,,
551,2018-05-11T00:00:00Z,,,
552,2018-05-12T00:00:00Z,,,
553,2018-05-13T00:00:00Z,,,
554,2018-05-14T00:00:00Z,,,
555,2018-05-15T00:00:00Z,,,
556,2018-05-16T00:00:00Z,,,
557,2018-05-17T00:00:00Z,,,
558,2018-05-18T00:00:00Z,,,
559,2018-05-19T00:00:00Z,,,
560,2018-05-20T00:00:00Z,,,
561,2018-05-21T00:00:00Z,,,
562,2018-05-22T00:00:00Z,,,
563,2018-05-23T00:00:00Z,,,
564,2018-05-24T00:00:00Z,,,
565,2018-05-25T00:00:00Z,,,
566,2018-05-26T00:00:00Z,,,
567,2018-05-27T00:00:00Z,,,
568,2018-05-28T00:00:00Z,,,
569,2018-05-29T00:00:00Z,,,
570,2018-05-30T00:00:00Z,,,
571,2018-05-31T00:00:00Z,,,
572,2018-06-01T00:00:00Z,,,
573,2018-06-02T00:00:00Z,,,
574,2018-06-03T00:00:00Z,,,
575,2018-06-04T00:00:00Z,,,
576,2018-06-05T00:00:00Z,,,
577,2018-06-06T00:00:00Z,,,
578,2018-06-07T00:00:00Z,,,
579,2018-06-08T00:00:00Z,,,
580,2018-06-09T00:00:00Z,,,
581,2018-06-10T00:00:00Z,,,
582,2018-06-11T00:00:00Z,,,
583,2018-06-12T00:00:00Z,,,
584,2018-06-13T00:00:00Z,,,
585,2018-06-14T00:00:00Z,,,
586,2018-06-15T00:00:00Z,,,
587,2018-06-16T00:00:00Z,,,
588,2018-06-17T00:00:00Z,,,
589,2018-06-18T00:00:00Z,,,
590,2018-06-19T00:00:00Z,,,
591,2018-06-20T00:00:00Z,,,
592,2018-06-21T00:00:00Z,,,
593,2018-06-22T00:00:00Z,,,
594,2018-06-23T00:00:00Z,,,
595,2018-06-24T00:00:00Z,,,
596,2018-06-25T00:00:00Z,,,
597,2018-06-26T00:00:00Z,,,
598,2018-06-27T00:00:00Z,,,
599,2018-06-28T00:00:00Z,,,
600,2018-06-29T00:00:00Z,,,
601,2018-06-30T00:00:00Z,,,
602,2018-07-01T00:00:00Z,,,
603,2018-07-02T00:00:00Z,,,
604,2018-07-03T00:00:00Z,,,
605,2018-07-04T00:00:00Z,,,
606,2018-07-05T00:00:00Z,,,
607,2018-07-06T00:00:00Z,,,
608,2018-07-07T00:00:00Z,,,
609,2018-07-08T00:00:00Z,,,
610,2018-07-09T00:00:00Z,,,
611,2018-07-10T00:00:00Z,,,
612,2018-07-11T00:00:00Z,,,
613,2018-07-12T00:00:00Z,,,
614,2018-07-13T00:00:00Z,,,
615,2018-07-14T00:00:00Z,,,
616,2018-07-15T00:00:00Z,,,
617,2018-07-16T00:00:00Z,,,
618,2018-07-17T00:00:00Z,,,
619,2018-07-18T00:00:00Z,,,
620,2018-07-19T00:00:00Z,,,
621,2018-07-20T00:00:00Z,,,
622,2018-07-21T00:00:00Z,,,
623,2018-07-22T00:00:00Z,,,
624,2018-07-23T00:00:00Z,,,
625,2018-07-24T00:00:00Z,,,
626,2018-07-25T00:00:00Z,,,
627,2018-07-26T00:00:00Z,,,
628,2018-07-27T00:00:00Z,,,
629,2018-07-28T00:00:00Z,,,
630,2018-07-29T00:00:00Z,,,
631,2018-07-30T00:00:00Z,,,
632,2018-07-31T00:00:00Z,,,
633,2018-08-01T00:00:00Z,,,
634,2018-08-02T00:00:00Z,,,
635,2018-08-03T00:00:00Z,,,
636,2018-08-04T00:00:00Z,,,
637,2018-08-05T00:00:00Z,,,
638,2018-08-06T00:00:00Z,,,
639,2018-08-07T00:00:00Z,,,
640,2018-08-08T00:00:00Z,,,
641,2018-08-09T00:00:00Z,,,
642,2018-08-10T00:00:00Z,,,
643,2018-08-11T00:00:00Z,,,
644,2018-08-12T00:00:00Z,,,
645,2018-08-13T00:00:00Z,,,
646,2018-08-14T00:00:00Z,,,
647,2018-08-15T00:00:00Z,,,
648,2018-08-16T00:00:00Z,,,
649,2018-08-17T00:00:00Z,,,
650,2018-08-18T00:00:00Z,,,
651,2018-08-19T00:00:00Z,,,
652,2018-08-20T00:00:00Z,,,
653,2018-08-21T00:00:00Z,,,
654,2018-08-22T00:00:00Z,,,
655,2018-08-23T00:00:00Z,,,
656,2018-08-24T00:00:00Z,,,
657,2018-08-25T00:00:00Z,,,
658,2018-08-26T00:00:00Z,,,
659,2018-08-27T00:00:00Z,,,
660,2018-08-28T00:00:00Z,,,
661,2018-08-29T00:00:00Z,,,
662,2018-08-30T00:00:00Z,,,
663,2018-08-31T00:00:00Z,,,
664,2018-09-01T00:00:00Z,,,
665,2018-09-02T00:00:00Z,,,
666,2018-09-03T00:00:00Z,,,
667,2018-09-04T00:00:00Z,,,
668,2018-09-05T00:00:00Z,,,
669,2018-09-06T00:00:00Z,,,
670,2018-09-07T00:00:00Z,,,
671,2018-09-08T00:00:00Z,,,
672,2018-09-09T00:00:00Z,,,
673,2018-09-10T00:00:00Z,,,
674,2018-09-11T00:00:00Z,,,
675,2018-09-12T00:00:00Z,,,
676,2018-09-13T00:00:00Z,,,
677,2018-09-14T00:00:00Z,,,
678,2018-09-15T00:00:00Z,,,
679,2018-09-16T00:00:00Z,,,
680,2018-09-17T00:00:00Z,,,
681,2018-09-18T00:00:00Z,,,
682,2018-09-19T00:00:00Z,,,
683,2018-09-20T00:00:00Z,,,
684,2018-09-21T00:00:00Z,,,
685,2018-09-22T00:00:00Z,,,
686,2018-09-23T00:00:00Z,,,
687,2018-09-24T00:00:00Z,,,
688,2018-09-25T00:00:00Z,,,
689,2018-09-26T00:00:00Z,,,
690,2018-09-27T00:00:00Z,,,
691,2018-09-28T00:00:00Z,,,
692,2018-09-29T00:00:00Z,,,
693,2018-09-30T00:00:00Z,,,
694,2018-10-01T00:00:00Z,,,
695,2018-10-02T00:00:00Z,,,
696,2018-10-03T00:00:00Z,,,
697,2018-10-04T00:00:00Z,,,
698,2018-10-05T00:00:00Z,,,
699,2018-10-06T00:00:00Z,,,
700,2018-10-07T00:00:00Z,,,
701,2018-10-08T00:00:00Z,,,
702,2018-10-09T00:00:00Z,,,
703,2018-10-10T00:00:00Z,,,
704,2018-10-11T00:00:00Z,,,
705,2018-10-12T00:00:00Z,,,
706,2018-10-13T00:00:00Z,,,
707,2018-10-14T00:00:00Z,,,
708,2018-10-15T00:00:00Z,,,
709,2018-10-16T00:00:00Z,,,
710,2018-10-17T00:00:00Z,,,
711,2018-10-18T00:00:00Z,,,
712,2018-10-19T00:00:00Z,,,
713,2018-10-20T00:00:00Z,,,
714,2018-10-21T00:00:00Z,,,
715,2018-10-22T00:00:00Z,,,
716,2018-10-23T00:00:00Z,,,
717,2018-10-24T00:00:00Z,,,
718,2018-10-25T00:00:00Z,,,
719,2018-10-26T00:00:00Z,,,
720,2018-10-27T00:00:00Z,,,
721,2018-10-28T00:00:00Z,,,
722,2018-10-29T00:00:00Z,,,
723,2018-10-30T00:00:00Z,,,
724,2018-10-31T00:00:00Z,,,
725,2018-11-01T00:00:00Z,,,
726,2018-11-02T00:00:00Z,,,
727,2018-11-03T00:00:00Z,,,
728,2018-11-04T00:00:00Z,,,
729,2018-11-05T00:00:00Z,,,
730,2018-11-06T00:00:00Z,,,
731,2018-11-07T00:00:00Z,,,
732,2018-11-08T00:00:00Z,,,
733,2018-11-09T00:00:00Z,,,
734,2018-11-10T00:00:00Z,,,
735,2018-11-11T00:00:00Z,,,
736,2018-11-12T00:00:00Z,,,
737,2018-11-13T00:00:00Z,,,
738,2018-11-14T00:00:00Z,,,
739,2018-11-15T00:00:00Z,,,
740,2018-11-16T00:00:00Z,,,
741,2018-11-17T00:00:00Z,,,
742,2018-11-18T00:00:00Z,,,
743,2018-11-19T00:00:00Z,,,
744,2018-11-20T00:00:00Z,,,
745,2018-11-21T00:00:00Z,,,
746,2018-11-22T00:00:00Z,,,
747,2018-11-23T00:00:00Z,,,
748,2018-11-24T00:00:00Z,,,
749,2018-11-25T00:00:00Z,,,
750,2018-11-26T00:00:00Z,,,
751,2018-11-27T00:00:00Z,,,
752,2018-11-28T00:00:00Z,,,
753,2018-11-29T00:00:00Z,,,
754,2018-11-30T00:00:00Z,,,
755,2018-12-01T00:00:00Z,,,
756,2018-12-02T00:00:00Z,,,
757,2018-12-03T00:00:00Z,,,
758,2018-12-04T00:00:00Z,,,
759,2018-12-05T00:00:00Z,,,
760,2018-12-06T00:00:00Z,,,
761,2018-12-07T00:00:00Z,,,
762,2018-12-08T00:00:00Z,,,
763,2018-12-09T00:00:00Z,,,
764,2018-12-10T00:00:00Z,,,
765,2018-12-11T00:00:00Z,,,
766,2018-12-12T00:00:00Z,,,
767,2018-12-13T00:00:00Z,,,
768,2018-12-14T00:00:00Z,,,
769,2018-12-15T00:00:00Z,,,
770,2018-12-16T00:00:00Z,,,
771,2018-12-17T00:00:00Z,,,
772,2018-12-18T00:00:00Z,,,
773,2018-12-19T00:00:00Z,,,
774,2018-12-20T00:00:00Z,,,
775,2018-12-21T00:00:00Z,,,
776,2018-12-22T00:00:00Z,,,
777,2018-12-23T00:00:00Z,,,
778,2018-12-24T00:00:00Z,,,
779,2018-12-25T00:00:00Z,,,
780,2018-12-26T00:00:00Z,,,
781,2018-12-27T00:00:00Z,,,
782,2018-12-28T00:00:00Z,,,
783,2018-12-29T00:00:00Z,,,
784,2018-12-30T00:00:00Z,,,
785,2018-12-31T00:00:00Z,,,
786,2019-01-01T00:00:00Z,,,
787,2019-01-02T00:00:00Z,,,
788,2019-01-03T00:00:00Z,,,
789,2019-01-04T00:00:00Z,,,
790,2019-01-05T00:00:00Z,,,
791,2019-01-06T00:00:00Z,,,
792,2019-01-07T00:00:00Z,,,
793,2019-01-08T00:00:00Z,,,
794,2019-01-09T00:00:00Z,,,
795,2019-01-10T00:00:00Z,,,
796,2019-01-11T00:00:00Z,,,
797,2019-01-12T00:00:00Z,,,
798,2019-01-13T00:00:00Z,,,
799,2019-01-14T00:00:00Z,,,
800,2019-01-15T00:00:00Z,,,
801,2019-01-16T00:00:00Z,,,
802,2019-01-17T00:00:00Z,,,
803,2019-01-18T00:00:00Z,,,
804,2019-01-19T00:00:00Z,,,
805,2019-01-20T00:00:00Z,,,
806,2019-01-21T00:00:00Z,,,
807,2019-01-22T00:00:00Z,,,
808,2019-01-23T00:00:00Z,,,
809,2019-01-24T00:00:00Z,,,
810,2019-01-25T00:00:00Z,,,
811,2019-01-26T00:00:00Z,,,
812,2019-01-27T00:00:00Z,,,
813,2019-01-28T00:00:00Z,,,
814,2019-01-29T00:00:00Z,,,
815,2019-01-30T00:00:00Z,,,
816,2019-01-31T00:00:00Z,,,
817,2019-02-01T00:00:00Z,,,
818,2019-02-02T00:00:00Z,,,
819,2019-02-03T00:00:00Z,,,
820,2019-02-04T00:00:00Z,,,
821,2019-02-05T00:00:00Z,,,
822,2019-02-06T00:00:00Z,,,
823,2019-02-07T00:00:00Z,,,
824,2019-02-08T00:00:00Z,,,
825,2019-02-09T00:00:00Z,,,
826,2019-02-10T00:00:00Z,,,
827,2019-02-11T00:00:00Z,,,
828,2019-02-12T00:00:00Z,,,
829,2019-02-13T00:00:00Z,,,
830,2019-02-14T00:00:00Z,,,
831,2019-02-15T00:00:00Z,,,
832,2019-02-16T00:00:00Z,,,
833,2019-02-17T00:00:00Z,,,
834,2019-02-18T00:00:00Z,,,
835,2019-02-19T00:00:00Z,,,
836,2019-02-20T00:00:00Z,,,
837,2019-02-21T00:00:00Z,,,
838,2019-02-22T00:00:00Z,,,
839,2019-02-23T00:00:00Z,,,
840,2019-02-24T00:00:00Z,,,
841,2019-02-25T00:00:00Z,,,
842,2019-02-26T00:00:00Z,,,
843,2019-02-27T00:00:00Z,,,
844,2019-02-28T00:00:00Z,,,
845,2019-03-01T00:00:00Z,,,
846,2019-03-02T00:00:00Z,,,
847,2019-03-03T00:00:00Z,,,
848,2019-03-04T00:00:00Z,,,
849,2019-03-05T00:00:00Z,,,
850,2019-03-06T00:00:00Z,,,
851,2019-03-07T00:00:00Z,,,
852,2019-03-08T00:00:00Z,,,
853,2019-03-09T00:00:00Z,,,
854,2019-03-10T00:00:00Z,,,
855,2019-03-11T00:00:00Z,,,
856,2019-03-12T00:00:00Z,,,
857,2019-03-13T00:00:00Z,,,
858,2019-03-14T00:00:00Z,,,
859,2019-03-15T00:00:00Z,,,
860,2019-03-16T00:00:00Z,,,
861,2019-03-17T00:00:00Z,,,
862,2019-03-18T00:00:00Z,,,
863,2019-03-19T00:00:00Z,,,
864,2019-03-20T00:00:00Z,,,
865,2019-03-21T00:00:00Z,,,
866,2019-03-22T00:00:00Z,,,
867,2019-03-23T00:00:00Z,,,
868,2019-03-24T00:00:00Z,,,
869,2019-03-25T00:00:00Z,,,
870,2019-03-26T00:00:00Z,,,
871,2019-03-27T00:00:00Z,,,
872,2019-03-28T00:00:00Z,,,
873,2019-03-29T00:00:00Z,,,
874,2019-03-30T00:00:00Z,,,
875,2019-03-31T00:00:00Z,,,
876,2019-04-01T00:00:00Z,,,
877,2019-04-02T00:00:00Z,,,
878,2019-04-03T00:00:00Z,,,
879,2019-04-04T00:00:00Z,,,
880,2019-04-05T00:00:00Z,,,
881,2019-04-06T00:00:00Z,,,
882,2019-04-07T00:00:00Z,,,
883,2019-04-08T00:00:00Z,,,
884,2019-04-09T00:00:00Z,,,
885,2019-04-10T00:00:00Z,,,
886,2019-04-11T00:00:00Z,,,
887,2019-04-12T00:00:00Z,,,
888,2019-04-13T00:00:00Z,,,
889,2019-04-14T00:00:00Z,,,
890,2019-04-15T00:00:00Z,,,
891,2019-04-16T00:00:00Z,,,
892,2019-04-17T00:00:00Z,,,
893,2019-04-18T00:00:00Z,,,
894,2019-04-19T00:00:00Z,,,
895,2019-04-20T00:00:00Z,,,
896,2019-04-21T00:00:00Z,,,
897,2019-04-22T00:00:00Z,,,
898,2019-04-23T00:00:00Z,,,
899,2019-04-24T00:00:00Z,,,
900,2019-04-25T00:00:00Z,,,
901,2019-04-26T00:00:00Z,,,
902,2019-04-27T00:00:00Z,,,
903,2019-04-28T00:00:00Z,,,
904,2019-04-29T00:00:00Z,,,
905,2019-04-30T00:00:00Z,,,
906,2019-05-01T00:00:00Z,,,
907,2019-05-02T00:00:00Z,,,
908,2019-05-03T00:00:00Z,,,
909,2019-05-04T00:00:00Z,,,
910,2019-05-05T00:00:00Z,,,
911,2019-05-06T00:00:00Z,,,
912,2019-05-07T00:00:00Z,,,
913,2019-05-08T00:00:00Z,,,
914,2019-05-09T00:00:00Z,,,
915,2019-05-10T00:00:00Z,,,
916,2019-05-11T00:00:00Z,,,
917,2019-05-12T00:00:00Z,,,
918,2019-05-13T00:00:00Z,,,
919,2019-05-14T00:00:00Z,,,
920,2019-05-15T00:00:00Z,,,
921,2019-05-16T00:00:00Z,,,
922,2019-05-17T00:00:00Z,,,
923,2019-05-18T00:00:00Z,,,
924,2019-05-19T00:00:00Z,,,
925,2019-05-20T00:00:00Z,,,
926,2019-05-21T00:00:00Z,,,
927,2019-05-22T00:00:00Z,,,
928,2019-05-23T00:00:00Z,,,
929,2019-05-24T00:00:00Z,,,
930,2019-05-25T00:00:00Z,,,
931,2019-05-26T00:00:00Z,,,
932,2019-05-27T00:00:00Z,,,
933,2019-05-28T00:00:00Z,,,
934,2019-05-29T00:00:00Z,,,
935,2019-05-30T00:00:00Z,,,
936,2019-05-31T00:00:00Z,,,
937,2019-06-01T00:00:00Z,,,
938,2019-06-02T00:00:00Z,,,
939,2019-06-03T00:00:00Z,,,
940,2019-06-04T00:00:00Z,,,
941,2019-06-05T00:00:00Z,,,
942,2019-06-06T00:00:00Z,,,
943,2019-06-07T00:00:00Z,,,
944,2019-06-08T00:00:00Z,,,
945,2019-06-09T00:00:00Z,,,
946,2019-06-10T00:00:00Z,,,
947,2019-06-11T00:00:00Z,,,
948,2019-06-12T00:00:00Z,,,
949,2019-06-13T00:00:00Z,,,
950,2019-06-14T00:00:00Z,,,
951,2019-06-15T00:00:00Z,,,
952,2019-06-16T00:00:00Z,,,
953,2019-06-17T00:00:00Z,,,
954,2019-06-18T00:00:00Z,,,
955,2019-06-19T00:00:00Z,,,
956,2019-06-20T00:00:00Z,,,
957,2019-06-21T00:00:00Z,,,
958,2019-06-22T00:00:00Z,,,
959,2019-06-23T00:00:00Z,,,
960,2019-06-24T00:00:00Z,,,
961,2019-06-25T00:00:00Z,,,
962,2019-06-26T00:00:00Z,,,
963,2019-06-27T00:00:00Z,,,
964,2019-06-28T00:00:00Z,,,
965,2019-06-29T00:00:00Z,,,
966,2019-06-30T00:00:00Z,,,
967,2019-07-01T00:00:00Z,,,
968,2019-07-02T00:00:00Z,,,
969,2019-07-03T00:00:00Z,,,
970,2019-07-04T00:00:00Z,,,
971,2019-07-05T00:00:00Z,,,
972,2019-07-06T00:00:00Z,,,
973,2019-07-07T00:00:00Z,,,
974,2019-07-08T00:00:00Z,,,
975,2019-07-09T00:00:00Z,,,
976,2019-07-10T00:00:00Z,,,
977,2019-07-11T00:00:00Z,,,
978,2019-07-12T00:00:00Z,,,
979,2019-07-13T00:00:00Z,,,
980,2019-07-14T00:00:00Z,,,
981,2019-07-15T00:00:00Z,,,
982,2019-07-16T00:00:00Z,,,
983,2019-07-17T00:00:00Z,,,
984,2019-07-18T00:00:00Z,,,
985,2019-07-19T00:00:00Z,,,
986,2019-07-20T00:00:00Z,,,
987,2019-07-21T00:00:00Z,,,
988,2019-07-22T00:00:00Z,,,
989,2019-07-23T00:00:00Z,,,
990,2019-07-24T00:00:00Z,,,
991,2019-07-25T00:00:00Z,,,
992,2019-07-26T00:00:00Z,,,
993,2019-07-27T00:00:00Z,,,
994,2019-07-28T00:00:00Z,,,
995,2019-07-29T00:00:00Z,,,
996,2019-07-30T00:00:00Z,,,
997,2019-07-31T00:00:00Z,,,
998,2019-08-01T00:00:00Z,,,
999,2019-08-02T00:00:00Z,,,
1000,2019-08-03T00:00:00Z,,,
1001,2019-08-04T00:00:00Z,,,
1002,2019-08-05T00:00:00Z,,,
1003,2019-08-06T00:00:00Z,,,
1004,2019-08-07T00:00:00Z,,,
1005,2019-08-08T00:00:00Z,,,
1006,2019-08-09T00:00:00Z,,,
1007,2019-08-10T00:00:00Z,,,
1008,2019-08-11T00:00:00Z,,,
1009,2019-08-12T00:00:00Z,,,
1010,2019-08-13T00:00:00Z,,,
1011,2019-08-14T00:00:00Z,,,
1012,2019-08-15T00:00:00Z,,,
1013,2019-08-16T00:00:00Z,,,
1014,2019-08-17T00:00:00Z,,,
1015,2019-08-18T00:00:00Z,,,
1016,2019-08-19T00:00:00Z,,,
1017,2019-08-20T00:00:00Z,,,
1018,2019-08-21T00:00:00Z,,,
1019,2019-08-22T00:00:00Z,,,
1020,2019-08-23T00:00:00Z,,,
1021,2019-08-24T00:00:00Z,,,
1022,2019-08-25T00:00:00Z,,,
1023,2019-08-26T00:00:00Z,,,
1024,2019-08-27T00:00:00Z,,,
1025,2019-08-28T00:00:00Z,,,
1026,2019-08-29T00:00:00Z,,,
1027,2019-08-30T00:00:00Z,,,
1028,2019-08-31T00:00:00Z,,,
1029,2019-09-01T00:00:00Z,,,
1030,2019-09-02T00:00:00Z,,,
1031,2019-09-03T00:00:00Z,,,
1032,2019-09-04T00:00:00Z,,,
1033,2019-09-05T00:00:00Z,,,
1034,2019-09-06T00:00:00Z,,,
1035,2019-09-07T00:00:00Z,,,
1036,2019-09-08T00:00:00Z,,,
1037,2019-09-09T00:00:00Z,,,
1038,2019-09-10T00:00:00Z,,,
1039,2019-09-11T00:00:00Z,,,
1040,2019-09-12T00:00:00Z,,,
1041,2019-09-13T00:00:00Z,,,
1042,2019-09-14T00:00:00Z,,,
1043,2019-09-15T00:00:00Z,,,
1044,2019-09-16T00:00:00Z,,,
1045,2019-09-17T00:00:00Z,,,
1046,2019-09-18T00:00:00Z,,,
1047,2019-09-19T00:00:00Z,,,
1048,2019-09-20T00:00:00Z,,,
1049,2019-09-21T00:00:00Z,,,
1050,2019-09-22T00:00:00Z,,,
1051,2019-09-23T00:00:00Z,,,
1052,2019-09-24T00:00:00Z,,,
1053,2019-09-25T00:00:00Z,,,
1054,2019-09-26T00:00:00Z,,,
1055,2019-09-27T00:00:00Z,,,
1056,2019-09-28T00:00:00Z,,,
1057,2019-09-29T00:00:00Z,,,
1058,2019-09-30T00:00:00Z,,,
1059,2019-10-01T00:00:00Z,,,
1060,2019-10-02T00:00:00Z,,,
1061,2019-10-03T00:00:00Z,,,
1062,2019-10-04T00:00:00Z,,,
1063,2019-10-05T00:00:00Z,,,
1064,2019-10-06T00:00:00Z,,,
1065,2019-10-07T00:00:00Z,,,
1066,2019-10-08T00:00:00Z,,,
1067,2019-10-09T00:00:00Z,,,
1068,2019-10-10T00:00:00Z,,,
1069,2019-10-11T00:00:00Z,,,
1070,2019-10-12T00:00:00Z,,,
1071,2019-10-13T00:00:00Z,,,
1072,2019-10-14T00:00:00Z,,,
1073,2019-10-15T00:00:00Z,,,
1074,2019-10-16T00:00:00Z,,,
1075,2019-10-17T00:00:00Z,,,
1076,2019-10-18T00:00:00Z,,,
1077,2019-10-19T00:00:00Z,,,
1078,2019-10-20T00:00:00Z,,,
1079,2019-10-21T00:00:00Z,,,
1080,2019-10-22T00:00:00Z,,,
1081,2019-10-23T00:00:00Z,,,
1082,2019-10-24T00:00:00Z,,,
1083,2019-10-25T00:00:00Z,,,
1084,2019-10-26T00:00:00Z,,,
1085,2019-10-27T00:00:00Z,,,
1086,2019-10-28T00:00:00Z,,,
1087,2019-10-29T00:00:00Z,,,
1088,2019-10-30T00:00:00Z,,,
1089,2019-10-31T00:00:00Z,,,
1090,2019-11-01T00:00:00Z,,,
1091,2019-11-02T00:00:00Z,,,
1092,2019-11-03T00:00:00Z,,,
1093,2019-11-04T00:00:00Z,,,
1094,2019-11-05T00:00:00Z,,,
1095,2019-11-07T00:00:00Z,,,
1096,2019-11-08T00:00:00Z,,,
1097,2019-11-09T00:00:00Z,,,
1098,2019-11-10T00:00:00Z,,,
1099,2019-11-11T00:00:00Z,,,
1100,2019-11-12T00:00:00Z,,,
1101,2019-11-13T00:00:00Z,,,
1102,2019-11-14T00:00:00Z,,,
1103,2019-11-15T00:00:00Z,,,
1104,2019-11-16T00:00:00Z,,,
1105,2019-11-17T00:00:00Z,,,
1106,2019-11-18T00:00:00Z,,,
1107,2019-11-19T00:00:00Z,,,
1108,2019-11-20T00:00:00Z,,,
1109,2019-11-21T00:00:00Z,,,
1110,2019-11-22T00:00:00Z,,,
1111,2019-11-23T00:00:00Z,,,
1112,2019-11-24T00:00:00Z,,,
1113,2019-11-25T00:00:00Z,,,
1114,2019-11-26T00:00:00Z,,,
1115,2019-11-27T00:00:00Z,,,
1116,2019-11-28T00:00:00Z,,,
1117,2019-11-29T00:00:00Z,,,
1118,2019-11-30T00:00:00Z,,,
1119,2019-12-01T00:00:00Z,,,
1120,2019-12-02T00:00:00Z,,,
1121,2019-12-03T00:00:00Z,,,
1122,2019-12-04T00:00:00Z,,,
1123,2019-12-05T00:00:00Z,,,
1124,2019-12-06T00:00:00Z,,,
1125,2019-12-07T00:00:00Z,,,
1126,2019-12-08T00:00:00Z,,,
1127,2019-12-09T00:00:00Z,,,
1128,2019-12-10T00:00:00Z,,,
1129,2019-12-11T00:00:00Z,,,
1130,2019-12-12T00:00:00Z,,,
1131,2019-12-13T00:00:00Z,,,
1132,2019-12-14T00:00:00Z,,,
1133,2019-12-15T00:00:00Z,,,
1134,2019-12-16T00:00:00Z,,,
1135,2019-12-17T00:00:00Z,,,
1136,2019-12-18T00:00:00Z,,,
1137,2019-12-19T00:00:00Z,,,
1138,2019-12-20T00:00:00Z,,,
1139,2019-12-21T00:00:00Z,,,
1140,2019-12-22T00:00:00Z,,,
1141,2019-12-23T00:00:00Z,,,
1142,2019-12-24T00:00:00Z,,,
1143,2019-12-25T00:00:00Z,,,
1144,2019-12-26T00:00:00Z,,,
1145,2019-12-27T00:00:00Z,,,
1146,2019-12-28T00:00:00Z,,,
1147,2019-12-29T00:00:00Z,,,
1148,2019-12-30T00:00:00Z,,,
1149,2019-12-31T00:00:00Z,,,
1150,2020-01-01T00:00:00Z,,,
1151,2020-01-02T00:00:00Z,,,
1152,2020-01-03T00:00:00Z,,,
1153,2020-01-04T00:00:00Z,,,
1154,2020-01-05T00:00:00Z,,,
1155,2020-01-06T00:00:00Z,,,
1156,2020-01-07T00:00:00Z,,,
1157,2020-01-08T00:00:00Z,,,
1158,2020-01-09T00:00:00Z,,,
1159,2020-01-10T00:00:00Z,,,
1160,2020-01-11T00:00:00Z,,,
1161,2020-01-12T00:00:00Z,,,
1162,2020-01-13T00:00:00Z,,,
1163,2020-01-14T00:00:00Z,,,
1164,2020-01-15T00:00:00Z,,,
1165,2020-01-16T00:00:00Z,,,
1166,2020-01-17T00:00:00Z,,,
1167,2020-01-18T00:00:00Z,,,
1168,2020-01-19T00:00:00Z,,,
1169,2020-01-20T00:00:00Z,,,
1170,2020-01-21T00:00:00Z,,,
1171,2020-01-22T00:00:00Z,,,
1172,2020-01-23T00:00:00Z,,,
1173,2020-01-24T00:00:00Z,,,
1174,2020-01-25T00:00:00Z,,,
1175,2020-01-26T00:00:00Z,,,
1176,2020-01-27T00:00:00Z,,,
1177,2020-01-28T00:00:00Z,,,
1178,2020-01-29T00:00:00Z,,,
1179,2020-01-30T00:00:00Z,,,
1180,2020-01-31T00:00:00Z,,,
1181,2020-02-01T00:00:00Z,,,
1182,2020-02-02T00:00:00Z,,,
1183,2020-02-03T00:00:00Z,,,
1184,2020-02-04T00:00:00Z,,,
1185,2020-02-05T00:00:00Z,,,
1186,2020-02-06T00:00:00Z,,,
1187,2020-02-07T00:00:00Z,,,
1188,2020-02-08T00:00:00Z,,,
1189,2020-02-09T00:00:00Z,,,
1190,2020-02-10T00:00:00Z,,,
1191,2020-02-11T00:00:00Z,,,
1192,2020-02-12T00:00:00Z,,,
1193,2020-02-13T00:00:00Z,,,
1194,2020-02-14T00:00:00Z,,,
1195,2020-02-15T00:00:00Z,,,
1196,2020-02-16T00:00:00Z,,,
1197,2020-02-17T00:00:00Z,,,
1198,2020-02-18T00:00:00Z,,,
1199,2020-02-19T00:00:00Z,,,
1200,2020-02-20T00:00:00Z,,,
1201,2020-02-21T00:00:00Z,,,
1202,2020-02-22T00:00:00Z,,,
1203,2020-02-23T00:00:00Z,,,
1204,2020-02-24T00:00:00Z,,,
1205,2020-02-25T00:00:00Z,,,
1206,2020-02-26T00:00:00Z,,,
1207,2020-02-27T00:00:00Z,,,
1208,2020-02-28T00:00:00Z,,,
1209,2020-02-29T00:00:00Z,,,
1210,2020-03-01T00:00:00Z,,,
1211,2020-03-02T00:00:00Z,,,
1212,2020-03-03T00:00:00Z,,,
1213,2020-03-04T00:00:00Z,,,
1214,2020-03-05T00:00:00Z,,,
1215,2020-03-06T00:00:00Z,,,
1216,2020-03-07T00:00:00Z,,,
1217,2020-03-08T00:00:00Z,,,
1218,2020-03-09T00:00:00Z,,,
1219,2020-03-10T00:00:00Z,,,
1220,2020-03-11T00:00:00Z,,,
1221,2020-03-12T00:00:00Z,,,
1222,2020-03-13T00:00:00Z,,,
1223,2020-03-14T00:00:00Z,,,
1224,2020-03-15T00:00:00Z,,,
1225,2020-03-16T00:00:00Z,,,
1226,2020-03-17T00:00:00Z,,,
1227,2020-03-18T00:00:00Z,,,
1228,2020-03-19T00:00:00Z,,,
1229,2020-03-20T00:00:00Z,,,
1230,2020-03-21T00:00:00Z,,,
1231,2020-03-22T00:00:00Z,,,
1232,2020-03-23T00:00:00Z,,,
1233,2020-03-24T00:00:00Z,,,
1234,2020-03-25T00:00:00Z,,,
1235,2020-03-26T00:00:00Z,,,
1236,2020-03-27T00:00:00Z,,,
1237,2020-03-28T00:00:00Z,,,
1238,2020-03-29T00:00:00Z,,,
1239,2020-03-30T00:00:00Z,,,
1240,2020-03-31T00:00:00Z,,,
1241,2020-04-01T00:00:00Z,,,
1242,2020-04-02T00:00:00Z,,,
1243,2020-04-03T00:00:00Z,,,
1244,2020-04-04T00:00:00Z,,,
1245,2020-04-05T00:00:00Z,,,
1246,2020-04-06T00:00:00Z,,,
1247,2020-04-07T00:00:00Z,,,
1248,2020-04-08T00:00:00Z,,,
1249,2020-04-09T00:00:00Z,,,
1250,2020-04-10T00:00:00Z,,,
1251,2020-04-11T00:00:00Z,,,
1252,2020-04-12T00:00:00Z,,,
1253,2020-04-13T00:00:00Z,,,
1254,2020-04-14T00:00:00Z,,,
1255,2020-04-15T00:00:00Z,,,
1256,2020-04-16T00:00:00Z,,,
1257,2020-04-17T00:00:00Z,,,
1258,2020-04-18T00:00:00Z,,,
1259,2020-04-19T00:00:00Z,,,
1260,2020-04-20T00:00:00Z,,,
1261,2020-04-21T00:00:00Z,,,
1262,2020-04-22T00:00:00Z,,,
1263,2020-04-23T00:00:00Z,,,
1264,2020-04-24T00:00:00Z,,,
1265,2020-04-25T00:00:00Z,,,
1266,2020-04-26T00:00:00Z,,,
1267,2020-04-27T00:00:00Z,,,
1268,2020-04-28T00:00:00Z,,,
1269,2020-04-29T00:00:00Z,,,
1270,2020-04-30T00:00:00Z,,,
1271,2020-05-01T00:00:00Z,,,
1272,2020-05-02T00:00:00Z,,,
1273,2020-05-03T00:00:00Z,,,
1274,2020-05-04T00:00:00Z,,,
1275,2020-05-05T00:00:00Z,,,
1276,2020-05-06T00:00:00Z,,,
1277,2020-05-07T00:00:00Z,,,
1278,2020-05-08T00:00:00Z,,,
1279,2020-05-09T00:00:00Z,,,
1280,2020-05-10T00:00:00Z,,,
1281,2020-05-11T00:00:00Z,,,
1282,2020-05-12T00:00:00Z,,,
1283,2020-05-13T00:00:00Z,,,
1284,2020-05-14T00:00:00Z,,,
1285,2020-05-15T00:00:00Z,,,
1286,2020-05-16T00:00:00Z,,,
1287,2020-05-17T00:00:00Z,,,
1288,2020-05-18T00:00:00Z,,,
1289,2020-05-19T00:00:00Z,,,
1290,2020-05-20T00:00:00Z,,,
1291,2020-05-21T00:00:00Z,,,
1292,2020-05-22T00:00:00Z,,,
1293,2020-05-23T00:00:00Z,,,
1294,2020-05-24T00:00:00Z,,,
1295,2020-05-25T00:00:00Z,,,
1296,2020-05-26T00:00:00Z,,,
1297,2020-05-27T00:00:00Z,,,
1298,2020-05-28T00:00:00Z,,,
1299,2020-05-29T00:00:00Z,,,
1300,2020-05-30T00:00:00Z,,,
1301,2020-05-31T00:00:00Z,,,
1302,2020-06-01T00:00:00Z,,,
1303,2020-06-02T00:00:00Z,,,
1304,2020-06-03T00:00:00Z,,,
1305,2020-06-04T00:00:00Z,,,
1306,2020-06-05T00:00:00Z,,,
1307,2020-06-06T00:00:00Z,,,
1308,2020-06-07T00:00:00Z,,,
1309,2020-06-08T00:00:00Z,,,
1310,2020-06-09T00:00:00Z,,,
1311,2020-06-10T00:00:00Z,,,
1312,2020-06-11T00:00:00Z,,,
1313,2020-06-12T00:00:00Z,,,
1314,2020-06-13T00:00:00Z,,,
1315,2020-06-14T00:00:00Z,,,
1316,2020-06-15T00:00:00Z,,,
1317,2020-06-16T00:00:00Z,,,
1318,2020-06-17T00:00:00Z,,,
1319,2020-06-18T00:00:00Z,,,
1320,2020-06-19T00:00:00Z,,,
1321,2020-06-20T00:00:00Z,,,
1322,2020-06-21T00:00:00Z,,,
1323,2020-06-22T00:00:00Z,,,
1324,2020-06-23T00:00:00Z,,,
1325,2020-06-24T00:00:00Z,,,
1326,2020-06-25T00:00:00Z,,,
1327,2020-06-26T00:00:00Z,,,
1328,2020-06-27T00:00:00Z,,,
1329,2020-06-28T00:00:00Z,,,
1330,2020-06-29T00:00:00Z,,,
1331,2020-06-30T00:00:00Z,,,
1332,2020-07-01T00:00:00Z,,,
1333,2020-07-02T00:00:00Z,,,
1334,2020-07-03T00:00:00Z,,,
1335,2020-07-04T00:00:00Z,,,
1336,2020-07-05T00:00:00Z,,,
1337,2020-07-06T00:00:00Z,,,
1338,2020-07-07T00:00:00Z,,,
1339,2020-07-08T00:00:00Z,,,
1340,2020-07-09T00:00:00Z,,,
1341,2020-07-10T00:00:00Z,,,
1342,2020-07-11T00:00:00Z,,,
1343,2020-07-12T00:00:00Z,,,
1344,2020-07-13T00:00:00Z,,,
1345,2020-07-14T00:00:00Z,,,
1346,2020-07-15T00:00:00Z,,,
1347,2020-07-16T00:00:00Z,,,
1348,2020-07-17T00:00:00Z,,,
1349,2020-07-18T00:00:00Z,,,
1350,2020-07-19T00:00:00Z,,,
1351,2020-07-20T00:00:00Z,,,
1352,2020-07-21T00:00:00Z,,,
1353,2020-07-22T00:00:00Z,,,
1354,2020-07-23T00:00:00Z,,,
1355,2020-07-24T00:00:00Z,,,
1356,2020-07-25T00:00:00Z,,,
1357,2020-07-26T00:00:00Z,,,
1358,2020-07-27T00:00:00Z,,,
1359,2020-07-28T00:00:00Z,,,
1360,2020-07-29T00:00:00Z,,,
1361,2020-07-30T00:00:00Z,,,
1362,2020-07-31T00:00:00Z,,,
1363,2020-08-01T00:00:00Z,,,
1364,2020-08-02T00:00:00Z,,,
1365,2020-08-03T00:00:00Z,,,
1366,2020-08-04T00:00:00Z,,,
1367,2020-08-05T00:00:00Z,,,
1368,2020-08-06T00:00:00Z,,,
1369,2020-08-07T00:00:00Z,,,
1370,2020-08-08T00:00:00Z,,,
1371,2020-08-09T00:00:00Z,,,
1372,2020-08-10T00:00:00Z,,,
1373,2020-08-11T00:00:00Z,,,
1374,2020-08-12T00:00:00Z,,,
1375,2020-08-13T00:00:00Z,,,
1376,2020-08-14T00:00:00Z,,,
1377,2020-08-15T00:00:00Z,,,
1378,2020-08-16T00:00:00Z,,,
1379,2020-08-17T00:00:00Z,,,
1380,2020-08-18T00:00:00Z,,,
1381,2020-08-19T00:00:00Z,,,
1382,2020-08-20T00:00:00Z,,,
1383,2020-08-21T00:00:00Z,,,
1384,2020-08-22T00:00:00Z,,,
1385,2020-08-23T00:00:00Z,,,
1386,2020-08-24T00:00:00Z,,,
1387,2020-08-25T00:00:00Z,,,
1388,2020-08-26T00:00:00Z,,,
1389,2020-08-27T00:00:00Z,,,
1390,2020-08-28T00:00:00Z,,,
1391,2020-08-29T00:00:00Z,,,
1392,2020-08-30T00:00:00Z,,,
1393,2020-08-31T00:00:00Z,,,
1394,2020-09-01T00:00:00Z,,,
1395,2020-09-02T00:00:00Z,,,
1396,2020-09-03T00:00:00Z,,,
1397,2020-09-04T00:00:00Z,,,
1398,2020-09-05T00:00:00Z,,,
1399,2020-09-06T00:00:00Z,,,
1400,2020-09-07T00:00:00Z,,,
1401,2020-09-08T00:00:00Z,,,
1402,2020-09-09T00:00:00Z,,,
1403,2020-09-10T00:00:00Z,,,
1404,2020-09-11T00:00:00Z,,,
1405,2020-09-12T00:00:00Z,,,
1406,2020-09-13T00:00:00Z,,,
1407,2020-09-14T00:00:00Z,,,
1408,2020-09-15T00:00:00Z,,,
1409,2020-09-16T00:00:00Z,,,
1410,2020-09-17T00:00:00Z,,,
1411,2020-09-18T00:00:00Z,,,
1412,2020-09-19T00:00:00Z,,,
1413,2020-09-20T00:00:00Z,,,
1414,2020-09-21T00:00:00Z,,,
1415,2020-09-22T00:00:00Z,,,
1416,2020-09-23T00:00:00Z,,,
1417,2020-09-24T00:00:00Z,,,
1418,2020-09-25T00:00:00Z,,,
1419,2020-09-26T00:00:00Z,,,
1420,2020-09-27T00:00:00Z,,,
1421,2020-09-28T00:00:00Z,,,
1422,2020-09-29T00:00:00Z,,,
1423,2020-09-30T00:00:00Z,,,
1424,2020-10-01T00:00:00Z,,,
1425,2020-10-02T00:00:00Z,,,
1426,2020-10-03T00:00:00Z,,,
1427,2020-10-04T00:00:00Z,,,
1428,2020-10-05T00:00:00Z,,,
1429,2020-10-06T00:00:00Z,,,
1430,2020-10-07T00:00:00Z,,,
1431,2020-10-08T00:00:00Z,,,
1432,2020-10-09T00:00:00Z,,,
1433,2020-10-10T00:00:00Z,,,
1434,2020-10-11T00:00:00Z,,,
1435,2020-10-12T00:00:00Z,,,
1436,2020-10-13T00:00:00Z,,,
1437,2020-10-14T00:00:00Z,,,
1438,2020-10-15T00:00:00Z,,,
1439,2020-10-16T00:00:00Z,,,
1440,2020-10-17T00:00:00Z,,,
1441,2020-10-18T00:00:00Z,,,
1442,2020-10-19T00:00:00Z,,,
1443,2020-10-20T00:00:00Z,,,
1444,2020-10-21T00:00:00Z,,,
1445,2020-10-22T00:00:00Z,,,
1446,2020-10-23T00:00:00Z,,,
1447,2020-10-24T00:00:00Z,,,
1448,2020-10-25T00:00:00Z,,,
1449,2020-10-26T00:00:00Z,,,
1450,2020-10-27T00:00:00Z,,,
1451,2020-10-28T00:00:00Z,,,
1452,2020-10-29T00:00:00Z,,,
1453,2020-10-30T00:00:00Z,,,
1454,2020-10-31T00:00:00Z,,,
1455,2020-11-01T00:00:00Z,,,
1456,2020-11-02T00:00:00Z,,,
1457,2020-11-03T00:00:00Z,,,
1458,2020-11-04T00:00:00Z,,,
1459,2020-11-05T00:00:00Z,,,
1460,2020-11-06T00:00:00Z,,,
1461,2020-11-07T00:00:00Z,,,
1462,2020-11-08T00:00:00Z,,,
1463,2020-11-09T00:00:00Z,,,
1464,2020-11-10T00:00:00Z,,,
1465,2020-11-11T00:00:00Z,,,
1466,2020-11-12T00:00:00Z,,,
1467,2020-11-13T00:00:00Z,,,
1468,2020-11-14T00:00:00Z,,,
1469,2020-11-15T00:00:00Z,,,
1470,2020-11-16T00:00:00Z,,,
1471,2020-11-17T00:00:00Z,,,
1472,2020-11-18T00:00:00Z,,,
1473,2020-11-19T00:00:00Z,,,
1474,2020-11-20T00:00:00Z,,,
1475,2020-11-21T00:00:00Z,,,
1476,2020-11-22T00:00:00Z,,,
1477,2020-11-23T00:00:00Z,,,
1478,2020-11-24T00:00:00Z,,,
1479,2020-11-25T00:00:00Z,,,
1480,2020-11-26T00:00:00Z,,,
1481,2020-11-27T00:00:00Z,,,
1482,2020-11-28T00:00:00Z,,,
1483,2020-11-29T00:00:00Z,,,
1484,2020-11-30T00:00:00Z,,,
1485,2020-12-01T00:00:00Z,,,
1486,2020-12-02T00:00:00Z,,,
1487,2020-12-03T00:00:00Z,,,
1488,2020-12-04T00:00:00Z,,,
1489,2020-12-05T00:00:00Z,,,
1490,2020-12-06T00:00:00Z,,,
1491,2020-12-07T00:00:00Z,,,
1492,2020-12-08T00:00:00Z,,,
1493,2020-12-09T00:00:00Z,,,
1494,2020-12-10T00:00:00Z,,,
1495,2020-12-11T00:00:00Z,,,
1496,2020-12-12T00:00:00Z,,,
1497,2020-12-13T00:00:00Z,,,
1498,2020-12-14T00:00:00Z,,,
1499,2020-12-15T00:00:00Z,,,
1500,2020-12-16T00:00:00Z,,,
1501,2020-12-17T00:00:00Z,,,
1502,2020-12-18T00:00:00Z,,,
1503,2020-12-19T00:00:00Z,,,
1504,2020-12-20T00:00:00Z,,,
1505,2020-12-21T00:00:00Z,,,
1506,2020-12-22T00:00:00Z,,,
1507,2020-12-23T00:00:00Z,,,
1508,2020-12-24T00:00:00Z,,,
1509,2020-12-25T00:00:00Z,,,
1510,2020-12-26T00:00:00Z,,,
1511,2020-12-27T00:00:00Z,,,
1512,2020-12-28T00:00:00Z,,,
1513,2020-12-29T00:00:00Z,,,
1514,2020-12-30T00:00:00Z,,,
1515,2020-12-31T00:00:00Z,,,
1516,2021-01-01T00:00:00Z,,,
1517,2021-01-02T00:00:00Z,,,
1518,2021-01-03T00:00:00Z,,,
1519,2021-01-04T00:00:00Z,,,
1520,2021-01-05T00:00:00Z,,,
1521,2021-01-06T00:00:00Z,,,
1522,2021-01-07T00:00:00Z,,,
1523,2021-01-08T00:00:00Z,,,
1524,2021-01-09T00:00:00Z,,,
1525,2021-01-10T00:00:00Z,,,
1526,2021-01-11T00:00:00Z,,,
1527,2021-01-12T00:00:00Z,,,
1528,2021-01-13T00:00:00Z,,,
1529,2021-01-14T00:00:00Z,,,
1530,2021-01-15T00:00:00Z,,,
1531,2021-01-16T00:00:00Z,,,
1532,2021-01-17T00:00:00Z,,,
1533,2021-01-18T00:00:00Z,,,
1534,2021-01-19T00:00:00Z,,,
1535,2021-01-20T00:00:00Z,,,
1536,2021-01-21T00:00:00Z,,,
1537,2021-01-22T00:00:00Z,,,
1538,2021-01-23T00:00:00Z,,,
1539,2021-01-24T00:00:00Z,,,
1540,2021-01-25T00:00:00Z,,,
1541,2021-01-26T00:00:00Z,,,
1542,2021-01-27T00:00:00Z,,,
1543,2021-01-28T00:00:00Z,,,
1544,2021-01-29T00:00:00Z,,,
1545,2021-01-30T00:00:00Z,,,
1546,2021-01-31T00:00:00Z,,,
1547,2021-02-01T00:00:00Z,,,
1548,2021-02-02T00:00:00Z,,,
1549,2021-02-03T00:00:00Z,,,
1550,2021-02-04T00:00:00Z,,,
1551,2021-02-05T00:00:00Z,,,
1552,2021-02-06T00:00:00Z,,,
1553,2021-02-07T00:00:00Z,,,
1554,2021-02-08T00:00:00Z,,,
1555,2021-02-09T00:00:00Z,,,
1556,2021-02-10T00:00:00Z,,,
1557,2021-02-11T00:00:00Z,,,
1558,2021-02-12T00:00:00Z,,,
1559,2021-02-13T00:00:00Z,,,
1560,2021-02-14T00:00:00Z,,,
1561,2021-02-15T00:00:00Z,,,
1562,2021-02-16T00:00:00Z,,,
1563,2021-02-17T00:00:00Z,,,
1564,2021-02-18T00:00:00Z,,,
1565,2021-02-19T00:00:00Z,,,
1566,2021-02-20T00:00:00Z,,,
1567,2021-02-21T00:00:00Z,,,
1568,2021-02-22T00:00:00Z,,,
1569,2021-02-23T00:00:00Z,,,
1570,2021-02-24T00:00:00Z,,,
1571,2021-02-25T00:00:00Z,,,
1572,2021-02-26T00:00:00Z,,,
1573,2021-02-27T00:00:00Z,,,
1574,2021-02-28T00:00:00Z,,,
1575,2021-03-01T00:00:00Z,,,
1576,2021-03-02T00:00:00Z,,,
1577,2021-03-03T00:00:00Z,,,
1578,2021-03-04T00:00:00Z,,,
1579,2021-03-05T00:00:00Z,,,
1580,2021-03-06T00:00:00Z,,,
1581,2021-03-07T00:00:00Z,,,
1582,2021-03-08T00:00:00Z,,,
1583,2021-03-09T00:00:00Z,,,
1584,2021-03-10T00:00:00Z,,,
1585,2021-03-11T00:00:00Z,,,
1586,2021-03-12T00:00:00Z,,,
1587,2021-03-13T00:00:00Z,,,
1588,2021-03-14T00:00:00Z,,,
1589,2021-03-15T00:00:00Z,,,
1590,2021-03-16T00:00:00Z,,,
1591,2021-03-17T00:00:00Z,,,
1592,2021-03-18T00:00:00Z,,,
1593,2021-03-19T00:00:00Z,,,
1594,2021-03-20T00:00:00Z,,,
1595,2021-03-21T00:00:00Z,,,
1596,2021-03-22T00:00:00Z,,,
1597,2021-03-23T00:00:00Z,,,
1598,2021-03-24T00:00:00Z,,,
1599,2021-03-25T00:00:00Z,,,
1600,2021-03-26T00:00:00Z,,,
1601,2021-03-27T00:00:00Z,,,
1602,2021-03-28T00:00:00Z,,,
1603,2021-03-29T00:00:00Z,,,
1604,2021-03-30T00:00:00Z,,,
1605,2021-03-31T00:00:00Z,,,
1606,2021-04-01T00:00:00Z,,,
1607,2021-04-02T00:00:00Z,,,
1608,2021-04-03T00:00:00Z,,,
1609,2021-04-04T00:00:00Z,,,
1610,2021-04-05T00:00:00Z,,,
1611,2021-04-06T00:00:00Z,,,
1612,2021-04-07T00:00:00Z,,,
1613,2021-04-08T00:00:00Z,,,
1614,2021-04-09T00:00:00Z,,,
1615,2021-04-10T00:00:00Z,,,
1616,2021-04-11T00:00:00Z,,,
1617,2021-04-12T00:00:00Z,,,
1618,2021-04-13T00:00:00Z,,,
1619,2021-04-14T00:00:00Z,,,
1620,2021-04-15T00:00:00Z,,,
1621,2021-04-16T00:00:00Z,,,
1622,2021-04-17T00:00:00Z,,,
1623,2021-04-18T00:00:00Z,,,
1624,2021-04-19T00:00:00Z,,,
1625,2021-04-20T00:00:00Z,,,
1626,2021-04-21T00:00:00Z,,,
1627,2021-04-22T00:00:00Z,,,
1628,2021-04-23T00:00:00Z,,,
1629,2021-04-24T00:00:00Z,,,
1630,2021-04-25T00:00:00Z,,,
1631,2021-04-26T00:00:00Z,,,
1632,2021-04-27T00:00:00Z,,,
1633,2021-04-28T00:00:00Z,,,
1634,2021-04-29T00:00:00Z,,,
1635,2021-04-30T00:00:00Z,,,
1636,2021-05-01T00:00:00Z,,,
1637,2021-05-02T00:00:00Z,,,
1638,2021-05-03T00:00:00Z,,,
1639,2021-05-04T00:00:00Z,,,
1640,2021-05-05T00:00:00Z,,,
1641,2021-05-06T00:00:00Z,,,
1642,2021-05-07T00:00:00Z,,,
1643,2021-05-08T00:00:00Z,,,
1644,2021-05-09T00:00:00Z,,,
1645,2021-05-10T00:00:00Z,,,
1646,2021-05-11T00:00:00Z,,,
1647,2021-05-12T00:00:00Z,,,
1648,2021-05-13T00:00:00Z,,,
1649,2021-05-14T00:00:00Z,,,
1650,2021-05-15T00:00:00Z,,,
1651,2021-05-16T00:00:00Z,,,
1652,2021-05-17T00:00:00Z,,,
1653,2021-05-18T00:00:00Z,,,
1654,2021-05-19T00:00:00Z,,,
1655,2021-05-20T00:00:00Z,,,
1656,2021-05-21T00:00:00Z,,,
1657,2021-05-22T00:00:00Z,,,
1658,2021-05-23T00:00:00Z,,,
1659,2021-05-24T00:00:00Z,,,
1660,2021-05-25T00:00:00Z,,,
1661,2021-05-26T00:00:00Z,,,
1662,2021-05-27T00:00:00Z,,,
1663,2021-05-28T00:00:00Z,,,
1664,2021-05-29T00:00:00Z,,,
1665,2021-05-30T00:00:00Z,,,
1666,2021-05-31T00:00:00Z,,,
1667,2021-06-01T00:00:00Z,,,
1668,2021-06-02T00:00:00Z,,,
1669,2021-06-03T00:00:00Z,,,
1670,2021-06-04T00:00:00Z,,,
1671,2021-06-05T00:00:00Z,,,
1672,2021-06-06T00:00:00Z,,,
1673,2021-06-07T00:00:00Z,,,
1674,2021-06-08T00:00:00Z,,,
1675,2021-06-09T00:00:00Z,,,
1676,2021-06-10T00:00:00Z,,,
1677,2021-06-11T00:00:00Z,,,
1678,2021-06-12T00:00:00Z,,,
1679,2021-06-13T00:00:00Z,,,
1680,2021-06-14T00:00:00Z,,,
1681,2021-06-15T00:00:00Z,,,
1682,2021-06-16T00:00:00Z,,,
1683,2021-06-17T00:00:00Z,,,
1684,2021-06-18T00:00:00Z,,,
1685,2021-06-19T00:00:00Z,,,
1686,2021-06-20T00:00:00Z,,,
1687,2021-06-21T00:00:00Z,,,
1688,2021-06-22T00:00:00Z,,,
1689,2021-06-23T00:00:00Z,,,
1690,2021-06-24T00:00:00Z,,,
1691,2021-06-25T00:00:00Z,,,
1692,2021-06-26T00:00:00Z,,,
1693,2021-06-27T00:00:00Z,,,
1694,2021-06-28T00:00:00Z,,,
1695,2021-06-29T00:00:00Z,,,
1696,2021-06-30T00:00:00Z,,,
1697,2021-07-01T00:00:00Z,,,
1698,2021-07-02T00:00:00Z,,,
1699,2021-07-03T00:00:00Z,,,
1700,2021-07-04T00:00:00Z,,,
1701,2021-07-05T00:00:00Z,,,
1702,2021-07-06T00:00:00Z,,,
1703,2021-07-07T00:00:00Z,,,
1704,2021-07-08T00:00:00Z,,,
1705,2021-07-09T00:00:00Z,,,
1706,2021-07-10T00:00:00Z,,,
1707,2021-07-11T00:00:00Z,,,
1708,2021-07-12T00:00:00Z,,,
1709,2021-07-13T00:00:00Z,,,
1710,2021-07-14T00:00:00Z,,,
1711,2021-07-15T00:00:00Z,,,
1712,2021-07-16T00:00:00Z,,,
1713,2021-07-17T00:00:00Z,,,
1714,2021-07-18T00:00:00Z,,,
1715,2021-07-19T00:00:00Z,,,
1716,2021-07-20T00:00:00Z,,,
1717,2021-07-21T00:00:00Z,,,
1718,2021-07-22T00:00:00Z,,,
1719,2021-07-23T00:00:00Z,,,
1720,2021-07-24T00:00:00Z,,,
1721,2021-07-25T00:00:00Z,,,
1722,2021-07-26T00:00:00Z,,,
1723,2021-07-27T00:00:00Z,,,
1724,2021-07-28T00:00:00Z,,,
1725,2021-07-29T00:00:00Z,,,
1726,2021-07-30T00:00:00Z,,,
1727,2021-07-31T00:00:00Z,,,
1728,2021-08-01T00:00:00Z,,,
1729,2021-08-02T00:00:00Z,,,
1730,2021-08-03T00:00:00Z,,,
1731,2021-08-04T00:00:00Z,,,
1732,2021-08-05T00:00:00Z,,,
1733,2021-08-06T00:00:00Z,,,
1734,2021-08-07T00:00:00Z,,,
1735,2021-08-08T00:00:00Z,,,
1736,2021-08-09T00:00:00Z,,,
1737,2021-08-10T00:00:00Z,,,
1738,2021-08-11T00:00:00Z,,,
1739,2021-08-12T00:00:00Z,,,
1740,2021-08-13T00:00:00Z,,,
1741,2021-08-14T00:00:00Z,,,
1742,2021-08-15T00:00:00Z,,,
1743,2021-08-16T00:00:00Z,,,
1744,2021-08-17T00:00:00Z,,,
1745,2021-08-18T00:00:00Z,,,
1746,2021-08-19T00:00:00Z,,,
1747,2021-08-20T00:00:00Z,,,
1748,2021-08-21T00:00:00Z,,,
1749,2021-08-22T00:00:00Z,,,
1750,2021-08-23T00:00:00Z,,,
1751,2021-08-24T00:00:00Z,,,
1752,2021-08-25T00:00:00Z,,,
1753,2021-08-26T00:00:00Z,,,
1754,2021-08-27T00:00:00Z,,,
1755,2021-08-28T00:00:00Z,,,
1756,2021-08-29T00:00:00Z,,,
1757,2021-08-30T00:00:00Z,,,
1758,2021-08-31T00:00:00Z,,,
1759,2021-09-01T00:00:00Z,,,
1760,2021-09-02T00:00:00Z,,,
1761,2021-09-03T00:00:00Z,,,
1762,2021-09-04T00:00:00Z,,,
1763,2021-09-05T00:00:00Z,,,
1764,2021-09-06T00:00:00Z,,,
1765,2021-09-07T00:00:00Z,,,
1766,2021-09-08T00:00:00Z,,,
1767,2021-09-09T00:00:00Z,,,
1768,2021-09-10T00:00:00Z,,,
1769,2021-09-11T00:00:00Z,,,
1770,2021-09-12T00:00:00Z,,,
1771,2021-09-13T00:00:00Z,,,
1772,2021-09-14T00:00:00Z,,,
1773,2021-09-15T00:00:00Z,,,
1774,2021-09-16T00:00:00Z,,,
1775,2021-09-17T00:00:00Z,,,
1776,2021-09-18T00:00:00Z,,,
1777,2021-09-19T00:00:00Z,,,
1778,2021-09-20T00:00:00Z,,,
1779,2021-09-21T00:00:00Z,,,
1780,2021-09-22T00:00:00Z,,,
1781,2021-09-23T00:00:00Z,,,
1782,2021-09-24T00:00:00Z,,,
1783,2021-09-25T00:00:00Z,,,
1784,2021-09-26T00:00:00Z,,,
1785,2021-09-27T00:00:00Z,,,
1786,2021-09-28T00:00:00Z,,,
1787,2021-09-29T00:00:00Z,,,
1788,2021-09-30T00:00:00Z,,,
1789,2021-10-01T00:00:00Z,,,
1790,2021-10-02T00:00:00Z,,,
1791,2021-10-03T00:00:00Z,,,
1792,2021-10-04T00:00:00Z,,,
1793,2021-10-05T00:00:00Z,,,
1794,2021-10-06T00:00:00Z,,,
1795,2021-10-07T00:00:00Z,,,
1796,2021-10-08T00:00:00Z,,,
1797,2021-10-09T00:00:00Z,,,
1798,2021-10-10T00:00:00Z,,,
1799,2021-10-11T00:00:00Z,,,
1800,2021-10-12T00:00:00Z,,,
1801,2021-10-13T00:00:00Z,,,
1802,2021-10-14T00:00:00Z,,,
1803,2021-10-15T00:00:00Z,,,
1804,2021-10-16T00:00:00Z,,,
1805,2021-10-17T00:00:00Z,,,
1806,2021-10-18T00:00:00Z,,,
1807,2021-10-19T00:00:00Z,,,
1808,2021-10-20T00:00:00Z,,,
1809,2021-10-21T00:00:00Z,,,
1810,2021-10-22T00:00:00Z,,,
1811,2021-10-23T00:00:00Z,,,
1812,2021-10-24T00:00:00Z,,,
1813,2021-10-25T00:00:00Z,,,
1814,2021-10-26T00:00:00Z,,,
1815,2021-10-27T00:00:00Z,,,
1816,2021-10-28T00:00:00Z,,,
1817,2021-10-29T00:00:00Z,,,
1818,2021-10-30T00:00:00Z,,,
1819,2021-10-31T00:00:00Z,,,
1820,2021-11-01T00:00:00Z,,,
1821,2021-11-02T00:00:00Z,,,
1822,2021-11-03T00:00:00Z,,,
1823,2021-11-04T00:00:00Z,,,
1824,2021-11-05T00:00:00Z,,,
1825,2021-11-06T00:00:00Z,,,
1826,2021-11-07T00:00:00Z,,,
1827,2021-11-08T00:00:00Z,,,
1828,2021-11-09T00:00:00Z,,,
1829,2021-11-10T00:00:00Z,,,
1830,2021-11-11T00:00:00Z,,,
1831,2021-11-12T00:00:00Z,,,
1832,2021-11-13T00:00:00Z,,,
1833,2021-11-14T00:00:00Z,,,
1834,2021-11-15T00:00:00Z,,,
1835,2021-11-16T00:00:00Z,,,
1836,2021-11-17T00:00:00Z,,,
1837,2021-11-18T00:00:00Z,,,
1838,2021-11-19T00:00:00Z,,,
1839,2021-11-20T00:00:00Z,,,
1840,2021-11-21T00:00:00Z,,,
1841,2021-11-22T00:00:00Z,,,
1842,2021-11-23T00:00:00Z,,,
1843,2021-11-24T00:00:00Z,,,
1844,2021-11-25T00:00:00Z,,,
1845,2021-11-26T00:00:00Z,,,
1846,2021-11-27T00:00:00Z,,,
1847,2021-11-28T00:00:00Z,,,
1848,2021-11-29T00:00:00Z,,,
1849,2021-11-30T00:00:00Z,,,
1850,2021-12-01T00:00:00Z,,,
1851,2021-12-02T00:00:00Z,,,
1852,2021-12-03T00:00:00Z,,,
1853,2021-12-04T00:00:00Z,,,
1854,2021-12-05T00:00:00Z,,,
1855,2021-12-06T00:00:00Z,,,
1856,2021-12-07T00:00:00Z,,,
1857,2021-12-08T00:00:00Z,,,
1858,2021-12-09T00:00:00Z,,,
1859,2021-12-10T00:00:00Z,,,
1860,2021-12-11T00:00:00Z,,,
1861,2021-12-12T00:00:00Z,,,
1862,2021-12-13T00:00:00Z,,,
1863,2021-12-14T00:00:00Z,,,
1864,2021-12-15T00:00:00Z,,,
1865,2021-12-16T00:00:00Z,,,
1866,2021-12-17T00:00:00Z,,,
1867,2021-12-18T00:00:00Z,,,
1868,2021-12-19T00:00:00Z,,,
1869,2021-12-20T00:00:00Z,,,
1870,2021-12-21T00:00:00Z,,,
1871,2021-12-22T00:00:00Z,,,
1872,2021-12-23T00:00:00Z,,,
1873,2021-12-24T00:00:00Z,,,
1874,2021-12-25T00:00:00Z,,,
1875,2021-12-26T00:00:00Z,,,
1876,2021-12-27T00:00:00Z,,,
1877,2021-12-28T00:00:00Z,,,
1878,2021-12-29T00:00:00Z,,,
1879,2021-12-30T00:00:00Z,,,
1880,2021-12-31T00:00:00Z,,,
1881,2022-01-01T00:00:00Z,,,
1882,2022-01-02T00:00:00Z,,,
1883,2022-01-03T00:00:00Z,,,
1884,2022-01-04T00:00:00Z,,,
1885,2022-01-05T00:00:00Z,,,
1886,2022-01-06T00:00:00Z,,,
1887,2022-01-07T00:00:00Z,,,
1888,2022-01-08T00:00:00Z,,,
1889,2022-01-09T00:00:00Z,,,
1890,2022-01-10T00:00:00Z,,,
1891,2022-01-11T00:00:00Z,,,
1892,2022-01-12T00:00:00Z,,,
1893,2022-01-13T00:00:00Z,,,
1894,2022-01-14T00:00:00Z,,,
1895,2022-01-15T00:00:00Z,,,
1896,2022-01-16T00:00:00Z,,,
1897,2022-01-17T00:00:00Z,,,
1898,2022-01-18T00:00:00Z,,,
1899,2022-01-19T00:00:00Z,,,
1900,2022-01-20T00:00:00Z,,,
1901,2022-01-21T00:00:00Z,,,
1902,2022-01-22T00:00:00Z,,,
1903,2022-01-23T00:00:00Z,,,
1904,2022-01-24T00:00:00Z,,,
1905,2022-01-25T00:00:00Z,,,
1906,2022-01-26T00:00:00Z,,,
1907,2022-01-27T00:00:00Z,,,
1908,2022-01-28T00:00:00Z,,,
1909,2022-01-29T00:00:00Z,,,
1910,2022-01-30T00:00:00Z,,,
1911,2022-01-31T00:00:00Z,,,
1912,2022-02-01T00:00:00Z,,,
1913,2022-02-02T00:00:00Z,,,
1914,2022-02-03T00:00:00Z,,,
1915,2022-02-04T00:00:00Z,,,
1916,2022-02-05T00:00:00Z,,,
1917,2022-02-06T00:00:00Z,,,
1918,2022-02-07T00:00:00Z,,,
1919,2022-02-08T00:00:00Z,,,
1920,2022-02-09T00:00:00Z,,,
1921,2022-02-10T00:00:00Z,,,
1922,2022-02-11T00:00:00Z,,,
1923,2022-02-12T00:00:00Z,,,
1924,2022-02-13T00:00:00Z,,,
1925,2022-02-14T00:00:00Z,,,
1926,2022-02-15T00:00:00Z,,,
1927,2022-02-16T00:00:00Z,,,
1928,2022-02-17T00:00:00Z,,,
1929,2022-02-18T00:00:00Z,,,
1930,2022-02-19T00:00:00Z,,,
1931,2022-02-20T00:00:00Z,,,
1932,2022-02-21T00:00:00Z,,,
1933,2022-02-22T00:00:00Z,,,
1934,2022-02-23T00:00:00Z,,,
1935,2022-02-24T00:00:00Z,,,
1936,2022-02-25T00:00:00Z,,,
1937,2022-02-26T00:00:00Z,,,
1938,2022-02-27T00:00:00Z,,,
1939,2022-02-28T00:00:00Z,,,
1940,2022-03-01T00:00:00Z,,,
1941,2022-03-02T00:00:00Z,,,
1942,2022-03-03T00:00:00Z,,,
1943,2022-03-04T00:00:00Z,,,
1944,2022-03-05T00:00:00Z,,,
1945,2022-03-06T00:00:00Z,,,
1946,2022-03-07T00:00:00Z,,,
1947,2022-03-08T00:00:00Z,,,
1948,2022-03-09T00:00:00Z,,,
1949,2022-03-10T00:00:00Z,,,
1950,2022-03-11T00:00:00Z,,,
1951,2022-03-12T00:00:00Z,,,
1952,2022-03-13T00:00:00Z,,,
1953,2022-03-14T00:00:00Z,,,
1954,2022-03-15T00:00:00Z,,,
1955,2022-03-16T00:00:00Z,,,
1956,2022-03-17T00:00:00Z,,,
1957,2022-03-18T00:00:00Z,,,
1958,2022-03-19T00:00:00Z,,,
1959,2022-03-20T00:00:00Z,,,
1960,2022-03-21T00:00:00Z,,,
1961,2022-03-22T00:00:00Z,,,
1962,2022-03-23T00:00:00Z,,,
1963,2022-03-24T00:00:00Z,,,
1964,2022-03-25T00:00:00Z,,,
1965,2022-03-26T00:00:00Z,,,
1966,2022-03-27T00:00:00Z,,,
1967,2022-03-28T00:00:00Z,,,
1968,2022-03-29T00:00:00Z,,,
1969,2022-03-30T00:00:00Z,,,
1970,2022-03-31T00:00:00Z,,,
1971,2022-04-01T00:00:00Z,,,
1972,2022-04-02T00:00:00Z,,,
1973,2022-04-03T00:00:00Z,,,
1974,2022-04-04T00:00:00Z,,,
1975,2022-04-05T00:00:00Z,,,
1976,2022-04-06T00:00:00Z,,,
1977,2022-04-07T00:00:00Z,0.05,1.111,0.26273361239117809686
1978,2022-04-08T00:00:00Z,0.150127676198643,0.83,0.20710299810481830952
1979,2022-04-09T00:00:00Z,0.2,0.828,0.33242461617775142917
1980,2022-04-10T00:00:00Z,0.3,3.1,0.41554539844021302273
1981,2022-04-11T00:00:00Z,0.3400849852478988,1.9438475576982296,0.50646462251351904242
1982,2022-04-12T00:00:00Z,0.2403570833644114,0.65,0.349178925619865258
1983,2022-04-13T00:00:00Z,0.299,2.2,0.46225102387369336145
1984,2022-04-14T00:00:00Z,0.29,2.199454039852469,0.61668380246675896567
1985,2022-04-15T00:00:00Z,0.1741439724929201,1.65,0.48690654535808
1986,2022-04-16T00:00:00Z,0.2494120474776822,1.401855241783186,0.59607479469392058947
1987,2022-04-17T00:00:00Z,0.2200693669511852,1.2018208524803441,0.48780452594822172222
1988,2022-04-18T00:00:00Z,0.1999231703612776,1.4994732792322079,0.49877464197545754737
1989,2022-04-19T00:00:00Z,0.1421095281917687,0.9894627528124277,0.36082443260281046296
1990,2022-04-20T00:00:00Z,0.198,1.2,0.42311841133120203243
1991,2022-04-21T00:00:00Z,0.1495701346722143,0.69,0.37696216178751653571
1992,2022-04-22T00:00:00Z,0.1686715195627384,1.1951432338942405,0.44429320245242561111
1993,2022-04-23T00:00:00Z,0.19,1.2,0.40264362545172325833
1994,2022-04-24T00:00:00Z,0.1626207447226068,0.599,0.29733751816062810769
1995,2022-04-25T00:00:00Z,0.1628407020666249,1.275,0.42522512925386521538
1996,2022-04-26T00:00:00Z,0.178,1.2,0.34764742102194705
1997,2022-04-27T00:00:00Z,0.1348735531121223,1.11,0.3843341941390152875
1998,2022-04-28T00:00:00Z,0.125362873820764,1.211063195676287,0.321678258687131375
1999,2022-04-29T00:00:00Z,0.122,1.3869,0.31853381507806725556
2000,2022-04-30T00:00:00Z,0.1818,0.8002709625331919,0.40667849375553198333
2001,2022-05-01T00:00:00Z,0.174,0.194,0.184
2002,2022-05-02T00:00:00Z,0.174,0.33,0.227511527486953475
2003,2022-05-03T00:00:00Z,0.1599,0.72,0.264620375
2004,2022-05-04T00:00:00Z,0.1,1.6981149186019596,0.4168887474079194
2005,2022-05-05T00:00:00Z,0.18,1.3001728235881554,0.25382850683733041724
2006,2022-05-06T00:00:00Z,0.1001398886978216,1.7023781078629669,0.3107921542523508
2007,2022-05-07T00:00:00Z,0.1200143013305943,0.88,0.24180670038744196364
2008,2022-05-08T00:00:00Z,0.1468304908748858,0.4499273375937718,0.25814198744846436
2009,2022-05-09T00:00:00Z,0.1109149551422995,1.3011844459174583,0.3520995358380593125
2010,2022-05-10T00:00:00Z,0.1467450082740958,1,0.28825409860929985
2011,2022-05-11T00:00:00Z,0.218,2.5,0.67751910286804661
2012,2022-05-12T00:00:00Z,0.1850175498975915,0.342,0.25526945724753714762
2013,2022-05-13T00:00:00Z,0.1888,0.8,0.3577713876492087
2014,2022-05-14T00:00:00Z,0.1859050639519552,0.3,0.251440575779040475
2015,2022-05-15T00:00:00Z,0.1400519519993783,1.0011585341962617,0.45582693323792572941
2016,2022-05-16T00:00:00Z,0.1995918474689018,0.4004031048982018,0.27812929299144764
2017,2022-05-17T00:00:00Z,0.2009766287132786,0.88,0.37903873973158275357
2018,2022-05-18T00:00:00Z,0.2099883288083364,0.96,0.31886469772862617222
2019,2022-05-19T00:00:00Z,0.1852194866133307,1.111,0.38510214375771644524
2020,2022-05-20T00:00:00Z,0.2103077959964409,1.111,0.37944797367281354474
2021,2022-05-21T00:00:00Z,0.2110120035181645,1.5,0.52493059844923583
2022,2022-05-22T00:00:00Z,0.2110945747189767,0.78,0.37597784497671512857
2023,2022-05-23T00:00:00Z,0.2002096621218298,0.85,0.58011494304940270909
2024,2022-05-24T00:00:00Z,0.2020449417811106,2.003009982042034,0.7439756310113754
2025,2022-05-25T00:00:00Z,0.2000116183550136,0.7084199703025306,0.29303116714507229333
2026,2022-05-26T00:00:00Z,0.2017669666344971,0.8392878831356053,0.4582708777108766875
2027,2022-05-27T00:00:00Z,0.2087496305413349,0.6826490088846816,0.298599988986791275
2028,2022-05-28T00:00:00Z,0.2789,1.6003439708552619,0.98908132361842063333
2029,2022-05-29T00:00:00Z,0.185788693675334,0.7691559717038628,0.3784557632812888
2030,2022-05-30T00:00:00Z,0.2100133459462926,0.9002187084579843,0.42429813244263017826
2031,2022-05-31T00:00:00Z,0.2089027260532684,0.75,0.31335732913781375556
2032,2022-06-01T00:00:00Z,0.1851071851811657,1.25,0.47768995465831678889
2033,2022-06-02T00:00:00Z,0.21,1,0.38557018907551801818
2034,2022-06-03T00:00:00Z,0.1799113032921251,2.4,0.4792695547664817625
2035,2022-06-04T00:00:00Z,0.268,0.4590412875903887,0.3423470958634629
2036,2022-06-05T00:00:00Z,0.2200978044143428,0.6,0.32224178915885556
2037,2022-06-06T00:00:00Z,0.1905972451428819,1.1002933651382148,0.5763829237489745625
2038,2022-06-07T00:00:00Z,0.185,1.4948054808891009,0.49397919231010884
2039,2022-06-08T00:00:00Z,0.1950050007792737,0.799,0.38982514953455777143
2040,2022-06-09T00:00:00Z,0.1846723042786999,0.888,0.49858791883951789
2041,2022-06-10T00:00:00Z,0.1948231943634444,1,0.44981909230410416667
2042,2022-06-11T00:00:00Z,0.1945573363273198,0.349205475459292,0.26559514510150135
2043,2022-06-12T00:00:00Z,0.1894763178887239,1.2296116180200992,0.62221758718176462
2044,2022-06-13T00:00:00Z,0.244,0.4001482840813468,0.29638276136044893333
2045,2022-06-14T00:00:00Z,0.245,0.5,0.3725
2046,2022-06-15T00:00:00Z,0.1950132509420365,2.55,1.15114971418449295
2047,2022-06-16T00:00:00Z,0.1847588839890135,1.0488477890106147,0.35640052565980941333
2048,2022-06-17T00:00:00Z,0.1847563214094101,0.27,0.22025403511372938333
2049,2022-06-18T00:00:00Z,0.229,3.33,1.4443924083497213
2050,2022-06-19T00:00:00Z,0.1707327493200732,2.2121895551454379,0.52659945960978225
2051,2022-06-20T00:00:00Z,0.1599570529408996,3.99,0.61647123977082602
2052,2022-06-21T00:00:00Z,0.1612169225535707,0.3997673574000422,0.24868736845547016667
2053,2022-06-22T00:00:00Z,0.1598889765730729,1.08,0.356571389151994275
2054,2022-06-23T00:00:00Z,0.1701472893612307,0.189,0.17817299852158176667
2055,2022-06-24T00:00:00Z,0.1701972631234321,1.8602440515074471,0.42022916619502
2056,2022-06-25T00:00:00Z,0.215,1.3,0.5748806817833464
2057,2022-06-26T00:00:00Z,0.1138378558944987,3,0.72267284568536366
2058,2022-06-27T00:00:00Z,0.1796687470359233,1.4102844521056716,0.59131213947547578333
2059,2022-06-28T00:00:00Z,0.1402000863860821,0.6502873346716482,0.26444758233726564
2060,2022-06-29T00:00:00Z,0.1697061753905008,0.179688891589942,0.17177356038406762
2061,2022-06-30T00:00:00Z,0.1526655046309312,0.6,0.25620244044299258
2062,2022-07-01T00:00:00Z,0.1648,0.329,0.2469
2063,2022-07-02T00:00:00Z,0.1170240941613026,1.2,0.270691782984359125
2064,2022-07-03T00:00:00Z,0.1228105693018149,1.8043053766037292,0.33622909267301413333
2065,2022-07-04T00:00:00Z,0.1252555011712168,0.799,0.37846050412366795
2066,2022-07-05T00:00:00Z,0.140284822410827,0.7705866064649954,0.37295714295860746667
2067,2022-07-06T00:00:00Z,0.1987,1.6,0.89935
2068,2022-07-07T00:00:00Z,0.8,0.8,0.8
2069,2022-07-08T00:00:00Z,0.1369296228025512,0.499163337157192,0.3180464799798716
2070,2022-07-09T00:00:00Z,0.1369279740369168,0.4888138356255698,0.3128709048312433
2071,2022-07-10T00:00:00Z,0.1351225273033006,0.1352223223751642,0.1351724248392324
2072,2022-07-11T00:00:00Z,0.1353834845421288,0.3990025887241102,0.213211296111432175
2073,2022-07-12T00:00:00Z,0.1147064338232324,0.88,0.22743504412550064444
2074,2022-07-13T00:00:00Z,0.1082591778667802,0.168,0.13070356491470223333
2075,2022-07-14T00:00:00Z,0.1107575611027937,0.5491200911084178,0.251078985551409725
2076,2022-07-15T00:00:00Z,0.1108375948495624,0.888,0.28193371181499836
2077,2022-07-16T00:00:00Z,0.0832401346094074,0.6008227955126719,0.16995535097884915
2078,2022-07-17T00:00:00Z,0.153,0.1879,0.17263333333333333333
2079,2022-07-18T00:00:00Z,0.08,1.6991969500885839,0.26972657656025840833
2080,2022-07-19T00:00:00Z,0.1098643534459233,0.4494450822787772,0.1965018871449401
2081,2022-07-20T00:00:00Z,0.0911307427893422,1.0025384245252162,0.2485739100227306875
2082,2022-07-21T00:00:00Z,0.0717470998611856,0.8016628716182853,0.21959926212137960833
2083,2022-07-22T00:00:00Z,0.100841425448313,1.2,0.430077684467998825
2084,2022-07-23T00:00:00Z,0.0748964335365379,0.8,0.17159185455359072222
2085,2022-07-24T00:00:00Z,0.0889,0.147,0.11155772808221456364
2086,2022-07-25T00:00:00Z,0.1495,0.22,0.177275
2087,2022-07-26T00:00:00Z,0.1210966102475581,0.215,0.14121943817219363333
2088,2022-07-27T00:00:00Z,0.1444,0.1799,0.170825
2089,2022-07-28T00:00:00Z,0.1131732761137543,0.84,0.27867071372288926667
2090,2022-07-29T00:00:00Z,0.17179,0.17179,0.17179
2091,2022-07-30T00:00:00Z,0.163,0.7998695774482692,0.51629919409357218
2092,2022-07-31T00:00:00Z,0.0801563612102686,0.95,0.39513161444911815
2093,2022-08-01T00:00:00Z,0.0472818621875156,0.0855643838994652,0.0664231230434904
2094,2022-08-02T00:00:00Z,0.047286939599415,0.1359,0.10468601366389917143
2095,2022-08-03T00:00:00Z,0.0710814876673841,0.2604767109098461,0.1251740579478712875
2096,2022-08-04T00:00:00Z,0.0699937580410888,0.136,0.105757698929296375
2097,2022-08-05T00:00:00Z,0.1128629225419626,0.46,0.17538374484668422083
2098,2022-08-06T00:00:00Z,0.1081940897177043,0.5998061842900753,0.21785332606089446667
2099,2022-08-07T00:00:00Z,0.1309632058611404,0.53,0.2044840081886177
2100,2022-08-08T00:00:00Z,0.1249368379002825,1.4995363353681684,0.3350111676039863875
2101,2022-08-09T00:00:00Z,0.1445097020575179,0.155,0.14975485102875895
2102,2022-08-10T00:00:00Z,0.1241931201188474,1.5,0.61539770670628246667
2103,2022-08-11T00:00:00Z,0.15,0.15,0.15
2104,2022-08-12T00:00:00Z,,,
2105,2022-08-13T00:00:00Z,,,
2106,2022-08-14T00:00:00Z,0.12,0.9905320559170692,0.42394401863902306667
2107,2022-08-15T00:00:00Z,0.1441,0.1441,0.1441
2108,2022-08-16T00:00:00Z,0.0700926936077975,0.22,0.14504634680389875
2109,2022-08-17T00:00:00Z,0.0852923971499606,0.1239,0.1045961985749803
2110,2022-08-18T00:00:00Z,,,
2111,2022-08-19T00:00:00Z,0.08504271555784,0.0952188233901707,0.08844205413259886667
2112,2022-08-20T00:00:00Z,0.0849192071892664,0.11,0.09247009439021555
2113,2022-08-21T00:00:00Z,0.0900645914093915,0.15,0.11876550332368966667
2114,2022-08-22T00:00:00Z,0.0900000943582043,1.4398771552325122,0.37170204800634056
2115,2022-08-23T00:00:00Z,0.0856492125722744,1.2503169719683783,0.24971598021957936
2116,2022-08-24T00:00:00Z,0.139,0.3886855760145579,0.17685591870834942857
2117,2022-08-25T00:00:00Z,0.1260456867499255,0.16,0.13890118796883485
2118,2022-08-26T00:00:00Z,0.1155182594797119,0.4496319668953836,0.17041811110210314706
2119,2022-08-27T00:00:00Z,0.1153843186642933,0.38,0.21062521770634042857
2120,2022-08-28T00:00:00Z,0.166,0.33,0.20798
2121,2022-08-29T00:00:00Z,0.1267471778148527,0.91,0.470186794453713175
2122,2022-08-30T00:00:00Z,0.116514433318139,1,0.67550481110604633333
2123,2022-08-31T00:00:00Z,,,
2124,2022-09-01T00:00:00Z,0.0699451757144324,0.0702449407532086,0.0700950582338205
2125,2022-09-02T00:00:00Z,0.0791021400760409,0.0791021400760409,0.0791021400760409
2126,2022-09-03T00:00:00Z,0.1024398526511038,0.42,0.15355495355577114545
2127,2022-09-04T00:00:00Z,0.1198358524032135,0.888,0.33992366244707557
2128,2022-09-05T00:00:00Z,0.101168105226936,0.4,0.1611572075901561
2129,2022-09-06T00:00:00Z,0.0458706848842711,0.1347,0.10682793009845271
2130,2022-09-07T00:00:00Z,0.0749531965178944,0.4000635179809769,0.13291339567502632857
2131,2022-09-08T00:00:00Z,0.0749041402739914,0.3989683313956712,0.13447159260866145
2132,2022-09-09T00:00:00Z,,,
2133,2022-09-10T00:00:00Z,0.0772938109430147,0.0976,0.08744690547150735
2134,2022-09-11T00:00:00Z,0.074146515443366,0.0978,0.0882634762951437625
2135,2022-09-12T00:00:00Z,0.0742642005277585,0.11,0.0921365276966256125
2136,2022-09-13T00:00:00Z,0.0658779096306234,0.2096115306428925,0.1127699200390737
2137,2022-09-14T00:00:00Z,0.0639257879380205,0.109,0.08321547900770987
2138,2022-09-15T00:00:00Z,0.1087,0.1087,0.1087
2139,2022-09-16T00:00:00Z,0.0887099503262672,0.2397566225034249,0.13238787025724473636
2140,2022-09-17T00:00:00Z,0.0840935541889752,0.1229059272585003,0.0984727302927012
2141,2022-09-18T00:00:00Z,0.0421036250572715,0.118,0.092022485788155125
2142,2022-09-19T00:00:00Z,,,
2143,2022-09-20T00:00:00Z,0.0912052802570175,0.1012221312024982,0.09785228684349596667
2144,2022-09-21T00:00:00Z,0.0712426165097977,0.109,0.08928567866982534
2145,2022-09-22T00:00:00Z,0.0382560901216573,0.2398739617565284,0.11124521773157751429
2146,2022-09-23T00:00:00Z,0.086,0.9494758448064281,0.25529558448064281
2147,2022-09-24T00:00:00Z,0.0848874907696101,0.1299474990345572,0.1091227868724706
2148,2022-09-25T00:00:00Z,0.0452846229563751,0.44,0.19065493420197085
2149,2022-09-26T00:00:00Z,,,
2150,2022-09-27T00:00:00Z,0.11979,0.1275,0.123645
2151,2022-09-28T00:00:00Z,0.144,0.144,0.144
2152,2022-09-29T00:00:00Z,0.1178,0.1178,0.1178
2153,2022-09-30T00:00:00Z,0.0622489118204034,0.333,0.11773181163133723636
2154,2022-10-01T00:00:00Z,0.0767065386499187,0.6,0.251176086600739
2155,2022-10-02T00:00:00Z,,,
2156,2022-10-03T00:00:00Z,0.0605908345677546,0.8797712316104136,0.16242596252545255556
2157,2022-10-04T00:00:00Z,0.099,0.099,0.099
2158,2022-10-05T00:00:00Z,0.095,0.333,0.214
2159,2022-10-06T00:00:00Z,0.0699367685772351,0.879276904083954,0.284150918165297275
2160,2022-10-07T00:00:00Z,0.09339,0.144,0.10647625
2161,2022-10-08T00:00:00Z,0.12,1.65,0.885
2162,2022-10-09T00:00:00Z,0.0650080542381346,0.0968,0.0747312606212577
2163,2022-10-10T00:00:00Z,1.99,1.99,1.99
2164,2022-10-11T00:00:00Z,0.0749188802532297,0.4795331567227641,0.2772260184879969
2165,2022-10-12T00:00:00Z,0.0513060849075223,0.13,0.08054273080444735714
2166,2022-10-13T00:00:00Z,0.0825,0.77,0.20064285714285714286
2167,2022-10-14T00:00:00Z,0.08,0.9898203769460872,0.21578719670658388571
2168,2022-10-15T00:00:00Z,0.0894,0.0894,0.0894
2169,2022-10-16T00:00:00Z,0.070083137149979,0.1999,0.108691273896084
2170,2022-10-17T00:00:00Z,0.0371347109934957,1.1093766087340478,0.34026969882473574
2171,2022-10-18T00:00:00Z,0.0800637354991379,0.24,0.11093187168804752857
2172,2022-10-19T00:00:00Z,0.05,0.5804388262215434,0.2050778039933925
2173,2022-10-20T00:00:00Z,0.1,0.222,0.136915
2174,2022-10-21T00:00:00Z,0.1279297573588697,0.1279297573588697,0.1279297573588697
2175,2022-10-22T00:00:00Z,0.0999892821475546,0.147,0.12003237417161883333
2176,2022-10-23T00:00:00Z,0.0817924260052497,0.122225,0.0937957104098352
2177,2022-10-24T00:00:00Z,0.0801505468866286,0.1499299374118048,0.10372003281089123333
2178,2022-10-25T00:00:00Z,0.1039,0.3001763711496104,0.2020381855748052
2179,2022-10-26T00:00:00Z,0.0759512332630136,0.184,0.110200600589817
2180,2022-10-27T00:00:00Z,0.0617188677333653,0.1009,0.0758943402420307
2181,2022-10-28T00:00:00Z,0.089853665346947,0.5998,0.17812948410835603333
2182,2022-10-29T00:00:00Z,0.1000158736404293,0.1000158736404293,0.1000158736404293
2183,2022-10-30T00:00:00Z,0.5,0.5,0.5
2184,2022-10-31T00:00:00Z,,,
2185,2022-11-01T00:00:00Z,0.0950871176570356,0.1140428571428571,0.11036523529522614444
2186,2022-11-02T00:00:00Z,0.0879665937562249,0.0879665937562249,0.0879665937562249
2187,2022-11-03T00:00:00Z,0.0900386226845398,0.0900386226845398,0.0900386226845398
2188,2022-11-04T00:00:00Z,0.0687348270212698,0.176,0.09616927581233377143
2189,2022-11-05T00:00:00Z,0.0782605003709756,0.0782605003709756,0.0782605003709756
