"DateTime","Primary sales USD","Secondary sales USD"
"2017-06-23 00:00:00",953.92,66.38
"2017-06-24 00:00:00",1240.84,0
"2017-06-25 00:00:00",402.33,115.22
"2017-06-26 00:00:00",424.63,0
"2017-06-27 00:00:00",2049.94,42.98
"2017-06-28 00:00:00",1247.26,0
"2017-06-29 00:00:00",1429.27,756.46
"2017-06-30 00:00:00",626.32,1081.83
"2017-07-01 00:00:00",2938.69,202.11
"2017-07-02 00:00:00",2867.38,57.23
"2017-07-03 00:00:00",6659.17,590.63
"2017-07-04 00:00:00",10525.34,2980.59
"2017-07-05 00:00:00",1654.13,186.16
"2017-07-06 00:00:00",6808.2,213.98
"2017-07-07 00:00:00",5993.45,1089.06
"2017-07-08 00:00:00",2255.33,972.55
"2017-07-09 00:00:00",897.48,71.63
"2017-07-10 00:00:00",4495.2,414.86
"2017-07-11 00:00:00",5034.25,675.12
"2017-07-12 00:00:00",1534.38,244.35
"2017-07-13 00:00:00",3024.23,2276.74
"2017-07-14 00:00:00",191.04,257.36
"2017-07-15 00:00:00",140.86,408.83
"2017-07-16 00:00:00",319.2,0
"2017-07-17 00:00:00",651.7,800.5
"2017-07-18 00:00:00",2012.23,909.44
"2017-07-19 00:00:00",2730.2,706.55
"2017-07-20 00:00:00",969.82,1382.89
"2017-07-21 00:00:00",2135,0
"2017-07-22 00:00:00",947.69,97.08
"2017-07-23 00:00:00",331.01,90.69
"2017-07-24 00:00:00",953.63,173.18
"2017-07-25 00:00:00",1125.05,644.42
"2017-07-26 00:00:00",250.41,64.11
"2017-07-27 00:00:00",111.75,0
"2017-07-28 00:00:00",374,0
"2017-07-29 00:00:00",719.08,287.72
"2017-07-30 00:00:00",591.6,887.4
"2017-07-31 00:00:00",91.48,121.97
"2017-08-01 00:00:00",109,0
"2017-08-02 00:00:00",525.74,0
"2017-08-03 00:00:00",2576.09,2023.81
"2017-08-04 00:00:00",0,0
"2017-08-05 00:00:00",0,1518.93
"2017-08-06 00:00:00",0,0
"2017-08-07 00:00:00",76.52,0
"2017-08-08 00:00:00",749.67,247.92
"2017-08-09 00:00:00",103.97,163.39
"2017-08-10 00:00:00",181.03,0
"2017-08-11 00:00:00",416.98,242.39
"2017-08-12 00:00:00",291.65,746.87
"2017-08-13 00:00:00",585.39,219.9
"2017-08-14 00:00:00",414.96,88.92
"2017-08-15 00:00:00",119.55,141.34
"2017-08-16 00:00:00",210.03,0
"2017-08-17 00:00:00",150.29,0
"2017-08-18 00:00:00",88.83,0
"2017-08-19 00:00:00",0,118.65
"2017-08-20 00:00:00",162.34,0
"2017-08-21 00:00:00",792.62,0
"2017-08-22 00:00:00",87.41,0
"2017-08-23 00:00:00",82.37,72.86
"2017-08-24 00:00:00",0,0
"2017-08-25 00:00:00",82.26,174.38
"2017-08-26 00:00:00",98.96,0
"2017-08-27 00:00:00",0,0
"2017-08-28 00:00:00",357.97,787.88
"2017-08-29 00:00:00",91.7,0
"2017-08-30 00:00:00",0,174.3
"2017-08-31 00:00:00",103.39,0
"2017-09-01 00:00:00",506.11,0
"2017-09-02 00:00:00",0,69.28
"2017-09-03 00:00:00",0,0
"2017-09-04 00:00:00",314.7,0
"2017-09-05 00:00:00",0,0
"2017-09-06 00:00:00",0,0
"2017-09-07 00:00:00",0,0
"2017-09-08 00:00:00",76.12,0
"2017-09-09 00:00:00",0,0
"2017-09-10 00:00:00",73.19,128.82
"2017-09-11 00:00:00",74.12,65.22
"2017-09-12 00:00:00",81.36,0
"2017-09-13 00:00:00",0,0
"2017-09-14 00:00:00",0,0
"2017-09-15 00:00:00",0,0
"2017-09-16 00:00:00",70.99,0
"2017-09-17 00:00:00",133.72,0
"2017-09-18 00:00:00",0,63.35
"2017-09-19 00:00:00",378.6,0
"2017-09-20 00:00:00",50.85,321.89
"2017-09-21 00:00:00",169.93,38.62
"2017-09-22 00:00:00",71.14,0
"2017-09-23 00:00:00",101.96,141.61
"2017-09-24 00:00:00",56.14,0
"2017-09-25 00:00:00",0,0
"2017-09-26 00:00:00",0,0
"2017-09-27 00:00:00",377.69,45.32
"2017-09-28 00:00:00",36.2,0
"2017-09-29 00:00:00",176.05,138.3
"2017-09-30 00:00:00",160.53,0
"2017-10-01 00:00:00",449.51,0
"2017-10-02 00:00:00",0,0
"2017-10-03 00:00:00",0,0
"2017-10-04 00:00:00",0,58.61
"2017-10-05 00:00:00",0,0
"2017-10-06 00:00:00",0,0
"2017-10-07 00:00:00",0,0
"2017-10-08 00:00:00",93.04,0
"2017-10-09 00:00:00",0,26.63
"2017-10-10 00:00:00",0,0
"2017-10-11 00:00:00",0,66.71
"2017-10-12 00:00:00",39.26,0
"2017-10-13 00:00:00",199.39,155.46
"2017-10-14 00:00:00",100.6,154.26
"2017-10-15 00:00:00",43.6,134.16
"2017-10-16 00:00:00",179.26,0
"2017-10-17 00:00:00",0,0
"2017-10-18 00:00:00",0,0
"2017-10-19 00:00:00",0,27.76
"2017-10-20 00:00:00",0,96.75
"2017-10-21 00:00:00",0,78.18
"2017-10-22 00:00:00",0,0
"2017-10-23 00:00:00",0,0
"2017-10-24 00:00:00",0,0
"2017-10-25 00:00:00",0,44.77
"2017-10-26 00:00:00",216.19,52.73
"2017-10-27 00:00:00",178.76,0
"2017-10-28 00:00:00",177.88,0
"2017-10-29 00:00:00",0,21.26
"2017-10-30 00:00:00",101.06,116.37
"2017-10-31 00:00:00",91.06,130.52
"2017-11-01 00:00:00",111.09,0
"2017-11-02 00:00:00",68.9,43.06
"2017-11-03 00:00:00",0,0
"2017-11-04 00:00:00",86.99,0
"2017-11-05 00:00:00",0,0
"2017-11-06 00:00:00",0,0
"2017-11-07 00:00:00",0,265.71
"2017-11-08 00:00:00",0,0
"2017-11-09 00:00:00",0,148.27
"2017-11-10 00:00:00",0,0
"2017-11-11 00:00:00",0,0
"2017-11-12 00:00:00",91.11,0
"2017-11-13 00:00:00",31.53,31.53
"2017-11-14 00:00:00",0,67.79
"2017-11-15 00:00:00",33.43,103.63
"2017-11-16 00:00:00",0,0
"2017-11-17 00:00:00",0,0
"2017-11-18 00:00:00",0,0
"2017-11-19 00:00:00",35.34,0
"2017-11-20 00:00:00",146.31,0
"2017-11-21 00:00:00",234.08,1.83
"2017-11-22 00:00:00",465.68,61.23
"2017-11-23 00:00:00",1599.89,706.56
"2017-11-24 00:00:00",1506.86,3492.29
"2017-11-25 00:00:00",935.26,948.74
"2017-11-26 00:00:00",1203.62,753.91
"2017-11-27 00:00:00",592.48,1309.85
"2017-11-28 00:00:00",1408.6,2918.53
"2017-11-29 00:00:00",14763.11,12277.07
"2017-11-30 00:00:00",8599.6,12465.4
"2017-12-01 00:00:00",18332.92,15138.68
"2017-12-02 00:00:00",206575.62,51926.02
"2017-12-03 00:00:00",614956.4,397866.67
"2017-12-04 00:00:00",445456.24,1877758.22
"2017-12-05 00:00:00",582325.79,1618290.61
"2017-12-06 00:00:00",395185.44,1446143.79
"2017-12-07 00:00:00",246197.92,1436987.42
"2017-12-08 00:00:00",356669.53,1676460.07
"2017-12-09 00:00:00",650263,1095872.81
"2017-12-10 00:00:00",458105.9,873339.57
"2017-12-11 00:00:00",369334.39,719821.42
"2017-12-12 00:00:00",314403.08,485316.8
"2017-12-13 00:00:00",210582.53,394851.04
"2017-12-14 00:00:00",216489.49,371402.78
"2017-12-15 00:00:00",212728.71,224999.27
"2017-12-16 00:00:00",140615.03,339427.3
"2017-12-17 00:00:00",161489.95,241175.69
"2017-12-18 00:00:00",132996.03,177872.91
"2017-12-19 00:00:00",123091.84,110128.59
"2017-12-20 00:00:00",73118.47,188294.85
"2017-12-21 00:00:00",72924.02,125574.59
"2017-12-22 00:00:00",58284.07,92651.6
"2017-12-23 00:00:00",75329.79,72783.65
"2017-12-24 00:00:00",67253.79,61696.78
"2017-12-25 00:00:00",57337.32,61271.1
"2017-12-26 00:00:00",49660.27,67452.99
"2017-12-27 00:00:00",53920.34,59394.6
"2017-12-28 00:00:00",63043.5,52795.05
"2017-12-29 00:00:00",65614.99,45259.17
"2017-12-30 00:00:00",42743.37,36721.24
"2017-12-31 00:00:00",57028.49,43489.71
"2018-01-01 00:00:00",40241.67,70477.03
"2018-01-02 00:00:00",62931.28,40545.55
"2018-01-03 00:00:00",33927.28,22449.07
"2018-01-04 00:00:00",33685.08,24711.03
"2018-01-05 00:00:00",27561.59,14648.51
"2018-01-06 00:00:00",34419.03,47757.61
"2018-01-07 00:00:00",37743.22,25065.33
"2018-01-08 00:00:00",32074.97,24943.37
"2018-01-09 00:00:00",33328.18,22787.74
"2018-01-10 00:00:00",39695.68,12627.13
"2018-01-11 00:00:00",32088.1,19707.23
"2018-01-12 00:00:00",30970.21,30299.67
"2018-01-13 00:00:00",33058.5,27997.08
"2018-01-14 00:00:00",47824.97,32323.44
"2018-01-15 00:00:00",30236.18,19193.34
"2018-01-16 00:00:00",23423.12,31445.96
"2018-01-17 00:00:00",26447.6,18378.78
"2018-01-18 00:00:00",27479.68,23520.62
"2018-01-19 00:00:00",33320.92,39833.73
"2018-01-20 00:00:00",44884.05,109924.71
"2018-01-21 00:00:00",44620.03,18794.38
"2018-01-22 00:00:00",50222.2,16886.29
"2018-01-23 00:00:00",57485.28,21628.01
"2018-01-24 00:00:00",29184.39,21213.74
"2018-01-25 00:00:00",27262.94,14550.64
"2018-01-26 00:00:00",34593.28,22733.03
"2018-01-27 00:00:00",32520.85,21875.33
"2018-01-28 00:00:00",30024.44,43776.42
"2018-01-29 00:00:00",26329.2,21355.92
"2018-01-30 00:00:00",30402.57,26514.69
"2018-01-31 00:00:00",42676.88,68978.24
"2018-02-01 00:00:00",29011.01,11298.43
"2018-02-02 00:00:00",28717.73,26536.29
"2018-02-03 00:00:00",20488.57,15842.57
"2018-02-04 00:00:00",19484.37,12153.89
"2018-02-05 00:00:00",16227.83,13143.21
"2018-02-06 00:00:00",19174.16,16031.81
"2018-02-07 00:00:00",20715.26,14822.62
"2018-02-08 00:00:00",18649.36,14495.81
"2018-02-09 00:00:00",22252.07,25286.91
"2018-02-10 00:00:00",20738.84,46827.65
"2018-02-11 00:00:00",29482.29,33640.87
"2018-02-12 00:00:00",30542.27,25765.31
"2018-02-13 00:00:00",39474.81,53408.83
"2018-02-14 00:00:00",60521.6,319590.89
"2018-02-15 00:00:00",105396.76,653676.65
"2018-02-16 00:00:00",82830.03,85921.18
"2018-02-17 00:00:00",62137.91,98472.2
"2018-02-18 00:00:00",64260.05,106637.37
"2018-02-19 00:00:00",64241.56,127816.7
"2018-02-20 00:00:00",71892.48,193642.75
"2018-02-21 00:00:00",52812,38370.47
"2018-02-22 00:00:00",46131.94,31904.93
"2018-02-23 00:00:00",53263.41,62309.29
"2018-02-24 00:00:00",76716.95,90404.92
"2018-02-25 00:00:00",81217.75,38878.92
"2018-02-26 00:00:00",77995.58,51667.4
"2018-02-27 00:00:00",63681.61,99134.56
"2018-02-28 00:00:00",77698.33,44531.78
"2018-03-01 00:00:00",60662.23,32624.26
"2018-03-02 00:00:00",50507.01,26397.81
"2018-03-03 00:00:00",56189,27207.21
"2018-03-04 00:00:00",170883.45,42946.95
"2018-03-05 00:00:00",69907.99,64373.73
"2018-03-06 00:00:00",70132.28,49208.31
"2018-03-07 00:00:00",69366.89,95296.65
"2018-03-08 00:00:00",60411.47,39432.71
"2018-03-09 00:00:00",57949.33,31095.69
"2018-03-10 00:00:00",77405.45,19045.2
"2018-03-11 00:00:00",47456.41,17294.27
"2018-03-12 00:00:00",43508.28,25330.83
"2018-03-13 00:00:00",47285.2,15274.75
"2018-03-14 00:00:00",33709.87,22112.73
"2018-03-15 00:00:00",26670.09,13023.58
"2018-03-16 00:00:00",25684.83,20347.9
"2018-03-17 00:00:00",27442.51,22751.89
"2018-03-18 00:00:00",28331.56,10989.34
"2018-03-19 00:00:00",24332.84,27744.93
"2018-03-20 00:00:00",23224.63,192533.21
"2018-03-21 00:00:00",27412.85,232032.74
"2018-03-22 00:00:00",26601.62,112887.77
"2018-03-23 00:00:00",25348.22,266940.21
"2018-03-24 00:00:00",23903.83,93353.76
"2018-03-25 00:00:00",46527.83,67288.47
"2018-03-26 00:00:00",32333.94,63822.53
"2018-03-27 00:00:00",42026.12,61991.83
"2018-03-28 00:00:00",31586.68,158004.73
"2018-03-29 00:00:00",24985.23,63110.08
"2018-03-30 00:00:00",31067.08,181881.85
"2018-03-31 00:00:00",22221.92,55736.24
"2018-04-01 00:00:00",17923.32,55352.19
"2018-04-02 00:00:00",18145.65,41916.03
"2018-04-03 00:00:00",21390.18,54448.92
"2018-04-04 00:00:00",19814.4,29288.15
"2018-04-05 00:00:00",16497.23,46195.88
"2018-04-06 00:00:00",22083.52,45174.81
"2018-04-07 00:00:00",13395.04,28062.91
"2018-04-08 00:00:00",29850.42,40627.99
"2018-04-09 00:00:00",23825.64,24212.32
"2018-04-10 00:00:00",23630.56,28805.89
"2018-04-11 00:00:00",21260.99,48375.01
"2018-04-12 00:00:00",21028.72,21904.81
"2018-04-13 00:00:00",31191.61,59966.15
"2018-04-14 00:00:00",29637.88,55634.99
"2018-04-15 00:00:00",23343.41,67481.36
"2018-04-16 00:00:00",28535.01,31953.61
"2018-04-17 00:00:00",31719.31,52188.5
"2018-04-18 00:00:00",25184.52,40901.98
"2018-04-19 00:00:00",28686.29,30681.43
"2018-04-20 00:00:00",30378.51,19046.33
"2018-04-21 00:00:00",22984,22744.43
"2018-04-22 00:00:00",15661,33824.47
"2018-04-23 00:00:00",111846.96,43831.66
"2018-04-24 00:00:00",28611.53,53747.43
"2018-04-25 00:00:00",27241.46,66483.9
"2018-04-26 00:00:00",24379.38,36396.6
"2018-04-27 00:00:00",22747.17,36437.98
"2018-04-28 00:00:00",36352.68,22751.06
"2018-04-29 00:00:00",59036.47,40908.04
"2018-04-30 00:00:00",28007.13,79284.06
"2018-05-01 00:00:00",20037.44,47992.36
"2018-05-02 00:00:00",21405.98,73547.34
"2018-05-03 00:00:00",16261.36,50923.88
"2018-05-04 00:00:00",33591.88,50500.58
"2018-05-05 00:00:00",30428.51,56630.09
"2018-05-06 00:00:00",30844.81,29854.31
"2018-05-07 00:00:00",27296.08,30495.61
"2018-05-08 00:00:00",28597.52,50788.18
"2018-05-09 00:00:00",27635.02,28678.76
"2018-05-10 00:00:00",21398.04,32508.88
"2018-05-11 00:00:00",21549.74,49866.2
"2018-05-12 00:00:00",17125.84,20967.72
"2018-05-13 00:00:00",16067.71,28032.42
"2018-05-14 00:00:00",18174.36,10436.71
"2018-05-15 00:00:00",16019.39,10224.95
"2018-05-16 00:00:00",18998.91,24727.04
"2018-05-17 00:00:00",29662.06,22356.56
"2018-05-18 00:00:00",36657.97,15152.93
"2018-05-19 00:00:00",27455.8,17249.73
"2018-05-20 00:00:00",20869.96,32234.17
"2018-05-21 00:00:00",18637.26,12541.51
"2018-05-22 00:00:00",18578.65,12170.96
"2018-05-23 00:00:00",16709.82,11616.95
"2018-05-24 00:00:00",31415.98,11612.02
"2018-05-25 00:00:00",22807.12,29478.29
"2018-05-26 00:00:00",32187.25,16918.63
"2018-05-27 00:00:00",27323.48,13253.23
"2018-05-28 00:00:00",24568.19,23948.05
"2018-05-29 00:00:00",40719.83,10591.57
"2018-05-30 00:00:00",33401.78,27079.72
"2018-05-31 00:00:00",24132.29,20068.38
"2018-06-01 00:00:00",20838.88,12869.69
"2018-06-02 00:00:00",22672.84,24960.01
"2018-06-03 00:00:00",47701.68,10558.96
"2018-06-04 00:00:00",27211.88,22545.97
"2018-06-05 00:00:00",21305.1,34943.47
"2018-06-06 00:00:00",21065.57,32537.89
"2018-06-07 00:00:00",29369.92,33881.69
"2018-06-08 00:00:00",27079.51,40460.23
"2018-06-09 00:00:00",21374.27,14758.59
"2018-06-10 00:00:00",18003.84,22040.36
"2018-06-11 00:00:00",20534.31,21741.89
"2018-06-12 00:00:00",18310.99,17874.97
"2018-06-13 00:00:00",23523.04,27394.26
"2018-06-14 00:00:00",14481.89,31024.16
"2018-06-15 00:00:00",26309.79,23803.36
"2018-06-16 00:00:00",14583.42,13590.17
"2018-06-17 00:00:00",20482.91,39929.07
"2018-06-18 00:00:00",27152.33,72577.6
"2018-06-19 00:00:00",26131.91,70355.74
"2018-06-20 00:00:00",16299.4,29233.77
"2018-06-21 00:00:00",30088.69,41775.06
"2018-06-22 00:00:00",33053.36,25909.55
"2018-06-23 00:00:00",19293.52,29195.14
"2018-06-24 00:00:00",19237.19,34797.98
"2018-06-25 00:00:00",24848.43,20194.9
"2018-06-26 00:00:00",13435.53,26285.88
"2018-06-27 00:00:00",16868.98,21099.01
"2018-06-28 00:00:00",14582.97,26513.73
"2018-06-29 00:00:00",21071.89,39492.97
"2018-06-30 00:00:00",16822.69,19843.17
"2018-07-01 00:00:00",11343.42,8677.5
"2018-07-02 00:00:00",6424.74,11536.92
"2018-07-03 00:00:00",13191.91,18053.41
"2018-07-04 00:00:00",11368.4,92655.13
"2018-07-05 00:00:00",16826.55,16674.93
"2018-07-06 00:00:00",14157.47,8488.12
"2018-07-07 00:00:00",11908.85,5658.3
"2018-07-08 00:00:00",14277.45,8044.77
"2018-07-09 00:00:00",22512.19,14297.02
"2018-07-10 00:00:00",12585.21,19001.16
"2018-07-11 00:00:00",13955.84,26252.37
"2018-07-12 00:00:00",21927.44,22899.73
"2018-07-13 00:00:00",20558.35,26787.32
"2018-07-14 00:00:00",11660.64,7249.71
"2018-07-15 00:00:00",15410.36,16491.33
"2018-07-16 00:00:00",18852.62,37422.6
"2018-07-17 00:00:00",16630.14,25788
"2018-07-18 00:00:00",20289.73,26918.29
"2018-07-19 00:00:00",11610.2,21880.38
"2018-07-20 00:00:00",12859.72,13863.33
"2018-07-21 00:00:00",16629.56,13286.13
"2018-07-22 00:00:00",16468.6,36624.3
"2018-07-23 00:00:00",18079.48,24690.62
"2018-07-24 00:00:00",11011.45,41199.92
"2018-07-25 00:00:00",20320.54,21221.8
"2018-07-26 00:00:00",20141.94,24022.01
"2018-07-27 00:00:00",384039.54,31681.51
"2018-07-28 00:00:00",881896.15,15164.22
"2018-07-29 00:00:00",17903.14,12786.32
"2018-07-30 00:00:00",138936.15,35028.78
"2018-07-31 00:00:00",79027.15,15084.21
"2018-08-01 00:00:00",19467.78,14567.8
"2018-08-02 00:00:00",220724.32,12227.1
"2018-08-03 00:00:00",24904.35,21290.53
"2018-08-04 00:00:00",40826.8,12934.35
"2018-08-05 00:00:00",42653.68,15012.94
"2018-08-06 00:00:00",30422.36,13827.57
"2018-08-07 00:00:00",21171.58,31846.56
"2018-08-08 00:00:00",21317.3,12676.42
"2018-08-09 00:00:00",23136.74,9998.22
"2018-08-10 00:00:00",9428.47,11704.25
"2018-08-11 00:00:00",12716.97,7804.54
"2018-08-12 00:00:00",14644.66,10790.4
"2018-08-13 00:00:00",15583.48,18609.44
"2018-08-14 00:00:00",52925.63,25423.1
"2018-08-15 00:00:00",41816.99,23393.85
"2018-08-16 00:00:00",38117.51,13558.5
"2018-08-17 00:00:00",30813.32,27078.51
"2018-08-18 00:00:00",46092.97,42573.03
"2018-08-19 00:00:00",47689.69,25737.71
"2018-08-20 00:00:00",27164.57,21265.8
"2018-08-21 00:00:00",51293.19,31152.43
"2018-08-22 00:00:00",30076.7,21714.69
"2018-08-23 00:00:00",44307.14,56879.15
"2018-08-24 00:00:00",54503.95,40374.12
"2018-08-25 00:00:00",132208.41,24848.47
"2018-08-26 00:00:00",35387.72,14989.45
"2018-08-27 00:00:00",28523.62,35571.5
"2018-08-28 00:00:00",38564.46,40991.75
"2018-08-29 00:00:00",39556.1,30081.87
"2018-08-30 00:00:00",43086.94,24319.28
"2018-08-31 00:00:00",51155.13,31395.78
"2018-09-01 00:00:00",52963.67,26254.26
"2018-09-02 00:00:00",55953.36,19532.34
"2018-09-03 00:00:00",37441.53,38213.59
"2018-09-04 00:00:00",26927.16,199132.64
"2018-09-05 00:00:00",32666.74,62104.7
"2018-09-06 00:00:00",23945.84,27813.09
"2018-09-07 00:00:00",35204.32,40570.65
"2018-09-08 00:00:00",25542.81,72674.25
"2018-09-09 00:00:00",35805.98,51837.36
"2018-09-10 00:00:00",22861.47,126876.66
"2018-09-11 00:00:00",26408.68,52934.53
"2018-09-12 00:00:00",40781.76,118217.12
"2018-09-13 00:00:00",20901.22,142377.76
"2018-09-14 00:00:00",23264.02,122911.85
"2018-09-15 00:00:00",13943.96,89231.37
"2018-09-16 00:00:00",16000.82,161417.13
"2018-09-17 00:00:00",19044.24,49869.74
"2018-09-18 00:00:00",13377.1,74945.6
"2018-09-19 00:00:00",17802.33,98560.43
"2018-09-20 00:00:00",19108.79,79480.5
"2018-09-21 00:00:00",94753.26,62827.3
"2018-09-22 00:00:00",45292.39,23338.36
"2018-09-23 00:00:00",21731.42,181978.5
"2018-09-24 00:00:00",22930.1,62339.54
"2018-09-25 00:00:00",26492.39,38397.82
"2018-09-26 00:00:00",36076.13,47522.63
"2018-09-27 00:00:00",51436.11,51198.79
"2018-09-28 00:00:00",18907.21,30260.58
"2018-09-29 00:00:00",17910.96,65820.57
"2018-09-30 00:00:00",25528.06,26515.25
"2018-10-01 00:00:00",22415.52,49992.18
"2018-10-02 00:00:00",23320.89,64886.91
"2018-10-03 00:00:00",18473.93,138348.7
"2018-10-04 00:00:00",24462.01,95015.92
"2018-10-05 00:00:00",31255.39,81528.83
"2018-10-06 00:00:00",20228.86,54334.02
"2018-10-07 00:00:00",19204.56,64069.02
"2018-10-08 00:00:00",14761.41,46251.51
"2018-10-09 00:00:00",17231.22,57530.59
"2018-10-10 00:00:00",28041.71,66851.4
"2018-10-11 00:00:00",39136.95,105308.83
"2018-10-12 00:00:00",45731.63,129941.94
"2018-10-13 00:00:00",38868.92,92971.39
"2018-10-14 00:00:00",20391.31,51316.05
"2018-10-15 00:00:00",39592.18,56321.63
"2018-10-16 00:00:00",20296.88,32451.97
"2018-10-17 00:00:00",35360.9,51640.6
"2018-10-18 00:00:00",27843.2,68765.64
"2018-10-19 00:00:00",52272.66,28078.99
"2018-10-20 00:00:00",22485.07,28641.05
"2018-10-21 00:00:00",30107.69,18792.69
"2018-10-22 00:00:00",112765.57,75711.03
"2018-10-23 00:00:00",42560.01,54615.91
"2018-10-24 00:00:00",22237.61,70766.9
"2018-10-25 00:00:00",36121.98,25196.66
"2018-10-26 00:00:00",36319.52,17726.96
"2018-10-27 00:00:00",21443.32,36906.87
"2018-10-28 00:00:00",39458.79,22414.73
"2018-10-29 00:00:00",31384.94,30318.45
"2018-10-30 00:00:00",62155.56,70100.08
"2018-10-31 00:00:00",20677.64,20967.18
"2018-11-01 00:00:00",40227.57,68632.63
"2018-11-02 00:00:00",71062.1,51907.82
"2018-11-03 00:00:00",20723.05,27295.41
"2018-11-04 00:00:00",21630.69,35282
"2018-11-05 00:00:00",237774.87,39650.88
"2018-11-06 00:00:00",30272.4,70398.77
"2018-11-07 00:00:00",62977.91,62949.48
"2018-11-08 00:00:00",52551.84,68994.31
"2018-11-09 00:00:00",29453.72,47859.73
"2018-11-10 00:00:00",26451.58,37882.7
"2018-11-11 00:00:00",190078.09,39234.38
"2018-11-12 00:00:00",59848.15,32354.59
"2018-11-13 00:00:00",55072.4,94058.33
"2018-11-14 00:00:00",50022.18,92104.47
"2018-11-15 00:00:00",72171.75,54386.22
"2018-11-16 00:00:00",45249.33,46409.36
"2018-11-17 00:00:00",15211.62,23725.43
"2018-11-18 00:00:00",20559.34,37320.79
"2018-11-19 00:00:00",63458.92,46639.22
"2018-11-20 00:00:00",56544.16,22197.08
"2018-11-21 00:00:00",17235.87,23067.03
"2018-11-22 00:00:00",24068.09,31114.31
"2018-11-23 00:00:00",38401.62,35267.39
"2018-11-24 00:00:00",18597.52,27324.42
"2018-11-25 00:00:00",21729.36,7897.61
"2018-11-26 00:00:00",24620.1,19702.09
"2018-11-27 00:00:00",22852.76,26711.26
"2018-11-28 00:00:00",32435.03,15354.87
"2018-11-29 00:00:00",73715.01,22746.51
"2018-11-30 00:00:00",80719.4,20435.54
"2018-12-01 00:00:00",31259.02,29268.3
"2018-12-02 00:00:00",28242.49,26374.8
"2018-12-03 00:00:00",24618.85,12874.93
"2018-12-04 00:00:00",21938.8,22254.16
"2018-12-05 00:00:00",21940.5,33100.62
"2018-12-06 00:00:00",16136.66,17035.37
"2018-12-07 00:00:00",18087.39,13653.51
"2018-12-08 00:00:00",25987.32,46366.22
"2018-12-09 00:00:00",19058.52,24483.61
"2018-12-10 00:00:00",15854.94,15854.99
"2018-12-11 00:00:00",127722.67,56932.79
"2018-12-12 00:00:00",850695.97,26954.92
"2018-12-13 00:00:00",22504.88,22885
"2018-12-14 00:00:00",159155.16,24594.67
"2018-12-15 00:00:00",88881.43,29098.02
"2018-12-16 00:00:00",174077.27,19074.15
"2018-12-17 00:00:00",42054.48,13985.23
"2018-12-18 00:00:00",30318.14,28403.15
"2018-12-19 00:00:00",370309.01,23008.84
"2018-12-20 00:00:00",970689.85,47918.59
"2018-12-21 00:00:00",2737235.99,111540.81
"2018-12-22 00:00:00",410234.01,49773.24
"2018-12-23 00:00:00",1295326.84,58706.66
"2018-12-24 00:00:00",23042.54,43489.67
"2018-12-25 00:00:00",20798.81,43597.4
"2018-12-26 00:00:00",9833.22,16248.13
"2018-12-27 00:00:00",11228.85,16534.98
"2018-12-28 00:00:00",44149.36,19212.28
"2018-12-29 00:00:00",9522.84,15394.84
"2018-12-30 00:00:00",32613.44,21456.04
"2018-12-31 00:00:00",32569.03,28807.53
"2019-01-01 00:00:00",8670.71,11661.06
"2019-01-02 00:00:00",12695.91,16367.01
"2019-01-03 00:00:00",11661.66,33234.75
"2019-01-04 00:00:00",32128.09,19742.63
"2019-01-05 00:00:00",10599.1,20209.39
"2019-01-06 00:00:00",712861.59,20208.73
"2019-01-07 00:00:00",9870.21,27260.68
"2019-01-08 00:00:00",26335.46,28733.17
"2019-01-09 00:00:00",19001.69,23104.88
"2019-01-10 00:00:00",16887.47,25950.64
"2019-01-11 00:00:00",42920.46,16993.74
"2019-01-12 00:00:00",37618.25,32768.14
"2019-01-13 00:00:00",59304.42,26835.58
"2019-01-14 00:00:00",43718.83,62028.14
"2019-01-15 00:00:00",9117.25,24257.09
"2019-01-16 00:00:00",54418.75,13388.88
"2019-01-17 00:00:00",10476.89,34691
"2019-01-18 00:00:00",20663.56,36444.55
"2019-01-19 00:00:00",13749.53,26130.8
"2019-01-20 00:00:00",13574.72,50062.37
"2019-01-21 00:00:00",15834.87,18105.21
"2019-01-22 00:00:00",9583.76,15266.42
"2019-01-23 00:00:00",13062.25,14516.74
"2019-01-24 00:00:00",12628.43,15250.9
"2019-01-25 00:00:00",20477.66,24490.66
"2019-01-26 00:00:00",20697.07,16067.3
"2019-01-27 00:00:00",20439.9,39505.3
"2019-01-28 00:00:00",38977,22802.56
"2019-01-29 00:00:00",7959.89,17366.4
"2019-01-30 00:00:00",869010.47,20796.79
"2019-01-31 00:00:00",13234.92,15280.97
"2019-02-01 00:00:00",10443.09,20620.75
"2019-02-02 00:00:00",14812.75,22440.05
"2019-02-03 00:00:00",17115.18,23508.16
"2019-02-04 00:00:00",10853.12,19599.87
"2019-02-05 00:00:00",19996.96,36026.94
"2019-02-06 00:00:00",26181.56,25903.4
"2019-02-07 00:00:00",20715.57,14299.34
"2019-02-08 00:00:00",8917.09,19125.38
"2019-02-09 00:00:00",14170.91,11978.19
"2019-02-10 00:00:00",31781.77,21969.05
"2019-02-11 00:00:00",25732.97,18293.69
"2019-02-12 00:00:00",9863.56,18034.09
"2019-02-13 00:00:00",9274.23,17281.36
"2019-02-14 00:00:00",10820.79,20388.06
"2019-02-15 00:00:00",16330.46,18763.69
"2019-02-16 00:00:00",12792.95,16734.76
"2019-02-17 00:00:00",26794.76,32299.56
"2019-02-18 00:00:00",14712.46,24278.36
"2019-02-19 00:00:00",20869.53,38274.66
"2019-02-20 00:00:00",30511.62,24436.14
"2019-02-21 00:00:00",28663.5,28364.72
"2019-02-22 00:00:00",24625.49,17032.9
"2019-02-23 00:00:00",15003.82,20636.48
"2019-02-24 00:00:00",12288.66,22724.78
"2019-02-25 00:00:00",20443.69,18638.16
"2019-02-26 00:00:00",19859.22,40660.26
"2019-02-27 00:00:00",21897.85,33393.92
"2019-02-28 00:00:00",6719.68,29172.8
"2019-03-01 00:00:00",19970.88,42361.98
"2019-03-02 00:00:00",54400.95,40332.81
"2019-03-03 00:00:00",32979.7,26469.28
"2019-03-04 00:00:00",29952.36,59054.44
"2019-03-05 00:00:00",46463,49869.14
"2019-03-06 00:00:00",30075,41349.64
"2019-03-07 00:00:00",30876.49,29035.83
"2019-03-08 00:00:00",35452.78,41465.97
"2019-03-09 00:00:00",27690.61,42696.84
"2019-03-10 00:00:00",39402.74,41612.32
"2019-03-11 00:00:00",23417.6,27936.37
"2019-03-12 00:00:00",42986.24,65773.04
"2019-03-13 00:00:00",25723.38,35938.16
"2019-03-14 00:00:00",19781.86,53111.97
"2019-03-15 00:00:00",27430.31,42760.93
"2019-03-16 00:00:00",26790.23,35727.33
"2019-03-17 00:00:00",27201.27,56800.6
"2019-03-18 00:00:00",18228.82,35644.27
"2019-03-19 00:00:00",22864.48,35245.76
"2019-03-20 00:00:00",19426.81,43565.58
"2019-03-21 00:00:00",20757.41,30419.99
"2019-03-22 00:00:00",30052.95,23510.21
"2019-03-23 00:00:00",38758.24,39017.9
"2019-03-24 00:00:00",34480.97,55962.45
"2019-03-25 00:00:00",19504.83,43854.29
"2019-03-26 00:00:00",38969.75,42253.9
"2019-03-27 00:00:00",16907.24,34258.54
"2019-03-28 00:00:00",73097.83,38510.02
"2019-03-29 00:00:00",71741.43,40778.6
"2019-03-30 00:00:00",23703.76,46308.17
"2019-03-31 00:00:00",36899.62,39975.79
"2019-04-01 00:00:00",33760.97,64295.85
"2019-04-02 00:00:00",71983.43,46982.9
"2019-04-03 00:00:00",22268.97,47398.67
"2019-04-04 00:00:00",44199.44,47646.22
"2019-04-05 00:00:00",31624.98,43954.27
"2019-04-06 00:00:00",15572.82,40703.38
"2019-04-07 00:00:00",44237.31,22774.07
"2019-04-08 00:00:00",32495.55,43299.34
"2019-04-09 00:00:00",17902.38,48283.39
"2019-04-10 00:00:00",16696.44,37589.59
"2019-04-11 00:00:00",20628.44,42032.59
"2019-04-12 00:00:00",39894.51,35031.9
"2019-04-13 00:00:00",20915.98,41170.17
"2019-04-14 00:00:00",16936.6,30360.78
"2019-04-15 00:00:00",39669.17,58624.96
"2019-04-16 00:00:00",28864.34,31665.7
"2019-04-17 00:00:00",17656.08,23617.07
"2019-04-18 00:00:00",16501.58,30315.05
"2019-04-19 00:00:00",14392.87,38062.91
"2019-04-20 00:00:00",18112.71,27700.98
"2019-04-21 00:00:00",17695.75,42024.25
"2019-04-22 00:00:00",16720.82,25763.57
"2019-04-23 00:00:00",15256.95,34237.83
"2019-04-24 00:00:00",55529.82,45982.55
"2019-04-25 00:00:00",11807.04,33528.82
"2019-04-26 00:00:00",11589.23,38974.93
"2019-04-27 00:00:00",53188.11,23741.97
"2019-04-28 00:00:00",16888.79,30088.49
"2019-04-29 00:00:00",11194.44,29038.04
"2019-04-30 00:00:00",189032.16,16942.83
"2019-05-01 00:00:00",18978.58,25428.81
"2019-05-02 00:00:00",17856.8,51561.89
"2019-05-03 00:00:00",21258.34,28698.91
"2019-05-04 00:00:00",18686.16,25584.08
"2019-05-05 00:00:00",16316.14,39916.99
"2019-05-06 00:00:00",15533.67,23345.33
"2019-05-07 00:00:00",10916.01,27187.21
"2019-05-08 00:00:00",29831.27,24081.98
"2019-05-09 00:00:00",17665.48,24495.14
"2019-05-10 00:00:00",51457.76,37801.73
"2019-05-11 00:00:00",19277.7,30673.1
"2019-05-12 00:00:00",26419.72,36834.01
"2019-05-13 00:00:00",30853.4,41859.3
"2019-05-14 00:00:00",12136.71,27989.88
"2019-05-15 00:00:00",10878.92,59598.71
"2019-05-16 00:00:00",11296.87,36842.34
"2019-05-17 00:00:00",13368.15,78072.85
"2019-05-18 00:00:00",9938,40654.8
"2019-05-19 00:00:00",12924.28,32674.25
"2019-05-20 00:00:00",11427.69,52152.6
"2019-05-21 00:00:00",44526.42,35644.05
"2019-05-22 00:00:00",17900.04,44079.14
"2019-05-23 00:00:00",15645.75,42807.04
"2019-05-24 00:00:00",24085.73,111294.93
"2019-05-25 00:00:00",32724.68,46823.61
"2019-05-26 00:00:00",34459.6,36746.16
"2019-05-27 00:00:00",138210.55,48054.16
"2019-05-28 00:00:00",50029.46,48831.83
"2019-05-29 00:00:00",24487.9,44531.21
"2019-05-30 00:00:00",26943.34,38684.17
"2019-05-31 00:00:00",35915.81,49955.77
"2019-06-01 00:00:00",19850.32,28693.45
"2019-06-02 00:00:00",26729.46,40876.98
"2019-06-03 00:00:00",59574.69,53648.15
"2019-06-04 00:00:00",14535.67,28695.64
"2019-06-05 00:00:00",14706.09,41912.29
"2019-06-06 00:00:00",20892.67,38108.2
"2019-06-07 00:00:00",58548.39,36646.09
"2019-06-08 00:00:00",14309.63,23862.81
"2019-06-09 00:00:00",21252.93,27161.88
"2019-06-10 00:00:00",21271.14,26655.95
"2019-06-11 00:00:00",18059.74,26106.86
"2019-06-12 00:00:00",37458.21,31016.18
"2019-06-13 00:00:00",49055.94,34168.06
"2019-06-14 00:00:00",38022.25,26959.69
"2019-06-15 00:00:00",25263.68,33392.26
"2019-06-16 00:00:00",31301.24,42924.76
"2019-06-17 00:00:00",10438.37,40093.85
"2019-06-18 00:00:00",81446.59,54048.42
"2019-06-19 00:00:00",84432.5,31425.12
"2019-06-20 00:00:00",41830.12,33428.06
"2019-06-21 00:00:00",143045.4,35988.78
"2019-06-22 00:00:00",71216.13,49616.6
"2019-06-23 00:00:00",12328.78,43028.18
"2019-06-24 00:00:00",44894.1,80144.61
"2019-06-25 00:00:00",17237.82,29410.59
"2019-06-26 00:00:00",23416.18,52450.17
"2019-06-27 00:00:00",11084.82,32953.46
"2019-06-28 00:00:00",18321.24,27681.46
"2019-06-29 00:00:00",37413.78,33401.06
"2019-06-30 00:00:00",12841.45,28144.28
"2019-07-01 00:00:00",6919.23,18151.22
"2019-07-02 00:00:00",7387.73,23164.28
"2019-07-03 00:00:00",13795.66,23337.43
"2019-07-04 00:00:00",27151.48,32381.5
"2019-07-05 00:00:00",14585.44,37705.48
"2019-07-06 00:00:00",10892.57,18552.25
"2019-07-07 00:00:00",26321.24,27000.44
"2019-07-08 00:00:00",13763.23,39949.17
"2019-07-09 00:00:00",19567.59,47125.05
"2019-07-10 00:00:00",13899.49,76159.7
"2019-07-11 00:00:00",22256.16,36615.56
"2019-07-12 00:00:00",11763.35,24435.82
"2019-07-13 00:00:00",15988.81,26717.57
"2019-07-14 00:00:00",23926.23,31162.04
"2019-07-15 00:00:00",35164.31,36570.5
"2019-07-16 00:00:00",9798.73,39914.39
"2019-07-17 00:00:00",14497.4,48522.31
"2019-07-18 00:00:00",19691.88,39065.86
"2019-07-19 00:00:00",9664.62,17905.77
"2019-07-20 00:00:00",12643.35,23633.28
"2019-07-21 00:00:00",14775.23,22226.88
"2019-07-22 00:00:00",12117.84,23975.99
"2019-07-23 00:00:00",13087.44,20175.75
"2019-07-24 00:00:00",7792.81,17792.32
"2019-07-25 00:00:00",9044.29,15241.21
"2019-07-26 00:00:00",11550.25,21441.77
"2019-07-27 00:00:00",16086.86,18658.58
"2019-07-28 00:00:00",10292.71,23847.67
"2019-07-29 00:00:00",10237.09,42447.49
"2019-07-30 00:00:00",14034.24,22853.39
"2019-07-31 00:00:00",9101.98,44598.79
"2019-08-01 00:00:00",15879.92,55174.49
"2019-08-02 00:00:00",11706.24,21275.23
"2019-08-03 00:00:00",22457.94,15547.65
"2019-08-04 00:00:00",13273.99,24459.02
"2019-08-05 00:00:00",12282.44,20359.15
"2019-08-06 00:00:00",18914.2,18111.98
"2019-08-07 00:00:00",10986.13,26404.6
"2019-08-08 00:00:00",17407.7,23750.71
"2019-08-09 00:00:00",23566.5,18364.54
"2019-08-10 00:00:00",7483.31,14581.4
"2019-08-11 00:00:00",10665.7,13198.85
"2019-08-12 00:00:00",70979.58,38555.95
"2019-08-13 00:00:00",9821.17,33055.37
"2019-08-14 00:00:00",14485.93,22215.12
"2019-08-15 00:00:00",12499.89,22341.67
"2019-08-16 00:00:00",6798.13,38117.65
"2019-08-17 00:00:00",9885,13046.24
"2019-08-18 00:00:00",10045.33,11730.61
"2019-08-19 00:00:00",13782.45,18027.29
"2019-08-20 00:00:00",9274.02,16187.83
"2019-08-21 00:00:00",12548.96,11858.29
"2019-08-22 00:00:00",19704.4,21561.18
"2019-08-23 00:00:00",23532.8,16660.89
"2019-08-24 00:00:00",19632.04,21412.6
"2019-08-25 00:00:00",8858.32,25871.48
"2019-08-26 00:00:00",33739.83,16313.59
"2019-08-27 00:00:00",9812.02,14418.81
"2019-08-28 00:00:00",27527.42,36413.09
"2019-08-29 00:00:00",12950.21,32968.96
"2019-08-30 00:00:00",12720.95,18126.63
"2019-08-31 00:00:00",22017.66,28105.96
"2019-09-01 00:00:00",22051.97,25865.96
"2019-09-02 00:00:00",15822.33,28166.46
"2019-09-03 00:00:00",18855.24,19512.18
"2019-09-04 00:00:00",67058.54,22793.53
"2019-09-05 00:00:00",16272.48,20502.46
"2019-09-06 00:00:00",8497.05,20740.8
"2019-09-07 00:00:00",9034.26,16053.87
"2019-09-08 00:00:00",21585.13,23324.36
"2019-09-09 00:00:00",50162.38,25841.43
"2019-09-10 00:00:00",8753.08,22419.91
"2019-09-11 00:00:00",6320.07,25886.23
"2019-09-12 00:00:00",11176.6,27825.92
"2019-09-13 00:00:00",13493.72,52115.92
"2019-09-14 00:00:00",14608.02,21841.01
"2019-09-15 00:00:00",8772.43,19289.33
"2019-09-16 00:00:00",16137.48,22670.97
"2019-09-17 00:00:00",5500.75,25163.98
"2019-09-18 00:00:00",10980.36,19097.46
"2019-09-19 00:00:00",8622.86,66554.03
"2019-09-20 00:00:00",12936.95,9800.36
"2019-09-21 00:00:00",9890.81,21726.77
"2019-09-22 00:00:00",12596.81,18592.96
"2019-09-23 00:00:00",12100.08,20269.82
"2019-09-24 00:00:00",11529.53,26073.66
"2019-09-25 00:00:00",8806.44,22821.33
"2019-09-26 00:00:00",15294.72,18954.23
"2019-09-27 00:00:00",5566.49,16448.33
"2019-09-28 00:00:00",8934.74,10617.44
"2019-09-29 00:00:00",51393.5,23157.21
"2019-09-30 00:00:00",11921.13,19416.69
"2019-10-01 00:00:00",11231.24,28197.69
"2019-10-02 00:00:00",27648.8,10086.71
"2019-10-03 00:00:00",14144.17,16240.34
"2019-10-04 00:00:00",14369.88,17376.22
"2019-10-05 00:00:00",9916.55,9397.26
"2019-10-06 00:00:00",11118.24,42550.01
"2019-10-07 00:00:00",16073.62,27702.77
"2019-10-08 00:00:00",14302.71,25976.91
"2019-10-09 00:00:00",79275.65,16138.84
"2019-10-10 00:00:00",14049.28,13158.67
"2019-10-11 00:00:00",8291.06,19939
"2019-10-12 00:00:00",14396.44,15798.92
"2019-10-13 00:00:00",65095.24,9335.42
"2019-10-14 00:00:00",93474.49,17990.44
"2019-10-15 00:00:00",209536.11,33601.77
"2019-10-16 00:00:00",107614.68,69941.51
"2019-10-17 00:00:00",128040.6,23092.65
"2019-10-18 00:00:00",89578.77,37611.68
"2019-10-19 00:00:00",92055.88,30790.88
"2019-10-20 00:00:00",248111.33,24846.67
"2019-10-21 00:00:00",42299.09,37285.42
"2019-10-22 00:00:00",59125.78,28251.66
"2019-10-23 00:00:00",44522.75,23290.67
"2019-10-24 00:00:00",49519.63,23517.78
"2019-10-25 00:00:00",54333.55,27829.62
"2019-10-26 00:00:00",60735.73,28887.59
"2019-10-27 00:00:00",38480.83,55726.69
"2019-10-28 00:00:00",32072.43,42721.63
"2019-10-29 00:00:00",45275.46,21487.69
"2019-10-30 00:00:00",42423.18,38107.23
"2019-10-31 00:00:00",26987.74,39394.41
"2019-11-01 00:00:00",31095.17,19431.18
"2019-11-02 00:00:00",29992.9,36193.78
"2019-11-03 00:00:00",46879.91,36881.11
"2019-11-04 00:00:00",32348.76,27908.65
"2019-11-05 00:00:00",23667.58,23850.91
"2019-11-06 00:00:00",43582.57,20027.65
"2019-11-07 00:00:00",55047.45,17528.83
"2019-11-08 00:00:00",22136.81,18829.08
"2019-11-09 00:00:00",19255.64,19303.87
"2019-11-10 00:00:00",29431.49,35168.33
"2019-11-11 00:00:00",52021.27,26185.5
"2019-11-12 00:00:00",26676.67,22331.64
"2019-11-13 00:00:00",21604.52,20031.43
"2019-11-14 00:00:00",19127.21,21185.72
"2019-11-15 00:00:00",12663.08,13621.69
"2019-11-16 00:00:00",10390.76,13175.94
"2019-11-17 00:00:00",16062.07,37547.25
"2019-11-18 00:00:00",14354.43,32740.99
"2019-11-19 00:00:00",16010.46,28909.25
"2019-11-20 00:00:00",20311.43,26289.56
"2019-11-21 00:00:00",20413.81,20494.23
"2019-11-22 00:00:00",88918.58,49321.43
"2019-11-23 00:00:00",64470.7,38075.74
"2019-11-24 00:00:00",71387.82,26574.05
"2019-11-25 00:00:00",59057.7,24430.52
"2019-11-26 00:00:00",46851.57,16108.75
"2019-11-27 00:00:00",54128.34,43832.88
"2019-11-28 00:00:00",54963.58,23353.34
"2019-11-29 00:00:00",57299.89,38153.18
"2019-11-30 00:00:00",61816.94,29209.45
"2019-12-01 00:00:00",53747.91,32329.52
"2019-12-02 00:00:00",37248.9,34934.9
"2019-12-03 00:00:00",50032.38,36909.52
"2019-12-04 00:00:00",35851.11,36254.19
"2019-12-05 00:00:00",138201.57,22352.94
"2019-12-06 00:00:00",29502.34,31732.11
"2019-12-07 00:00:00",34491.35,24937.72
"2019-12-08 00:00:00",48550.78,29296.32
"2019-12-09 00:00:00",63776.14,49687.68
"2019-12-10 00:00:00",42310.13,45088.49
"2019-12-11 00:00:00",49624.99,28825.37
"2019-12-12 00:00:00",49005.87,26389.1
"2019-12-13 00:00:00",21922.95,27067.24
"2019-12-14 00:00:00",31477.04,27303.72
"2019-12-15 00:00:00",33430.94,20016.01
"2019-12-16 00:00:00",27865.1,41368.22
"2019-12-17 00:00:00",36650.56,21442.5
"2019-12-18 00:00:00",191825.88,25962.55
"2019-12-19 00:00:00",82572.57,26459.46
"2019-12-20 00:00:00",75148.32,25434.38
"2019-12-21 00:00:00",62644.99,23856.83
"2019-12-22 00:00:00",41487.1,18968.71
"2019-12-23 00:00:00",57177.31,19327.45
"2019-12-24 00:00:00",52639.24,17773.51
"2019-12-25 00:00:00",48145.05,15492.91
"2019-12-26 00:00:00",90153.11,21988.87
"2019-12-27 00:00:00",53071.34,28153.55
"2019-12-28 00:00:00",27126.49,36587.9
"2019-12-29 00:00:00",41180.58,40151.9
"2019-12-30 00:00:00",30944.77,26759.74
"2019-12-31 00:00:00",27081.12,27085.4
"2020-01-01 00:00:00",37167.44,24351.75
"2020-01-02 00:00:00",39222.56,29245.01
"2020-01-03 00:00:00",53325.56,35626.99
"2020-01-04 00:00:00",83796.66,55940.88
"2020-01-05 00:00:00",44612.99,30494.67
"2020-01-06 00:00:00",49137.2,60814.11
"2020-01-07 00:00:00",63795.59,40403.27
"2020-01-08 00:00:00",43601.08,39165.26
"2020-01-09 00:00:00",23684.1,31826.5
"2020-01-10 00:00:00",33457.05,30788.48
"2020-01-11 00:00:00",40193.83,37577.49
"2020-01-12 00:00:00",30981.7,28099.79
"2020-01-13 00:00:00",38487.01,35323.12
"2020-01-14 00:00:00",50010.28,31876.19
"2020-01-15 00:00:00",31145.26,31192.22
"2020-01-16 00:00:00",24029.95,37334.58
"2020-01-17 00:00:00",29776.01,47520.6
"2020-01-18 00:00:00",32175.45,49294.64
"2020-01-19 00:00:00",20896.09,35547.63
"2020-01-20 00:00:00",29923.2,37709.55
"2020-01-21 00:00:00",59198.65,36872.08
"2020-01-22 00:00:00",52717.36,39514.08
"2020-01-23 00:00:00",133637.92,38948.12
"2020-01-24 00:00:00",38101.39,40810.17
"2020-01-25 00:00:00",34977.28,22046.15
"2020-01-26 00:00:00",41656.21,30927.11
"2020-01-27 00:00:00",24813.93,41108.02
"2020-01-28 00:00:00",53700.38,32939.62
"2020-01-29 00:00:00",40659.22,36805.62
"2020-01-30 00:00:00",23676.23,28138.21
"2020-01-31 00:00:00",43986.5,36950.97
"2020-02-01 00:00:00",34282.88,36341.61
"2020-02-02 00:00:00",34444.64,43046.21
"2020-02-03 00:00:00",44858.53,46363.79
"2020-02-04 00:00:00",60970.89,24004.5
"2020-02-05 00:00:00",51070.29,83269.82
"2020-02-06 00:00:00",27771.37,86801.47
"2020-02-07 00:00:00",45027.84,180484.19
"2020-02-08 00:00:00",32431.86,56315.88
"2020-02-09 00:00:00",113282.2,79472.06
"2020-02-10 00:00:00",54753.62,92053.7
"2020-02-11 00:00:00",248769.18,226760.82
"2020-02-12 00:00:00",115108.93,104102
"2020-02-13 00:00:00",76995.01,79970.2
"2020-02-14 00:00:00",46327.28,67943.73
"2020-02-15 00:00:00",50755.94,60274.52
"2020-02-16 00:00:00",65704.63,72872.18
"2020-02-17 00:00:00",77834.28,97252.79
"2020-02-18 00:00:00",86388.1,108095.71
"2020-02-19 00:00:00",44951.38,73650.77
"2020-02-20 00:00:00",51951.37,59281.27
"2020-02-21 00:00:00",48087.87,136197.26
"2020-02-22 00:00:00",56951.47,61525.65
"2020-02-23 00:00:00",40547.53,68669.63
"2020-02-24 00:00:00",53830.84,92443.73
"2020-02-25 00:00:00",65165.46,54304.8
"2020-02-26 00:00:00",48301.59,53080.37
"2020-02-27 00:00:00",41496.52,57214.5
"2020-02-28 00:00:00",75300.86,43191.7
"2020-02-29 00:00:00",34148.05,37669.38
"2020-03-01 00:00:00",83626.43,40257.76
"2020-03-02 00:00:00",90464.77,55040.74
"2020-03-03 00:00:00",81709.88,45388.66
"2020-03-04 00:00:00",47235.47,41766.76
"2020-03-05 00:00:00",24707.59,43825.02
"2020-03-06 00:00:00",31032.93,45648.51
"2020-03-07 00:00:00",29181.25,40551.04
"2020-03-08 00:00:00",31026.48,55010.24
"2020-03-09 00:00:00",34030.25,31418.85
"2020-03-10 00:00:00",52932.87,28149.64
"2020-03-11 00:00:00",35792.85,36359.78
"2020-03-12 00:00:00",21691.86,19556.53
"2020-03-13 00:00:00",23940.14,25345.12
"2020-03-14 00:00:00",13715.13,25920.57
"2020-03-15 00:00:00",20306.72,22133.84
"2020-03-16 00:00:00",12647.23,24018.14
"2020-03-17 00:00:00",34170,22577.27
"2020-03-18 00:00:00",24400.42,20821.43
"2020-03-19 00:00:00",40237.83,53745.45
"2020-03-20 00:00:00",19336.05,28045.34
"2020-03-21 00:00:00",25323.02,31814.36
"2020-03-22 00:00:00",45080.85,21248.38
"2020-03-23 00:00:00",29212.49,27730.88
"2020-03-24 00:00:00",39900.36,26262.31
"2020-03-25 00:00:00",17793.93,28526.53
"2020-03-26 00:00:00",46000.75,23905.75
"2020-03-27 00:00:00",23047.39,27869.55
"2020-03-28 00:00:00",35940.79,37556.19
"2020-03-29 00:00:00",28334.35,21543.36
"2020-03-30 00:00:00",33431.71,34575.31
"2020-03-31 00:00:00",497297.83,16370.68
"2020-04-01 00:00:00",29370.09,23097.63
"2020-04-02 00:00:00",32309.23,21580.62
"2020-04-03 00:00:00",39906.03,20337.13
"2020-04-04 00:00:00",31226.57,45581.5
"2020-04-05 00:00:00",18030.81,36712.21
"2020-04-06 00:00:00",17110.36,28097.42
"2020-04-07 00:00:00",44813.61,32210.48
"2020-04-08 00:00:00",36696.56,33334.04
"2020-04-09 00:00:00",26427.94,27178.09
"2020-04-10 00:00:00",31591.06,116725.53
"2020-04-11 00:00:00",23362.25,26660.62
"2020-04-12 00:00:00",24327.5,22136.74
"2020-04-13 00:00:00",23965.32,33056.16
"2020-04-14 00:00:00",27475.03,19846.65
"2020-04-15 00:00:00",25169.63,28641.22
"2020-04-16 00:00:00",34322.76,54017.09
"2020-04-17 00:00:00",26974.75,35690.8
"2020-04-18 00:00:00",82966.33,40808.52
"2020-04-19 00:00:00",37327.77,21550.58
"2020-04-20 00:00:00",29189.36,27373.77
"2020-04-21 00:00:00",59748.89,59755.1
"2020-04-22 00:00:00",49830.96,47887.64
"2020-04-23 00:00:00",73280.74,54848.53
"2020-04-24 00:00:00",44344.62,31312.73
"2020-04-25 00:00:00",68209.13,41222.23
"2020-04-26 00:00:00",35618.56,67597
"2020-04-27 00:00:00",34618.62,46930.12
"2020-04-28 00:00:00",24950.55,30817.66
"2020-04-29 00:00:00",24885.01,44239.81
"2020-04-30 00:00:00",46469.31,52694.26
"2020-05-01 00:00:00",54907.23,52355.48
"2020-05-02 00:00:00",95352.76,48093.02
"2020-05-03 00:00:00",42730.77,35061.94
"2020-05-04 00:00:00",28975.54,32175.8
"2020-05-05 00:00:00",50396.59,31366.61
"2020-05-06 00:00:00",26555.16,33742.57
"2020-05-07 00:00:00",40077.03,28164.78
"2020-05-08 00:00:00",62203.17,25259.84
"2020-05-09 00:00:00",31615.47,41001.16
"2020-05-10 00:00:00",27987.51,23853.65
"2020-05-11 00:00:00",22801.01,23648.28
"2020-05-12 00:00:00",19972.68,19594.84
"2020-05-13 00:00:00",33978.1,29389.69
"2020-05-14 00:00:00",46463.42,40222.37
"2020-05-15 00:00:00",35719.39,35082.8
"2020-05-16 00:00:00",59077.93,34816.36
"2020-05-17 00:00:00",35906.27,33028.79
"2020-05-18 00:00:00",34020.31,50586.27
"2020-05-19 00:00:00",36591.35,26118.83
"2020-05-20 00:00:00",58112.22,53560.36
"2020-05-21 00:00:00",55001.57,57465.45
"2020-05-22 00:00:00",83327.12,41030.05
"2020-05-23 00:00:00",43923.69,54208.34
"2020-05-24 00:00:00",144208.07,121317.57
"2020-05-25 00:00:00",81637.34,25451.83
"2020-05-26 00:00:00",59535.29,47704.12
"2020-05-27 00:00:00",55369.83,46571.58
"2020-05-28 00:00:00",37128.71,50450.48
"2020-05-29 00:00:00",54487.03,32756.97
"2020-05-30 00:00:00",45227.59,24721.16
"2020-05-31 00:00:00",46236.12,37447.98
"2020-06-01 00:00:00",31969.71,68883.08
"2020-06-02 00:00:00",31110.26,53143.42
"2020-06-03 00:00:00",53724.66,43390.98
"2020-06-04 00:00:00",82478.64,63751.37
"2020-06-05 00:00:00",67753.47,27930.54
"2020-06-06 00:00:00",52877.12,41850.33
"2020-06-07 00:00:00",44190.21,27692.9
"2020-06-08 00:00:00",28167.46,31349.42
"2020-06-09 00:00:00",31473.6,50755.09
"2020-06-10 00:00:00",56110.54,36782.49
"2020-06-11 00:00:00",90807.26,40280.14
"2020-06-12 00:00:00",45454.42,24067.57
"2020-06-13 00:00:00",46952.21,69882.84
"2020-06-14 00:00:00",50180.27,58392.07
"2020-06-15 00:00:00",34848.81,55024.99
"2020-06-16 00:00:00",74373.69,35374.43
"2020-06-17 00:00:00",38745.92,29157.81
"2020-06-18 00:00:00",99831.9,68966.73
"2020-06-19 00:00:00",28135.73,55271.95
"2020-06-20 00:00:00",31457.57,20697.13
"2020-06-21 00:00:00",40982.46,27599.98
"2020-06-22 00:00:00",31850.89,37804.98
"2020-06-23 00:00:00",101554.47,24447.43
"2020-06-24 00:00:00",50037.53,22879.36
"2020-06-25 00:00:00",44567.48,26152.12
"2020-06-26 00:00:00",34834.39,25163.18
"2020-06-27 00:00:00",28041.95,15311.95
"2020-06-28 00:00:00",42764.35,29062.84
"2020-06-29 00:00:00",43959.34,38523.77
"2020-06-30 00:00:00",92181.09,48452.94
"2020-07-01 00:00:00",66541.5,60180.39
"2020-07-02 00:00:00",75178.95,31577.56
"2020-07-03 00:00:00",41106,29223.92
"2020-07-04 00:00:00",37684.52,42190.78
"2020-07-05 00:00:00",34983.09,32757.8
"2020-07-06 00:00:00",40208.23,36580.86
"2020-07-07 00:00:00",32625.98,32783.15
"2020-07-08 00:00:00",39283.11,61284.33
"2020-07-09 00:00:00",42076.36,62729.12
"2020-07-10 00:00:00",44730.42,69835.77
"2020-07-11 00:00:00",89060.13,89845.09
"2020-07-12 00:00:00",61439.52,52396.3
"2020-07-13 00:00:00",42435.31,61458.93
"2020-07-14 00:00:00",30275.02,79042.79
"2020-07-15 00:00:00",46860.39,50653.54
"2020-07-16 00:00:00",32772.57,45196.5
"2020-07-17 00:00:00",39052.34,40235.6
"2020-07-18 00:00:00",39278.37,29130.86
"2020-07-19 00:00:00",67400.05,47975.78
"2020-07-20 00:00:00",55198.71,54064.31
"2020-07-21 00:00:00",70117.09,34327.11
"2020-07-22 00:00:00",59171.66,81085.41
"2020-07-23 00:00:00",87603.82,28988.36
"2020-07-24 00:00:00",77470.62,45326.24
"2020-07-25 00:00:00",112049.2,38289.44
"2020-07-26 00:00:00",57149.38,60577.94
"2020-07-27 00:00:00",49738.4,63774.5
"2020-07-28 00:00:00",72881.45,36979.04
"2020-07-29 00:00:00",89984.67,75757.51
"2020-07-30 00:00:00",78880.25,75428.23
"2020-07-31 00:00:00",57888.66,31925.51
"2020-08-01 00:00:00",53318.16,40663.47
"2020-08-02 00:00:00",71892.29,116486.58
"2020-08-03 00:00:00",58959.1,78642.3
"2020-08-04 00:00:00",298446.09,139262.58
"2020-08-05 00:00:00",91408.18,49840.56
"2020-08-06 00:00:00",55203.25,69903.68
"2020-08-07 00:00:00",52740.9,68764.3
"2020-08-08 00:00:00",61667.43,93377.33
"2020-08-09 00:00:00",62934.99,86623.44
"2020-08-10 00:00:00",50007.19,39763.22
"2020-08-11 00:00:00",47869.74,53024.1
"2020-08-12 00:00:00",35835.24,38414.57
"2020-08-13 00:00:00",88941.45,52303.41
"2020-08-14 00:00:00",93752.81,58303.91
"2020-08-15 00:00:00",123587.07,36867.96
"2020-08-16 00:00:00",90762.43,57168.66
"2020-08-17 00:00:00",53307.63,29792.19
"2020-08-18 00:00:00",71840.69,104770.65
"2020-08-19 00:00:00",51376.29,52270.73
"2020-08-20 00:00:00",63124.85,58306.54
"2020-08-21 00:00:00",71365.52,53520.59
"2020-08-22 00:00:00",70985.42,55080.78
"2020-08-23 00:00:00",65173.53,125582.04
"2020-08-24 00:00:00",66963.08,58490.42
"2020-08-25 00:00:00",69393.34,56736.69
"2020-08-26 00:00:00",71240.2,56764.77
"2020-08-27 00:00:00",87201.45,70427.43
"2020-08-28 00:00:00",181665.11,63754.29
"2020-08-29 00:00:00",88611.83,64227.99
"2020-08-30 00:00:00",102429.63,52316.98
"2020-08-31 00:00:00",117240.73,39203.64
"2020-09-01 00:00:00",34485.29,28296.95
"2020-09-02 00:00:00",62171.28,19618.53
"2020-09-03 00:00:00",93364.12,39481.23
"2020-09-04 00:00:00",77044.97,73487.09
"2020-09-05 00:00:00",56441.33,22773.98
"2020-09-06 00:00:00",84491.24,101693.53
"2020-09-07 00:00:00",90270.87,52195.5
"2020-09-08 00:00:00",80459.87,35465.78
"2020-09-09 00:00:00",98035.12,49056.84
"2020-09-10 00:00:00",83812.83,62796.66
"2020-09-11 00:00:00",126997.26,91124.04
"2020-09-12 00:00:00",88156.45,102206.08
"2020-09-13 00:00:00",146279.44,123618.54
"2020-09-14 00:00:00",155338.83,125512.86
"2020-09-15 00:00:00",274393.32,207326.93
"2020-09-16 00:00:00",140828.88,63406.95
"2020-09-17 00:00:00",140698.97,30216.07
"2020-09-18 00:00:00",304936.68,122527.52
"2020-09-19 00:00:00",177145.37,130115.01
"2020-09-20 00:00:00",274068.12,158366.08
"2020-09-21 00:00:00",87761.12,126109.36
"2020-09-22 00:00:00",643080.9,820100.62
"2020-09-23 00:00:00",1309459,2616362.35
"2020-09-24 00:00:00",929144.62,1373401.48
"2020-09-25 00:00:00",634767.04,940207.65
"2020-09-26 00:00:00",626029.13,891342.94
"2020-09-27 00:00:00",475597.55,874018.68
"2020-09-28 00:00:00",503909.11,962247.49
"2020-09-29 00:00:00",364255.97,456397.2
"2020-09-30 00:00:00",170216.83,229428.88
"2020-10-01 00:00:00",202487.3,217578.57
"2020-10-02 00:00:00",137475.07,184122.4
"2020-10-03 00:00:00",255716.4,210356.25
"2020-10-04 00:00:00",154178.82,238884.49
"2020-10-05 00:00:00",193510.06,181534.19
"2020-10-06 00:00:00",193659.33,198051.86
"2020-10-07 00:00:00",179779.95,199991.54
"2020-10-08 00:00:00",195455.77,238244.55
"2020-10-09 00:00:00",205890.21,210332.33
"2020-10-10 00:00:00",214167.71,153056.89
"2020-10-11 00:00:00",153750.52,188934.91
"2020-10-12 00:00:00",140215.7,172694.24
"2020-10-13 00:00:00",173105.74,103456.87
"2020-10-14 00:00:00",189833.67,163380.37
"2020-10-15 00:00:00",184923.51,303795.36
"2020-10-16 00:00:00",143050.87,144111.05
"2020-10-17 00:00:00",319540.08,155455.97
"2020-10-18 00:00:00",217376.23,145933.09
"2020-10-19 00:00:00",123770.56,315597.59
"2020-10-20 00:00:00",112851.89,106287.77
"2020-10-21 00:00:00",197339.82,124721.36
"2020-10-22 00:00:00",239363.35,259615.95
"2020-10-23 00:00:00",145099.85,117681.86
"2020-10-24 00:00:00",282263.04,134016.33
"2020-10-25 00:00:00",158974.57,205805.29
"2020-10-26 00:00:00",143260.14,167306.35
"2020-10-27 00:00:00",136923.58,78045.62
"2020-10-28 00:00:00",178919.26,93242.25
"2020-10-29 00:00:00",151142.56,106907.21
"2020-10-30 00:00:00",150964.76,98245.52
"2020-10-31 00:00:00",190801.69,110963.23
"2020-11-01 00:00:00",203584.51,158050.7
"2020-11-02 00:00:00",156785.32,68282.18
"2020-11-03 00:00:00",255929.75,80455.77
"2020-11-04 00:00:00",204108.77,70420.79
"2020-11-05 00:00:00",127717.69,90772.32
"2020-11-06 00:00:00",226104.89,226890.49
"2020-11-07 00:00:00",156778.46,154085.84
"2020-11-08 00:00:00",231503.81,88802.11
"2020-11-09 00:00:00",150989.41,95759.2
"2020-11-10 00:00:00",231121.59,136139.45
"2020-11-11 00:00:00",282884.93,131702.01
"2020-11-12 00:00:00",830970.81,177247.87
"2020-11-13 00:00:00",202886.57,252596.27
"2020-11-14 00:00:00",280778.13,175977.17
"2020-11-15 00:00:00",194335.05,182563.11
"2020-11-16 00:00:00",174470.17,154589.89
"2020-11-17 00:00:00",171356.11,111446.52
"2020-11-18 00:00:00",176021.06,137134.25
"2020-11-19 00:00:00",228549.81,146440.8
"2020-11-20 00:00:00",156612.24,117741.71
"2020-11-21 00:00:00",465917.01,186426.84
"2020-11-22 00:00:00",237731.69,122281.52
"2020-11-23 00:00:00",110744.59,196915.28
"2020-11-24 00:00:00",112444.78,98312.65
"2020-11-25 00:00:00",141144.49,74785.61
"2020-11-26 00:00:00",133514.23,92049.2
"2020-11-27 00:00:00",250027.45,96253.72
"2020-11-28 00:00:00",239710.96,107706.39
"2020-11-29 00:00:00",364861.1,97536.72
"2020-11-30 00:00:00",134324.54,135231.16
"2020-12-01 00:00:00",110491.22,56554.83
"2020-12-02 00:00:00",429702.67,79223.67
"2020-12-03 00:00:00",164862.24,73672.94
"2020-12-04 00:00:00",356240.44,115137.83
"2020-12-05 00:00:00",212070.65,120551.71
"2020-12-06 00:00:00",252274.28,135583.46
"2020-12-07 00:00:00",156240.57,86989.61
"2020-12-08 00:00:00",155128.66,152745.38
"2020-12-09 00:00:00",130064.3,61151.91
"2020-12-10 00:00:00",169156.07,55132
"2020-12-11 00:00:00",609293.5,88895.72
"2020-12-12 00:00:00",181341.32,116224.7
"2020-12-13 00:00:00",247743.26,160049.05
"2020-12-14 00:00:00",140825.53,115112.42
"2020-12-15 00:00:00",97578.75,88851.52
"2020-12-16 00:00:00",163804.92,67673.71
"2020-12-17 00:00:00",159377.72,92376.54
"2020-12-18 00:00:00",193320.24,100417.73
"2020-12-19 00:00:00",227356.52,105302.47
"2020-12-20 00:00:00",430667.87,112621.66
"2020-12-21 00:00:00",159552.01,200153.63
"2020-12-22 00:00:00",225217.22,313407.89
"2020-12-23 00:00:00",169150.08,145647.39
"2020-12-24 00:00:00",204002.92,177609.06
"2020-12-25 00:00:00",132081.08,257227.91
"2020-12-26 00:00:00",232511.72,169469.9
"2020-12-27 00:00:00",160887.03,229489.59
"2020-12-28 00:00:00",122603.06,103921.4
"2020-12-29 00:00:00",132408.97,118321.64
"2020-12-30 00:00:00",123886.89,233113.1
"2020-12-31 00:00:00",166999.34,90635.66
"2021-01-01 00:00:00",300792.85,156220.47
"2021-01-02 00:00:00",140361.74,135295.12
"2021-01-03 00:00:00",152097.37,175303.51
"2021-01-04 00:00:00",176466.11,186457.51
"2021-01-05 00:00:00",186970.11,432909.68
"2021-01-06 00:00:00",311551.36,667725.39
"2021-01-07 00:00:00",181252.3,302484.93
"2021-01-08 00:00:00",279969.46,315141.3
"2021-01-09 00:00:00",272098.93,277551.17
"2021-01-10 00:00:00",364744.45,482517.74
"2021-01-11 00:00:00",137846.05,153603.89
"2021-01-12 00:00:00",134714.05,176662.96
"2021-01-13 00:00:00",322295.61,249289.93
"2021-01-14 00:00:00",324875.38,144891.67
"2021-01-15 00:00:00",305615.96,141832.84
"2021-01-16 00:00:00",388451.22,295615.24
"2021-01-17 00:00:00",275217.84,278866.26
"2021-01-18 00:00:00",230840.29,507232.67
"2021-01-19 00:00:00",239237.68,289707.05
"2021-01-20 00:00:00",255322.56,370106.35
"2021-01-21 00:00:00",285430.81,304452.95
"2021-01-22 00:00:00",343560.89,292125.31
"2021-01-23 00:00:00",269458.16,1228638.51
"2021-01-24 00:00:00",401225.56,725555.25
"2021-01-25 00:00:00",261838,469368.17
"2021-01-26 00:00:00",336529.91,487100.23
"2021-01-27 00:00:00",502633.86,645128.09
"2021-01-28 00:00:00",440503.63,338703.89
"2021-01-29 00:00:00",881176.8,353811.61
"2021-01-30 00:00:00",2473645.41,648671.42
"2021-01-31 00:00:00",5288261.37,1468793.05
"2021-02-01 00:00:00",5895424.88,2015990.02
"2021-02-02 00:00:00",1287305.12,5569965.02
"2021-02-03 00:00:00",435391.8,2940033.68
"2021-02-04 00:00:00",502223.31,3189701.52
"2021-02-05 00:00:00",464688.27,1647696.03
"2021-02-06 00:00:00",793599.47,2223463.03
"2021-02-07 00:00:00",811008.47,1684865.46
"2021-02-08 00:00:00",2169814.47,1829630.96
"2021-02-09 00:00:00",603884.3,2205026.84
"2021-02-10 00:00:00",499013.66,1302142.79
"2021-02-11 00:00:00",1315441.46,2436885.7
"2021-02-12 00:00:00",511324.85,1566513.61
"2021-02-13 00:00:00",1312456.24,3330074.37
"2021-02-14 00:00:00",1871132.9,5687369.61
"2021-02-15 00:00:00",1216824.39,5077659.92
"2021-02-16 00:00:00",2629786.95,6278649.78
"2021-02-17 00:00:00",2074951.14,7999036.38
"2021-02-18 00:00:00",2816245.22,7613271.76
"2021-02-19 00:00:00",3823919.22,9192027.12
"2021-02-20 00:00:00",2506284.14,5919794.75
"2021-02-21 00:00:00",3933654.14,13119823.09
"2021-02-22 00:00:00",3974907.39,12072893.99
"2021-02-23 00:00:00",1334484.46,5150744.83
"2021-02-24 00:00:00",2914369.68,4999131.69
"2021-02-25 00:00:00",2399423.95,3371068.82
"2021-02-26 00:00:00",2216629.12,4184570.69
"2021-02-27 00:00:00",3519963.82,5366342.73
"2021-02-28 00:00:00",2664049,4480506.06
"2021-03-01 00:00:00",6264031.06,3892635.48
"2021-03-02 00:00:00",4275395.61,7123784.93
"2021-03-03 00:00:00",2866366.91,6622187.91
"2021-03-04 00:00:00",3350039.16,4009151.23
"2021-03-05 00:00:00",3050721.25,5363035.15
"2021-03-06 00:00:00",2560752.69,3670642.14
"2021-03-07 00:00:00",3508917.89,3404987.53
"2021-03-08 00:00:00",5271538.11,5338821.04
"2021-03-09 00:00:00",5860884.13,5103250.13
"2021-03-10 00:00:00",4636790.99,4818871.63
"2021-03-11 00:00:00",4105535.29,25494487
"2021-03-12 00:00:00",4612880.71,12106437.93
"2021-03-13 00:00:00",7684880.99,8019767.7
"2021-03-14 00:00:00",5800719.14,9434573.78
"2021-03-15 00:00:00",3671406.64,6804438.35
"2021-03-16 00:00:00",3550476.78,6864055.47
"2021-03-17 00:00:00",4869036.39,7127094.32
"2021-03-18 00:00:00",3832930.99,6527581.74
"2021-03-19 00:00:00",3618117.24,4343464.85
"2021-03-20 00:00:00",4863283.14,5125001.02
"2021-03-21 00:00:00",5936977.46,7233760.05
"2021-03-22 00:00:00",2305700.17,5692682.09
"2021-03-23 00:00:00",1962552.7,5057641.42
"2021-03-24 00:00:00",1845596.91,5325645.21
"2021-03-25 00:00:00",2713466.74,2717703.74
"2021-03-26 00:00:00",3772999.64,3089077.15
"2021-03-27 00:00:00",3053607.39,3548039.02
"2021-03-28 00:00:00",2715983.47,4650125.47
"2021-03-29 00:00:00",3003264.7,4167194.41
"2021-03-30 00:00:00",3748771.66,4668337.63
"2021-03-31 00:00:00",2406953.43,3870530.85
"2021-04-01 00:00:00",3901217.51,3623176.7
"2021-04-02 00:00:00",3171161.49,2388453.45
"2021-04-03 00:00:00",3475102.89,2503052.47
"2021-04-04 00:00:00",2118655.78,2348353.64
"2021-04-05 00:00:00",2614120.53,3800734.08
"2021-04-06 00:00:00",2542110.12,2739945.19
"2021-04-07 00:00:00",2241503.48,2121133.01
"2021-04-08 00:00:00",3232471.43,10576509.91
"2021-04-09 00:00:00",4393137.74,6187758.86
"2021-04-10 00:00:00",3413928.93,4193304.29
"2021-04-11 00:00:00",3444971.19,21899204.4
"2021-04-12 00:00:00",2170309.2,5508046.42
"2021-04-13 00:00:00",2012931.67,6817749.79
"2021-04-14 00:00:00",9810455.31,4865501.96
"2021-04-15 00:00:00",5132805.82,5122629.42
"2021-04-16 00:00:00",7787191.87,5038289.03
"2021-04-17 00:00:00",3364004.09,4113467.19
"2021-04-18 00:00:00",2075063.53,3898339.25
"2021-04-19 00:00:00",2273768.73,4342862.08
"2021-04-20 00:00:00",2151144.66,3442180.78
"2021-04-21 00:00:00",2700944.89,3164478.03
"2021-04-22 00:00:00",2443248.48,3592952.9
"2021-04-23 00:00:00",2502719.19,3385799.55
"2021-04-24 00:00:00",1648686.42,2777234.4
"2021-04-25 00:00:00",1098541.28,2172438.75
"2021-04-26 00:00:00",1710361.45,3212435.03
"2021-04-27 00:00:00",3199943.44,6628300.18
"2021-04-28 00:00:00",2484696.23,3585609.63
"2021-04-29 00:00:00",1864137.47,2583835.06
"2021-04-30 00:00:00",2143517.78,4308095.58
"2021-05-01 00:00:00",4439104.92,5691167.73
"2021-05-02 00:00:00",2025553.99,9171320.45
"2021-05-03 00:00:00",79538387.49,27938961.26
"2021-05-04 00:00:00",5581576.2,26181118.91
"2021-05-05 00:00:00",4827626.09,10551811.91
"2021-05-06 00:00:00",3648240.61,7538335.03
"2021-05-07 00:00:00",2866661.4,5577205.46
"2021-05-08 00:00:00",2932153.67,8692211.66
"2021-05-09 00:00:00",2633735.15,7551619.91
"2021-05-10 00:00:00",2082464.09,5829960.91
"2021-05-11 00:00:00",7291891.08,4784610.78
"2021-05-12 00:00:00",18526734.15,4365099.38
"2021-05-13 00:00:00",9176596.27,5023388.7
"2021-05-14 00:00:00",9660927.63,4596494.73
"2021-05-15 00:00:00",4903318.32,3910403.37
"2021-05-16 00:00:00",5355179.49,2465527.62
"2021-05-17 00:00:00",2588827.58,2231467.99
"2021-05-18 00:00:00",2914065.78,3328176.32
"2021-05-19 00:00:00",1705905.4,1647989.51
"2021-05-20 00:00:00",2360400.9,1780002.45
"2021-05-21 00:00:00",2899774.76,1928743.81
"2021-05-22 00:00:00",4425251.69,2579527.81
"2021-05-23 00:00:00",2608797.63,2056207.55
"2021-05-24 00:00:00",2574314.84,3621812.69
"2021-05-25 00:00:00",2420728.91,2497799.17
"2021-05-26 00:00:00",2782818.19,2443994.98
"2021-05-27 00:00:00",5446974,2099469.71
"2021-05-28 00:00:00",3722415.05,2989083.61
"2021-05-29 00:00:00",3673984.8,2821166.25
"2021-05-30 00:00:00",2272267.24,3943559.72
"2021-05-31 00:00:00",3106917.91,3842465.99
"2021-06-01 00:00:00",3948795.64,5053308.84
"2021-06-02 00:00:00",2378659.51,3833689.5
"2021-06-03 00:00:00",2579243.95,3494271.63
"2021-06-04 00:00:00",3068256.11,3217937.07
"2021-06-05 00:00:00",2770582.65,3634454.58
"2021-06-06 00:00:00",2876294.75,4539134.87
"2021-06-07 00:00:00",2457795.97,6540349.41
"2021-06-08 00:00:00",2958169.41,4843804.73
"2021-06-09 00:00:00",2970652.67,3683201.28
"2021-06-10 00:00:00",3300417.95,4194619.09
"2021-06-11 00:00:00",8616326.96,4655418.82
"2021-06-12 00:00:00",3024036.51,3547890.87
"2021-06-13 00:00:00",2888684.93,3430040.98
"2021-06-14 00:00:00",4419773.3,3529807.84
"2021-06-15 00:00:00",6007559.47,6176958.57
"2021-06-16 00:00:00",3582315.48,5101525.06
"2021-06-17 00:00:00",4258700.75,4903279.49
"2021-06-18 00:00:00",3800697.05,5282623.17
"2021-06-19 00:00:00",4227774.91,6648732.39
"2021-06-20 00:00:00",5970877.43,11073773.97
"2021-06-21 00:00:00",5290924.98,10736382.28
"2021-06-22 00:00:00",3722355.03,5834597.87
"2021-06-23 00:00:00",4451830.2,5823966.1
"2021-06-24 00:00:00",5502231.27,5860047
"2021-06-25 00:00:00",8402493.49,7448316.19
"2021-06-26 00:00:00",6482084.46,7047033.74
"2021-06-27 00:00:00",7676068.82,8262365.51
"2021-06-28 00:00:00",5992287.78,8584375.61
"2021-06-29 00:00:00",6847161.79,8656051.63
"2021-06-30 00:00:00",11569886,7534620.64
"2021-07-01 00:00:00",8320264.49,8672476.1
"2021-07-02 00:00:00",8169786.37,8076479.7
"2021-07-03 00:00:00",9169042.88,8573681.68
"2021-07-04 00:00:00",8721624.2,13191622.83
"2021-07-05 00:00:00",9718871.12,11188080.32
"2021-07-06 00:00:00",8861955.6,13619724.97
"2021-07-07 00:00:00",9892857.08,14022321.8
"2021-07-08 00:00:00",12450296.66,13509010.86
"2021-07-09 00:00:00",10283358,14165994.53
"2021-07-10 00:00:00",8093109.72,14551032.05
"2021-07-11 00:00:00",7994536.51,13476503.13
"2021-07-12 00:00:00",5399661.27,12348690.28
"2021-07-13 00:00:00",6495054.9,14609013.26
"2021-07-14 00:00:00",8720711.66,17662712.75
"2021-07-15 00:00:00",18011329.55,30025996.32
"2021-07-16 00:00:00",14819927.77,28071786.58
"2021-07-17 00:00:00",10906284.56,26458068.52
"2021-07-18 00:00:00",7477190.08,17978058.66
"2021-07-19 00:00:00",8545773.83,19390199.66
"2021-07-20 00:00:00",9612060.64,16125638.81
"2021-07-21 00:00:00",9662453.37,15386720.61
"2021-07-22 00:00:00",11169773.11,13942718.37
"2021-07-23 00:00:00",18892621.41,21620567.41
"2021-07-24 00:00:00",16859631.55,20247881.7
"2021-07-25 00:00:00",19845286.5,20906441.33
"2021-07-26 00:00:00",17052023.94,22524706.13
"2021-07-27 00:00:00",17197671.94,17797379.04
"2021-07-28 00:00:00",22618346,19959965.78
"2021-07-29 00:00:00",24811744.02,29384623.67
"2021-07-30 00:00:00",25414366.58,53704337.37
"2021-07-31 00:00:00",29754018.11,78148269.51
"2021-08-01 00:00:00",30701365.92,83120832.13
"2021-08-02 00:00:00",21890441.67,40411976.06
"2021-08-03 00:00:00",26575458,59452412.34
"2021-08-04 00:00:00",24974006.47,90953008.44
"2021-08-05 00:00:00",26002105.59,94219846.51
"2021-08-06 00:00:00",33328952.17,114828973.74
"2021-08-07 00:00:00",33233064.08,72758255.64
"2021-08-08 00:00:00",35525760.21,84771430.48
"2021-08-09 00:00:00",40446893.17,83745156.42
"2021-08-10 00:00:00",27640378.48,82194151.84
"2021-08-11 00:00:00",26621699.05,77417239.28
"2021-08-12 00:00:00",20097000.52,68920594.6
"2021-08-13 00:00:00",19563699.53,69746895.47
"2021-08-14 00:00:00",18027727.91,79184637.21
"2021-08-15 00:00:00",25369496.19,72765210.56
"2021-08-16 00:00:00",19430821.23,63299407.28
"2021-08-17 00:00:00",24197688.15,52925443.41
"2021-08-18 00:00:00",24829631.73,55080582.09
"2021-08-19 00:00:00",19452752.54,47477835.96
"2021-08-20 00:00:00",25882526.45,88293615.34
"2021-08-21 00:00:00",26904955.29,118652123.96
"2021-08-22 00:00:00",21514477.87,117701833.92
"2021-08-23 00:00:00",40796397.65,242950373.97
"2021-08-24 00:00:00",27224306.5,199401582.77
"2021-08-25 00:00:00",35176683.8,149544112.36
"2021-08-26 00:00:00",30301763.61,142759717.93
"2021-08-27 00:00:00",55409868.1,192777573.67
"2021-08-28 00:00:00",55251379.72,323374403.04
"2021-08-29 00:00:00",129045008.62,299300068.26
"2021-08-30 00:00:00",38089204.03,221591798.31
"2021-08-31 00:00:00",33667508.05,153426932.46
"2021-09-01 00:00:00",38025599.68,144400623.27
"2021-09-02 00:00:00",33961990.95,126223196.05
"2021-09-03 00:00:00",46707402.14,113871489.72
"2021-09-04 00:00:00",33127214.73,100134651.1
"2021-09-05 00:00:00",31764410.11,89172002.87
"2021-09-06 00:00:00",28669807.68,93921483.64
"2021-09-07 00:00:00",22910768.49,80526071.71
"2021-09-08 00:00:00",18099921.33,73526064.52
"2021-09-09 00:00:00",23088976.33,81594683.81
"2021-09-10 00:00:00",17873442.62,57656129.54
"2021-09-11 00:00:00",18120920.19,49811035.14
"2021-09-12 00:00:00",22327689.29,47545549.65
"2021-09-13 00:00:00",23909135.3,74642382.58
"2021-09-14 00:00:00",19970068.54,71444525.01
"2021-09-15 00:00:00",24179363.94,83884485.9
"2021-09-16 00:00:00",24766723.82,114114819.87
"2021-09-17 00:00:00",22170004.57,58547755.88
"2021-09-18 00:00:00",21159124.18,77754123.69
"2021-09-19 00:00:00",16919734.83,70000755.63
"2021-09-20 00:00:00",16927692.63,54754707.36
"2021-09-21 00:00:00",18930801.77,54842741.3
"2021-09-22 00:00:00",16012143.19,46535395.69
"2021-09-23 00:00:00",22282532.8,81707952.57
"2021-09-24 00:00:00",18134781.35,70460984.03
"2021-09-25 00:00:00",16002689.39,69992573.09
"2021-09-26 00:00:00",20222778.56,78828488.65
"2021-09-27 00:00:00",32153305.59,102647638.01
"2021-09-28 00:00:00",27462001.61,94537731.44
"2021-09-29 00:00:00",13185050.06,77231278.32
"2021-09-30 00:00:00",21835208.16,92263803.41
"2021-10-01 00:00:00",26163901.39,90665116.66
"2021-10-02 00:00:00",22272713.45,86823898.75
"2021-10-03 00:00:00",23986308.09,103945235.48
"2021-10-04 00:00:00",30081663.94,131823438.27
"2021-10-05 00:00:00",21701218.75,114744915.75
"2021-10-06 00:00:00",27649208.7,93700383.17
"2021-10-07 00:00:00",25503136.56,113941634
"2021-10-08 00:00:00",27069886.7,103001334.87
"2021-10-09 00:00:00",17606994.84,75230887.97
"2021-10-10 00:00:00",24908173.49,75846251.76
"2021-10-11 00:00:00",21245932.16,69741120.99
"2021-10-12 00:00:00",20596931.53,74997147.58
"2021-10-13 00:00:00",31903420.97,95845389.88
"2021-10-14 00:00:00",27827006.94,75374906.09
"2021-10-15 00:00:00",31049183.42,83284976.13
"2021-10-16 00:00:00",33902037.34,68575140.32
"2021-10-17 00:00:00",33381204.92,75738685.27
"2021-10-18 00:00:00",44147618.39,85148894.71
"2021-10-19 00:00:00",17810741.65,67621158.04
"2021-10-20 00:00:00",17323740.58,63279969.31
"2021-10-21 00:00:00",29116780.8,66886405.91
"2021-10-22 00:00:00",33066779.7,76756352.42
"2021-10-23 00:00:00",20999230.76,84879776.21
"2021-10-24 00:00:00",19865351.98,61187460.69
"2021-10-25 00:00:00",15596663.88,66296505.48
"2021-10-26 00:00:00",18654164.64,56115878.88
"2021-10-27 00:00:00",18626617.1,53026872.21
"2021-10-28 00:00:00",26088589.41,60437598.16
"2021-10-29 00:00:00",23557974.06,64464400.36
"2021-10-30 00:00:00",19558224.65,52928229.27
"2021-10-31 00:00:00",16507962.78,55668410.92
"2021-11-01 00:00:00",14376266.59,55411225.08
"2021-11-02 00:00:00",23629853.43,57170547.74
"2021-11-03 00:00:00",25286764.53,59703472.94
"2021-11-04 00:00:00",14505133.23,75620832.91
"2021-11-05 00:00:00",25799797.42,68737585.06
"2021-11-06 00:00:00",20007881.51,64505081.53
"2021-11-07 00:00:00",23359108.41,68049767.21
"2021-11-08 00:00:00",36909600.31,77476149.91
"2021-11-09 00:00:00",16653732.46,62393322.53
"2021-11-10 00:00:00",18561488.13,70459033.96
"2021-11-11 00:00:00",18757363.46,66376100.59
"2021-11-12 00:00:00",16441800.63,69858640
"2021-11-13 00:00:00",26017249.25,118040254.11
"2021-11-14 00:00:00",22385763.01,120177972.28
"2021-11-15 00:00:00",25906388.72,111707201.95
"2021-11-16 00:00:00",17555178.5,113211645.29
"2021-11-17 00:00:00",21571826.13,110651679.21
"2021-11-18 00:00:00",21675154.35,100304404.52
"2021-11-19 00:00:00",20431556.74,91125119.48
"2021-11-20 00:00:00",24315884.39,87876174.95
"2021-11-21 00:00:00",17129424.54,96022006.67
"2021-11-22 00:00:00",36178917.59,101360362.29
"2021-11-23 00:00:00",25501372.99,76255751.96
"2021-11-24 00:00:00",25753661.94,88178251.88
"2021-11-25 00:00:00",35163372.98,77054418.7
"2021-11-26 00:00:00",17139051.45,66711696.93
"2021-11-27 00:00:00",20717320.56,81823177.06
"2021-11-28 00:00:00",29353649.14,78190604.37
"2021-11-29 00:00:00",33689512.49,89474155.58
"2021-11-30 00:00:00",28864508.62,77093627.71
"2021-12-01 00:00:00",25530979.44,94606076.79
"2021-12-02 00:00:00",22596227.48,77191539.44
"2021-12-03 00:00:00",20337275.72,81540424.81
"2021-12-04 00:00:00",19661930.94,59697502.18
"2021-12-05 00:00:00",24804142.76,63582297.34
"2021-12-06 00:00:00",18588886.8,66314870.56
"2021-12-07 00:00:00",23445109.58,64612139.2
"2021-12-08 00:00:00",19947319.17,69614747.84
"2021-12-09 00:00:00",27635586.61,84222469.19
"2021-12-10 00:00:00",20572031.21,67314030.02
"2021-12-11 00:00:00",43860872.07,56936566.24
"2021-12-12 00:00:00",31676982.57,48889850.05
"2021-12-13 00:00:00",60483515.53,72212317.69
"2021-12-14 00:00:00",42451313.91,76060470.99
"2021-12-15 00:00:00",21510535.29,65261244.07
"2021-12-16 00:00:00",30617699.49,68749121.96
"2021-12-17 00:00:00",29057926.24,60138637.66
"2021-12-18 00:00:00",25123339.87,48012235.59
"2021-12-19 00:00:00",11672333.61,45491462.27
"2021-12-20 00:00:00",14370577.89,42145119.87
"2021-12-21 00:00:00",11892202.45,47277726.88
"2021-12-22 00:00:00",17951417.85,51839136.96
"2021-12-23 00:00:00",19807846.38,61253106.36
"2021-12-24 00:00:00",17227511.45,68723455.17
"2021-12-25 00:00:00",9655469.42,46322682.36
"2021-12-26 00:00:00",15433120.61,76264819.3
"2021-12-27 00:00:00",15930806.19,98659444.9
"2021-12-28 00:00:00",22975120.51,74290884.83
"2021-12-29 00:00:00",18383504.39,74343325.71
"2021-12-30 00:00:00",16723476.14,85700688.18
"2021-12-31 00:00:00",15499412.99,94423976.74
"2022-01-01 00:00:00",22295747.64,124199796.89
"2022-01-02 00:00:00",15459405.38,159157376.93
"2022-01-03 00:00:00",22684941.24,142241645.81
"2022-01-04 00:00:00",30464209.72,137590738.07
"2022-01-05 00:00:00",19814098.94,122808482.24
"2022-01-06 00:00:00",22096668.59,106255396.66
"2022-01-07 00:00:00",19000636.79,98919342.9
"2022-01-08 00:00:00",13251782.58,119002069.94
"2022-01-09 00:00:00",12884771.44,154447914.66
"2022-01-10 00:00:00",17741290.09,91896968.43
"2022-01-11 00:00:00",15961561.69,89985517.75
"2022-01-12 00:00:00",48447037.51,114608403.61
"2022-01-13 00:00:00",21849618.39,114928303.64
"2022-01-14 00:00:00",22174512.14,115443942.33
"2022-01-15 00:00:00",14228025.18,128119153.38
"2022-01-16 00:00:00",26521684.3,129383210.37
"2022-01-17 00:00:00",14489386.37,94205075.27
"2022-01-18 00:00:00",17176112.24,85959202.04
"2022-01-19 00:00:00",43129160.26,119938743.48
"2022-01-20 00:00:00",43541470.5,146318554.39
"2022-01-21 00:00:00",16939992.65,132556473.74
"2022-01-22 00:00:00",15190748.94,79170242.86
"2022-01-23 00:00:00",15679890.3,91638982.62
"2022-01-24 00:00:00",14283557.15,77589499.94
"2022-01-25 00:00:00",46659522.64,143894536.55
"2022-01-26 00:00:00",28879944.99,171816324.37
"2022-01-27 00:00:00",28393701.39,178474803.22
"2022-01-28 00:00:00",23740543.25,119498018.08
"2022-01-29 00:00:00",25599736.64,133944499.39
"2022-01-30 00:00:00",24015005.35,165372807.14
"2022-01-31 00:00:00",43704591.93,173019194.99
"2022-02-01 00:00:00",37065056.38,180712503.3
"2022-02-02 00:00:00",28021957.45,133687086.05
"2022-02-03 00:00:00",34715718.32,113376003.98
"2022-02-04 00:00:00",13142598.47,127045732.93
"2022-02-05 00:00:00",10792198.13,92787389.69
"2022-02-06 00:00:00",11413336.49,80436589.74
"2022-02-07 00:00:00",94614978.05,121795791.54
"2022-02-08 00:00:00",13547085.43,87630664.36
"2022-02-09 00:00:00",16254800.74,96976457.64
"2022-02-10 00:00:00",19536754.21,95961345.49
"2022-02-11 00:00:00",10485737.02,102565552.92
"2022-02-12 00:00:00",17844355.97,219697731.52
"2022-02-13 00:00:00",11633036.38,184991262.7
"2022-02-14 00:00:00",9519299.08,73531582.61
"2022-02-15 00:00:00",6249763.15,83856550.01
"2022-02-16 00:00:00",6787900.07,75544773.02
"2022-02-17 00:00:00",6161734.55,61753482.7
"2022-02-18 00:00:00",5042444.83,63302201.83
"2022-02-19 00:00:00",7094190.32,49775841.22
"2022-02-20 00:00:00",12057965.33,53264106.5
"2022-02-21 00:00:00",10224273.28,75618288.52
"2022-02-22 00:00:00",13678480.15,68453871.73
"2022-02-23 00:00:00",14962730.33,89319782.72
"2022-02-24 00:00:00",6022064.5,82539659.4
"2022-02-25 00:00:00",6656391.01,78819539.71
"2022-02-26 00:00:00",10532000.93,62157661.06
"2022-02-27 00:00:00",4320060.29,70174543.74
"2022-02-28 00:00:00",6610059.72,47886701.67
"2022-03-01 00:00:00",4803607.97,39540920.99
"2022-03-02 00:00:00",7322217.01,50965456.95
"2022-03-03 00:00:00",7511741.11,46451324.1
"2022-03-04 00:00:00",11852524.59,51544270.43
"2022-03-05 00:00:00",7241982.83,45467839.21
"2022-03-06 00:00:00",3071747.89,32799089.39
"2022-03-07 00:00:00",3616467.51,39079581.67
"2022-03-08 00:00:00",3299152.32,43530131.8
"2022-03-09 00:00:00",3367494.87,38056141
"2022-03-10 00:00:00",3175577.13,37440056.58
"2022-03-11 00:00:00",6321381.36,55291696.45
"2022-03-12 00:00:00",3749186.9,56340835.17
"2022-03-13 00:00:00",3106634.48,48775813.99
"2022-03-14 00:00:00",2908125.53,34252360.75
"2022-03-15 00:00:00",3154664.18,40997643.03
"2022-03-16 00:00:00",4262991.26,60785640.44
"2022-03-17 00:00:00",8853334.09,116578115.08
"2022-03-18 00:00:00",7355385.33,93102790.36
"2022-03-19 00:00:00",6623629.87,93604004.66
"2022-03-20 00:00:00",4431203.08,65477406.65
"2022-03-21 00:00:00",7266509.39,53718958.74
"2022-03-22 00:00:00",4679529.69,45269022.48
"2022-03-23 00:00:00",3727739.12,57583405.55
"2022-03-24 00:00:00",5183051.2,69749650.84
"2022-03-25 00:00:00",7393480.67,59596774.58
"2022-03-26 00:00:00",7695472.98,48649677.53
"2022-03-27 00:00:00",6005011.51,50257378.16
"2022-03-28 00:00:00",4879926,49293343.6
"2022-03-29 00:00:00",4289129.91,45585983.64
"2022-03-30 00:00:00",10049338.77,59125397.97
"2022-03-31 00:00:00",5246785.05,66694795.87
"2022-04-01 00:00:00",4276886.61,79447229.35
"2022-04-02 00:00:00",7458941.52,109464418.41
"2022-04-03 00:00:00",15670029.07,121949287.29
"2022-04-04 00:00:00",8694387.74,98575202.09
"2022-04-05 00:00:00",5102103.99,74000664.69
"2022-04-06 00:00:00",7500993.51,55831759.96
"2022-04-07 00:00:00",12013956.4,61065000.97
"2022-04-08 00:00:00",5043858.7,44863059.4
"2022-04-09 00:00:00",5845923.7,47841185.6
"2022-04-10 00:00:00",4286906.57,44188476.19
"2022-04-11 00:00:00",3410910.15,42684366.78
"2022-04-12 00:00:00",3472053.64,42436435.07
"2022-04-13 00:00:00",6552160.11,53677562.82
"2022-04-14 00:00:00",7146125.89,54719016.58
"2022-04-15 00:00:00",4956959.59,43880483.49
"2022-04-16 00:00:00",70635917.73,142134385.68
"2022-04-17 00:00:00",6839517.29,109273976.12
"2022-04-18 00:00:00",10124984.98,95315575.66
"2022-04-19 00:00:00",7391938.29,94708862.07
"2022-04-20 00:00:00",6156533.28,92396515.06
"2022-04-21 00:00:00",6976793.46,97985924.86
"2022-04-22 00:00:00",8012985.92,78307526.2
"2022-04-23 00:00:00",11735862.23,80005680.74
"2022-04-24 00:00:00",12970457.52,92347717.09
"2022-04-25 00:00:00",24459101.61,86474926.38
"2022-04-26 00:00:00",20681442.44,84113687.56
"2022-04-27 00:00:00",11420317.4,72547387.73
"2022-04-28 00:00:00",22432308.96,73820780.41
"2022-04-29 00:00:00",9025448.83,82697390.3
"2022-04-30 00:00:00",6539628.31,93837795.36
"2022-05-01 00:00:00",367129299.65,444480312.65
"2022-05-02 00:00:00",30761658.49,259060380.65
"2022-05-03 00:00:00",14692597.42,132883328.85
"2022-05-04 00:00:00",24926217.78,136607519.58
"2022-05-05 00:00:00",55689310,143033685.74
"2022-05-06 00:00:00",18816558.56,105805627.25
"2022-05-07 00:00:00",11107117.89,83548977.97
"2022-05-08 00:00:00",5128935.74,52481931.16
"2022-05-09 00:00:00",7473420.57,76693878.8
"2022-05-10 00:00:00",8561006.7,123203090.54
"2022-05-11 00:00:00",8658339.67,69898149.57
"2022-05-12 00:00:00",6380715.57,57851647.14
"2022-05-13 00:00:00",7473171.61,72196127.06
"2022-05-14 00:00:00",3690967.11,61243732.96
"2022-05-15 00:00:00",3134523.52,32820693.07
"2022-05-16 00:00:00",2736542.7,31438649.93
"2022-05-17 00:00:00",2647266.56,32161218.81
"2022-05-18 00:00:00",6570728.97,36652999.02
"2022-05-19 00:00:00",4142984.89,34121169.07
"2022-05-20 00:00:00",4036357.21,45249289.8
"2022-05-21 00:00:00",3862551.44,30367187.66
"2022-05-22 00:00:00",2948000.14,32615678.23
"2022-05-23 00:00:00",2832573.88,31670452.25
"2022-05-24 00:00:00",2550938.07,27066469.13
"2022-05-25 00:00:00",3600906.57,31968781.33
"2022-05-26 00:00:00",3504248.94,40861030.36
"2022-05-27 00:00:00",4165139.2,32602115.98
"2022-05-28 00:00:00",3079485.28,24286770.06
"2022-05-29 00:00:00",2889183.89,26497494.49
"2022-05-30 00:00:00",1831298.4,29283147.08
"2022-05-31 00:00:00",3990528.03,38861420.84
"2022-06-01 00:00:00",2896020.33,38825232.53
"2022-06-02 00:00:00",2186674.17,30624199.76
"2022-06-03 00:00:00",3175574.33,34648171.44
"2022-06-04 00:00:00",3460130.66,30862458.72
"2022-06-05 00:00:00",3926011.45,28754959.71
"2022-06-06 00:00:00",3919079.34,32652834.21
"2022-06-07 00:00:00",2646851.81,39125834.72
"2022-06-08 00:00:00",4324069.64,40481410.94
"2022-06-09 00:00:00",2851161.37,31452979.68
"2022-06-10 00:00:00",2058603.87,32290081.82
"2022-06-11 00:00:00",1818496.88,32782446.52
"2022-06-12 00:00:00",1640962.34,31036824.58
"2022-06-13 00:00:00",2528195.89,37157774.76
"2022-06-14 00:00:00",1737478.56,38405918.05
"2022-06-15 00:00:00",1693778.38,30501509.05
"2022-06-16 00:00:00",1498350.56,28496968.94
"2022-06-17 00:00:00",1399481.79,25482901.13
"2022-06-18 00:00:00",2756210.91,31318181.28
"2022-06-19 00:00:00",1271940.35,36122422.83
"2022-06-20 00:00:00",1610784.34,34425464.7
"2022-06-21 00:00:00",1214646.27,32875110.08
"2022-06-22 00:00:00",1397296.49,33750157.57
"2022-06-23 00:00:00",1181725.18,27617910.42
"2022-06-24 00:00:00",1640845.81,32591530.03
"2022-06-25 00:00:00",2049885.47,32627322.44
"2022-06-26 00:00:00",1208610.6,34824140.27
"2022-06-27 00:00:00",1401313.22,30831317.18
"2022-06-28 00:00:00",2168682.16,36939955.92
"2022-06-29 00:00:00",7042922.7,28842891.13
"2022-06-30 00:00:00",6436704.72,30573847.92
"2022-07-01 00:00:00",2567818.08,30898591.63
"2022-07-02 00:00:00",989384.43,26010262.1
"2022-07-03 00:00:00",2656542.32,33333731.43
"2022-07-04 00:00:00",2318956.63,28674048.78
"2022-07-05 00:00:00",1700459.4,27567131.88
"2022-07-06 00:00:00",1229524.91,30372627.42
"2022-07-07 00:00:00",1287372.3,34029361.26
"2022-07-08 00:00:00",1468367.03,30848136.85
"2022-07-09 00:00:00",2168528.32,32416447.32
"2022-07-10 00:00:00",1583171.47,29723815.96
"2022-07-11 00:00:00",1613660.94,28433321.53
"2022-07-12 00:00:00",1768999.9,30306245.45
"2022-07-13 00:00:00",3318703.83,31976238.82
"2022-07-14 00:00:00",1511719.99,26630160.97
"2022-07-15 00:00:00",2434888.68,37865491.98
"2022-07-16 00:00:00",3160741.11,34855945.08
"2022-07-17 00:00:00",2663965.26,38498211.57
"2022-07-18 00:00:00",2014775.76,37607852.6
"2022-07-19 00:00:00",1432547.56,28518056.39
"2022-07-20 00:00:00",3319736.43,33507051.17
"2022-07-21 00:00:00",5127683.81,30849897.77
"2022-07-22 00:00:00",3717707.55,29725052.75
"2022-07-23 00:00:00",2405958.87,30215235.73
"2022-07-24 00:00:00",2992764.13,30666486.08
"2022-07-25 00:00:00",4874085.36,30648651.28
"2022-07-26 00:00:00",3306954.18,32599625.74
"2022-07-27 00:00:00",3002205.92,31987410.99
"2022-07-28 00:00:00",2305185.27,34267703.71
"2022-07-29 00:00:00",1665552.96,36056058.77
"2022-07-30 00:00:00",1266259.91,32335316.89
"2022-07-31 00:00:00",1056673.89,29912556.88
"2022-08-01 00:00:00",1793658.36,34718717.67
"2022-08-02 00:00:00",816315.66,34906585.24
"2022-08-03 00:00:00",5906812.15,31251300.58
"2022-08-04 00:00:00",1848098.13,30721821.18
"2022-08-05 00:00:00",8677135.23,35774725.01
"2022-08-06 00:00:00",2467280.17,34001484.24
"2022-08-07 00:00:00",1962324.19,33792952.65
"2022-08-08 00:00:00",1892851.57,32957517.85
"2022-08-09 00:00:00",1064000.39,36682108.91
"2022-08-10 00:00:00",2195778.76,34916633.9
"2022-08-11 00:00:00",1423170.43,35227942.72
"2022-08-12 00:00:00",1366905.38,32995983.26
"2022-08-13 00:00:00",915471.45,30405083.87
"2022-08-14 00:00:00",972703.75,30365432.32
"2022-08-15 00:00:00",1247945.79,32099442.06
"2022-08-16 00:00:00",1028115.19,23885230.56
"2022-08-17 00:00:00",1149226.28,26466955.9
"2022-08-18 00:00:00",975708.51,22802677.32
"2022-08-19 00:00:00",1242485.19,23941770.02
"2022-08-20 00:00:00",1081981.52,24737117.57
"2022-08-21 00:00:00",828293.19,25404638.85
"2022-08-22 00:00:00",1189539.29,24428686.77
"2022-08-23 00:00:00",968563.72,19684268.17
"2022-08-24 00:00:00",831111.88,18955354.44
"2022-08-25 00:00:00",1037865.08,19649277.82
"2022-08-26 00:00:00",791514.15,11802308.37
"2022-08-27 00:00:00",701674.82,15151440.72
"2022-08-28 00:00:00",709269.57,11016686.99
"2022-08-29 00:00:00",620463.47,10725259.83
"2022-08-30 00:00:00",789140.82,16828023.34
"2022-08-31 00:00:00",794951.07,13454257.32
"2022-09-01 00:00:00",682786.57,10651744.97
"2022-09-02 00:00:00",736145.07,11778754.78
"2022-09-03 00:00:00",716963.9,9319635.08
"2022-09-04 00:00:00",615933.77,9651445.07
"2022-09-05 00:00:00",585120.11,12299798.77
"2022-09-06 00:00:00",852500.26,12248769.07
"2022-09-07 00:00:00",1369131.97,12268582.54
"2022-09-08 00:00:00",2204482.83,14063734.33
"2022-09-09 00:00:00",904577.74,11609545.18
"2022-09-10 00:00:00",597045.11,3441301.94
"2022-09-11 00:00:00",533412.29,2598841.02
"2022-09-12 00:00:00",950756.72,8233559.06
"2022-09-13 00:00:00",796483.08,13923687.18
"2022-09-14 00:00:00",533087.01,10535789.79
"2022-09-15 00:00:00",580824.32,10589733.69
"2022-09-16 00:00:00",708164.88,10799698.53
"2022-09-17 00:00:00",546628.95,11279706.73
"2022-09-18 00:00:00",665788.46,9856973.38
"2022-09-19 00:00:00",737324.09,9770573.49
"2022-09-20 00:00:00",433573.29,11801246.96
"2022-09-21 00:00:00",1299403.11,12106016.74
"2022-09-22 00:00:00",929942.49,13414329.55
"2022-09-23 00:00:00",654657.5,13482749.42
"2022-09-24 00:00:00",675717.76,10866512.09
"2022-09-25 00:00:00",529659.43,7934059.8
"2022-09-26 00:00:00",623736.36,9357251.15
"2022-09-27 00:00:00",560815.29,12044100.55
"2022-09-28 00:00:00",828134.78,19191980.75
"2022-09-29 00:00:00",546131.09,14258110.11
"2022-09-30 00:00:00",962420.39,13610572.75
"2022-10-01 00:00:00",568507.9,15795584.94
"2022-10-02 00:00:00",546736.92,9662798.48
"2022-10-03 00:00:00",433590.5,11310867.14
"2022-10-04 00:00:00",557965.64,10155005.92
"2022-10-05 00:00:00",1372255.06,7573342.8
"2022-10-06 00:00:00",585534.7,11183109.76
"2022-10-07 00:00:00",935978.27,9744443.83
"2022-10-08 00:00:00",801181.68,8245839.21
"2022-10-09 00:00:00",1085130.86,7746495.41
"2022-10-10 00:00:00",933888.41,8144513.62
"2022-10-11 00:00:00",790412.69,9842715.15
"2022-10-12 00:00:00",868387.79,9520773.69
"2022-10-13 00:00:00",521961.11,10942790.2
"2022-10-14 00:00:00",730426.66,10062707.36
"2022-10-15 00:00:00",495140.07,8571812.36
"2022-10-16 00:00:00",230544.34,5369432.99
"2022-10-17 00:00:00",529166.8,9989129.06
"2022-10-18 00:00:00",580487,8758062.83
"2022-10-19 00:00:00",886544.5,8861703.2
"2022-10-20 00:00:00",499078.44,8284998.83
"2022-10-21 00:00:00",533563.26,10222994.84
"2022-10-22 00:00:00",464879.1,8774058.01
"2022-10-23 00:00:00",596396.37,8424938.69
"2022-10-24 00:00:00",527288.62,8642594.88
"2022-10-25 00:00:00",632663.34,10420753.32
"2022-10-26 00:00:00",720091.24,14428968.38
"2022-10-27 00:00:00",684105.76,15975770.44
"2022-10-28 00:00:00",517149.78,10712549.28
"2022-10-29 00:00:00",450631.17,9534550.57
"2022-10-30 00:00:00",534147.8,9763002.87
"2022-10-31 00:00:00",770358.11,14617085.41
"2022-11-01 00:00:00",603213.51,14454238.46
"2022-11-02 00:00:00",2624596.78,27456838.19
"2022-11-03 00:00:00",1112485.36,15949820.45
"2022-11-04 00:00:00",1091245.43,15731847.55
"2022-11-05 00:00:00",598608.41,11702467.44
"2022-11-06 07:44:42",627902.84
"2022-11-06 07:44:43",,11248914.91